nohup: 忽略输入
0.3 0
====================================================================================================
【model config】  model_name:resnet, width:0.4 , depth:2, param:8.48394MB
ResNet(
  (features): Sequential(
    (0): Sequential(
      (0): Conv2d(3, 64, kernel_size=(3, 3), stride=(1, 1), padding=(1, 1), bias=False)
      (1): BatchNorm2d(64, eps=1e-05, momentum=0.1, affine=True, track_running_stats=False)
      (2): ReLU()
    )
    (1): Sequential(
      (0): ResidualBlock(
        (left1): Sequential(
          (0): Conv2d(64, 96, kernel_size=(3, 3), stride=(1, 1), padding=(1, 1), bias=False)
          (1): BatchNorm2d(96, eps=1e-05, momentum=0.1, affine=True, track_running_stats=False)
          (2): ReLU(inplace=True)
        )
        (left2): Sequential(
          (0): Conv2d(96, 96, kernel_size=(3, 3), stride=(1, 1), padding=(1, 1), bias=False)
          (1): BatchNorm2d(96, eps=1e-05, momentum=0.1, affine=True, track_running_stats=False)
        )
        (shortcut): Sequential(
          (0): Conv2d(64, 96, kernel_size=(1, 1), stride=(1, 1), bias=False)
          (1): BatchNorm2d(96, eps=1e-05, momentum=0.1, affine=True, track_running_stats=False)
        )
        (relu): ReLU(inplace=True)
      )
      (1): ResidualBlock(
        (left1): Sequential(
          (0): Conv2d(96, 96, kernel_size=(3, 3), stride=(1, 1), padding=(1, 1), bias=False)
          (1): BatchNorm2d(96, eps=1e-05, momentum=0.1, affine=True, track_running_stats=False)
          (2): ReLU(inplace=True)
        )
        (left2): Sequential(
          (0): Conv2d(96, 96, kernel_size=(3, 3), stride=(1, 1), padding=(1, 1), bias=False)
          (1): BatchNorm2d(96, eps=1e-05, momentum=0.1, affine=True, track_running_stats=False)
        )
        (shortcut): Sequential()
        (relu): ReLU(inplace=True)
      )
    )
    (2): Sequential(
      (0): ResidualBlock(
        (left1): Sequential(
          (0): Conv2d(96, 51, kernel_size=(3, 3), stride=(2, 2), padding=(1, 1), bias=False)
          (1): BatchNorm2d(51, eps=1e-05, momentum=0.1, affine=True, track_running_stats=False)
          (2): ReLU(inplace=True)
        )
        (left2): Sequential(
          (0): Conv2d(51, 51, kernel_size=(3, 3), stride=(1, 1), padding=(1, 1), bias=False)
          (1): BatchNorm2d(51, eps=1e-05, momentum=0.1, affine=True, track_running_stats=False)
        )
        (shortcut): Sequential(
          (0): Conv2d(96, 51, kernel_size=(1, 1), stride=(2, 2), bias=False)
          (1): BatchNorm2d(51, eps=1e-05, momentum=0.1, affine=True, track_running_stats=False)
        )
        (relu): ReLU(inplace=True)
      )
      (1): ResidualBlock(
        (left1): Sequential(
          (0): Conv2d(51, 51, kernel_size=(3, 3), stride=(1, 1), padding=(1, 1), bias=False)
          (1): BatchNorm2d(51, eps=1e-05, momentum=0.1, affine=True, track_running_stats=False)
          (2): ReLU(inplace=True)
        )
        (left2): Sequential(
          (0): Conv2d(51, 51, kernel_size=(3, 3), stride=(1, 1), padding=(1, 1), bias=False)
          (1): BatchNorm2d(51, eps=1e-05, momentum=0.1, affine=True, track_running_stats=False)
        )
        (shortcut): Sequential()
        (relu): ReLU(inplace=True)
      )
    )
    (3): Sequential(
      (0): ResidualBlock(
        (left1): Sequential(
          (0): Conv2d(51, 102, kernel_size=(3, 3), stride=(2, 2), padding=(1, 1), bias=False)
          (1): BatchNorm2d(102, eps=1e-05, momentum=0.1, affine=True, track_running_stats=False)
          (2): ReLU(inplace=True)
        )
        (left2): Sequential(
          (0): Conv2d(102, 102, kernel_size=(3, 3), stride=(1, 1), padding=(1, 1), bias=False)
          (1): BatchNorm2d(102, eps=1e-05, momentum=0.1, affine=True, track_running_stats=False)
        )
        (shortcut): Sequential(
          (0): Conv2d(51, 102, kernel_size=(1, 1), stride=(2, 2), bias=False)
          (1): BatchNorm2d(102, eps=1e-05, momentum=0.1, affine=True, track_running_stats=False)
        )
        (relu): ReLU(inplace=True)
      )
      (1): ResidualBlock(
        (left1): Sequential(
          (0): Conv2d(102, 102, kernel_size=(3, 3), stride=(1, 1), padding=(1, 1), bias=False)
          (1): BatchNorm2d(102, eps=1e-05, momentum=0.1, affine=True, track_running_stats=False)
          (2): ReLU(inplace=True)
        )
        (left2): Sequential(
          (0): Conv2d(102, 102, kernel_size=(3, 3), stride=(1, 1), padding=(1, 1), bias=False)
          (1): BatchNorm2d(102, eps=1e-05, momentum=0.1, affine=True, track_running_stats=False)
        )
        (shortcut): Sequential()
        (relu): ReLU(inplace=True)
      )
    )
    (4): Sequential(
      (0): ResidualBlock(
        (left1): Sequential(
          (0): Conv2d(102, 204, kernel_size=(3, 3), stride=(2, 2), padding=(1, 1), bias=False)
          (1): BatchNorm2d(204, eps=1e-05, momentum=0.1, affine=True, track_running_stats=False)
          (2): ReLU(inplace=True)
        )
        (left2): Sequential(
          (0): Conv2d(204, 204, kernel_size=(3, 3), stride=(1, 1), padding=(1, 1), bias=False)
          (1): BatchNorm2d(204, eps=1e-05, momentum=0.1, affine=True, track_running_stats=False)
        )
        (shortcut): Sequential(
          (0): Conv2d(102, 204, kernel_size=(1, 1), stride=(2, 2), bias=False)
          (1): BatchNorm2d(204, eps=1e-05, momentum=0.1, affine=True, track_running_stats=False)
        )
        (relu): ReLU(inplace=True)
      )
      (1): ResidualBlock(
        (left1): Sequential(
          (0): Conv2d(204, 204, kernel_size=(3, 3), stride=(1, 1), padding=(1, 1), bias=False)
          (1): BatchNorm2d(204, eps=1e-05, momentum=0.1, affine=True, track_running_stats=False)
          (2): ReLU(inplace=True)
        )
        (left2): Sequential(
          (0): Conv2d(204, 204, kernel_size=(3, 3), stride=(1, 1), padding=(1, 1), bias=False)
          (1): BatchNorm2d(204, eps=1e-05, momentum=0.1, affine=True, track_running_stats=False)
        )
        (shortcut): Sequential()
        (relu): ReLU(inplace=True)
      )
    )
  )
  (classifier): Linear(in_features=204, out_features=100, bias=True)
)
====================================================================================================
【model config】  model_name:resnet, width:0.4 , depth:3, param:10.585424MB
ResNet(
  (features): Sequential(
    (0): Sequential(
      (0): Conv2d(3, 64, kernel_size=(3, 3), stride=(1, 1), padding=(1, 1), bias=False)
      (1): BatchNorm2d(64, eps=1e-05, momentum=0.1, affine=True, track_running_stats=False)
      (2): ReLU()
    )
    (1): Sequential(
      (0): ResidualBlock(
        (left1): Sequential(
          (0): Conv2d(64, 96, kernel_size=(3, 3), stride=(1, 1), padding=(1, 1), bias=False)
          (1): BatchNorm2d(96, eps=1e-05, momentum=0.1, affine=True, track_running_stats=False)
          (2): ReLU(inplace=True)
        )
        (left2): Sequential(
          (0): Conv2d(96, 96, kernel_size=(3, 3), stride=(1, 1), padding=(1, 1), bias=False)
          (1): BatchNorm2d(96, eps=1e-05, momentum=0.1, affine=True, track_running_stats=False)
        )
        (shortcut): Sequential(
          (0): Conv2d(64, 96, kernel_size=(1, 1), stride=(1, 1), bias=False)
          (1): BatchNorm2d(96, eps=1e-05, momentum=0.1, affine=True, track_running_stats=False)
        )
        (relu): ReLU(inplace=True)
      )
      (1): ResidualBlock(
        (left1): Sequential(
          (0): Conv2d(96, 96, kernel_size=(3, 3), stride=(1, 1), padding=(1, 1), bias=False)
          (1): BatchNorm2d(96, eps=1e-05, momentum=0.1, affine=True, track_running_stats=False)
          (2): ReLU(inplace=True)
        )
        (left2): Sequential(
          (0): Conv2d(96, 96, kernel_size=(3, 3), stride=(1, 1), padding=(1, 1), bias=False)
          (1): BatchNorm2d(96, eps=1e-05, momentum=0.1, affine=True, track_running_stats=False)
        )
        (shortcut): Sequential()
        (relu): ReLU(inplace=True)
      )
    )
    (2): Sequential(
      (0): ResidualBlock(
        (left1): Sequential(
          (0): Conv2d(96, 128, kernel_size=(3, 3), stride=(2, 2), padding=(1, 1), bias=False)
          (1): BatchNorm2d(128, eps=1e-05, momentum=0.1, affine=True, track_running_stats=False)
          (2): ReLU(inplace=True)
        )
        (left2): Sequential(
          (0): Conv2d(128, 128, kernel_size=(3, 3), stride=(1, 1), padding=(1, 1), bias=False)
          (1): BatchNorm2d(128, eps=1e-05, momentum=0.1, affine=True, track_running_stats=False)
        )
        (shortcut): Sequential(
          (0): Conv2d(96, 128, kernel_size=(1, 1), stride=(2, 2), bias=False)
          (1): BatchNorm2d(128, eps=1e-05, momentum=0.1, affine=True, track_running_stats=False)
        )
        (relu): ReLU(inplace=True)
      )
      (1): ResidualBlock(
        (left1): Sequential(
          (0): Conv2d(128, 128, kernel_size=(3, 3), stride=(1, 1), padding=(1, 1), bias=False)
          (1): BatchNorm2d(128, eps=1e-05, momentum=0.1, affine=True, track_running_stats=False)
          (2): ReLU(inplace=True)
        )
        (left2): Sequential(
          (0): Conv2d(128, 128, kernel_size=(3, 3), stride=(1, 1), padding=(1, 1), bias=False)
          (1): BatchNorm2d(128, eps=1e-05, momentum=0.1, affine=True, track_running_stats=False)
        )
        (shortcut): Sequential()
        (relu): ReLU(inplace=True)
      )
    )
    (3): Sequential(
      (0): ResidualBlock(
        (left1): Sequential(
          (0): Conv2d(128, 102, kernel_size=(3, 3), stride=(2, 2), padding=(1, 1), bias=False)
          (1): BatchNorm2d(102, eps=1e-05, momentum=0.1, affine=True, track_running_stats=False)
          (2): ReLU(inplace=True)
        )
        (left2): Sequential(
          (0): Conv2d(102, 102, kernel_size=(3, 3), stride=(1, 1), padding=(1, 1), bias=False)
          (1): BatchNorm2d(102, eps=1e-05, momentum=0.1, affine=True, track_running_stats=False)
        )
        (shortcut): Sequential(
          (0): Conv2d(128, 102, kernel_size=(1, 1), stride=(2, 2), bias=False)
          (1): BatchNorm2d(102, eps=1e-05, momentum=0.1, affine=True, track_running_stats=False)
        )
        (relu): ReLU(inplace=True)
      )
      (1): ResidualBlock(
        (left1): Sequential(
          (0): Conv2d(102, 102, kernel_size=(3, 3), stride=(1, 1), padding=(1, 1), bias=False)
          (1): BatchNorm2d(102, eps=1e-05, momentum=0.1, affine=True, track_running_stats=False)
          (2): ReLU(inplace=True)
        )
        (left2): Sequential(
          (0): Conv2d(102, 102, kernel_size=(3, 3), stride=(1, 1), padding=(1, 1), bias=False)
          (1): BatchNorm2d(102, eps=1e-05, momentum=0.1, affine=True, track_running_stats=False)
        )
        (shortcut): Sequential()
        (relu): ReLU(inplace=True)
      )
    )
    (4): Sequential(
      (0): ResidualBlock(
        (left1): Sequential(
          (0): Conv2d(102, 204, kernel_size=(3, 3), stride=(2, 2), padding=(1, 1), bias=False)
          (1): BatchNorm2d(204, eps=1e-05, momentum=0.1, affine=True, track_running_stats=False)
          (2): ReLU(inplace=True)
        )
        (left2): Sequential(
          (0): Conv2d(204, 204, kernel_size=(3, 3), stride=(1, 1), padding=(1, 1), bias=False)
          (1): BatchNorm2d(204, eps=1e-05, momentum=0.1, affine=True, track_running_stats=False)
        )
        (shortcut): Sequential(
          (0): Conv2d(102, 204, kernel_size=(1, 1), stride=(2, 2), bias=False)
          (1): BatchNorm2d(204, eps=1e-05, momentum=0.1, affine=True, track_running_stats=False)
        )
        (relu): ReLU(inplace=True)
      )
      (1): ResidualBlock(
        (left1): Sequential(
          (0): Conv2d(204, 204, kernel_size=(3, 3), stride=(1, 1), padding=(1, 1), bias=False)
          (1): BatchNorm2d(204, eps=1e-05, momentum=0.1, affine=True, track_running_stats=False)
          (2): ReLU(inplace=True)
        )
        (left2): Sequential(
          (0): Conv2d(204, 204, kernel_size=(3, 3), stride=(1, 1), padding=(1, 1), bias=False)
          (1): BatchNorm2d(204, eps=1e-05, momentum=0.1, affine=True, track_running_stats=False)
        )
        (shortcut): Sequential()
        (relu): ReLU(inplace=True)
      )
    )
  )
  (classifier): Linear(in_features=204, out_features=100, bias=True)
)
====================================================================================================
【model config】  model_name:resnet, width:0.4 , depth:4, param:18.59096MB
ResNet(
  (features): Sequential(
    (0): Sequential(
      (0): Conv2d(3, 64, kernel_size=(3, 3), stride=(1, 1), padding=(1, 1), bias=False)
      (1): BatchNorm2d(64, eps=1e-05, momentum=0.1, affine=True, track_running_stats=False)
      (2): ReLU()
    )
    (1): Sequential(
      (0): ResidualBlock(
        (left1): Sequential(
          (0): Conv2d(64, 96, kernel_size=(3, 3), stride=(1, 1), padding=(1, 1), bias=False)
          (1): BatchNorm2d(96, eps=1e-05, momentum=0.1, affine=True, track_running_stats=False)
          (2): ReLU(inplace=True)
        )
        (left2): Sequential(
          (0): Conv2d(96, 96, kernel_size=(3, 3), stride=(1, 1), padding=(1, 1), bias=False)
          (1): BatchNorm2d(96, eps=1e-05, momentum=0.1, affine=True, track_running_stats=False)
        )
        (shortcut): Sequential(
          (0): Conv2d(64, 96, kernel_size=(1, 1), stride=(1, 1), bias=False)
          (1): BatchNorm2d(96, eps=1e-05, momentum=0.1, affine=True, track_running_stats=False)
        )
        (relu): ReLU(inplace=True)
      )
      (1): ResidualBlock(
        (left1): Sequential(
          (0): Conv2d(96, 96, kernel_size=(3, 3), stride=(1, 1), padding=(1, 1), bias=False)
          (1): BatchNorm2d(96, eps=1e-05, momentum=0.1, affine=True, track_running_stats=False)
          (2): ReLU(inplace=True)
        )
        (left2): Sequential(
          (0): Conv2d(96, 96, kernel_size=(3, 3), stride=(1, 1), padding=(1, 1), bias=False)
          (1): BatchNorm2d(96, eps=1e-05, momentum=0.1, affine=True, track_running_stats=False)
        )
        (shortcut): Sequential()
        (relu): ReLU(inplace=True)
      )
    )
    (2): Sequential(
      (0): ResidualBlock(
        (left1): Sequential(
          (0): Conv2d(96, 128, kernel_size=(3, 3), stride=(2, 2), padding=(1, 1), bias=False)
          (1): BatchNorm2d(128, eps=1e-05, momentum=0.1, affine=True, track_running_stats=False)
          (2): ReLU(inplace=True)
        )
        (left2): Sequential(
          (0): Conv2d(128, 128, kernel_size=(3, 3), stride=(1, 1), padding=(1, 1), bias=False)
          (1): BatchNorm2d(128, eps=1e-05, momentum=0.1, affine=True, track_running_stats=False)
        )
        (shortcut): Sequential(
          (0): Conv2d(96, 128, kernel_size=(1, 1), stride=(2, 2), bias=False)
          (1): BatchNorm2d(128, eps=1e-05, momentum=0.1, affine=True, track_running_stats=False)
        )
        (relu): ReLU(inplace=True)
      )
      (1): ResidualBlock(
        (left1): Sequential(
          (0): Conv2d(128, 128, kernel_size=(3, 3), stride=(1, 1), padding=(1, 1), bias=False)
          (1): BatchNorm2d(128, eps=1e-05, momentum=0.1, affine=True, track_running_stats=False)
          (2): ReLU(inplace=True)
        )
        (left2): Sequential(
          (0): Conv2d(128, 128, kernel_size=(3, 3), stride=(1, 1), padding=(1, 1), bias=False)
          (1): BatchNorm2d(128, eps=1e-05, momentum=0.1, affine=True, track_running_stats=False)
        )
        (shortcut): Sequential()
        (relu): ReLU(inplace=True)
      )
    )
    (3): Sequential(
      (0): ResidualBlock(
        (left1): Sequential(
          (0): Conv2d(128, 256, kernel_size=(3, 3), stride=(2, 2), padding=(1, 1), bias=False)
          (1): BatchNorm2d(256, eps=1e-05, momentum=0.1, affine=True, track_running_stats=False)
          (2): ReLU(inplace=True)
        )
        (left2): Sequential(
          (0): Conv2d(256, 256, kernel_size=(3, 3), stride=(1, 1), padding=(1, 1), bias=False)
          (1): BatchNorm2d(256, eps=1e-05, momentum=0.1, affine=True, track_running_stats=False)
        )
        (shortcut): Sequential(
          (0): Conv2d(128, 256, kernel_size=(1, 1), stride=(2, 2), bias=False)
          (1): BatchNorm2d(256, eps=1e-05, momentum=0.1, affine=True, track_running_stats=False)
        )
        (relu): ReLU(inplace=True)
      )
      (1): ResidualBlock(
        (left1): Sequential(
          (0): Conv2d(256, 256, kernel_size=(3, 3), stride=(1, 1), padding=(1, 1), bias=False)
          (1): BatchNorm2d(256, eps=1e-05, momentum=0.1, affine=True, track_running_stats=False)
          (2): ReLU(inplace=True)
        )
        (left2): Sequential(
          (0): Conv2d(256, 256, kernel_size=(3, 3), stride=(1, 1), padding=(1, 1), bias=False)
          (1): BatchNorm2d(256, eps=1e-05, momentum=0.1, affine=True, track_running_stats=False)
        )
        (shortcut): Sequential()
        (relu): ReLU(inplace=True)
      )
    )
    (4): Sequential(
      (0): ResidualBlock(
        (left1): Sequential(
          (0): Conv2d(256, 204, kernel_size=(3, 3), stride=(2, 2), padding=(1, 1), bias=False)
          (1): BatchNorm2d(204, eps=1e-05, momentum=0.1, affine=True, track_running_stats=False)
          (2): ReLU(inplace=True)
        )
        (left2): Sequential(
          (0): Conv2d(204, 204, kernel_size=(3, 3), stride=(1, 1), padding=(1, 1), bias=False)
          (1): BatchNorm2d(204, eps=1e-05, momentum=0.1, affine=True, track_running_stats=False)
        )
        (shortcut): Sequential(
          (0): Conv2d(256, 204, kernel_size=(1, 1), stride=(2, 2), bias=False)
          (1): BatchNorm2d(204, eps=1e-05, momentum=0.1, affine=True, track_running_stats=False)
        )
        (relu): ReLU(inplace=True)
      )
      (1): ResidualBlock(
        (left1): Sequential(
          (0): Conv2d(204, 204, kernel_size=(3, 3), stride=(1, 1), padding=(1, 1), bias=False)
          (1): BatchNorm2d(204, eps=1e-05, momentum=0.1, affine=True, track_running_stats=False)
          (2): ReLU(inplace=True)
        )
        (left2): Sequential(
          (0): Conv2d(204, 204, kernel_size=(3, 3), stride=(1, 1), padding=(1, 1), bias=False)
          (1): BatchNorm2d(204, eps=1e-05, momentum=0.1, affine=True, track_running_stats=False)
        )
        (shortcut): Sequential()
        (relu): ReLU(inplace=True)
      )
    )
  )
  (classifier): Linear(in_features=204, out_features=100, bias=True)
)
====================================================================================================
【model config】  model_name:resnet, width:0.66 , depth:2, param:20.638484MB
ResNet(
  (features): Sequential(
    (0): Sequential(
      (0): Conv2d(3, 64, kernel_size=(3, 3), stride=(1, 1), padding=(1, 1), bias=False)
      (1): BatchNorm2d(64, eps=1e-05, momentum=0.1, affine=True, track_running_stats=False)
      (2): ReLU()
    )
    (1): Sequential(
      (0): ResidualBlock(
        (left1): Sequential(
          (0): Conv2d(64, 96, kernel_size=(3, 3), stride=(1, 1), padding=(1, 1), bias=False)
          (1): BatchNorm2d(96, eps=1e-05, momentum=0.1, affine=True, track_running_stats=False)
          (2): ReLU(inplace=True)
        )
        (left2): Sequential(
          (0): Conv2d(96, 96, kernel_size=(3, 3), stride=(1, 1), padding=(1, 1), bias=False)
          (1): BatchNorm2d(96, eps=1e-05, momentum=0.1, affine=True, track_running_stats=False)
        )
        (shortcut): Sequential(
          (0): Conv2d(64, 96, kernel_size=(1, 1), stride=(1, 1), bias=False)
          (1): BatchNorm2d(96, eps=1e-05, momentum=0.1, affine=True, track_running_stats=False)
        )
        (relu): ReLU(inplace=True)
      )
      (1): ResidualBlock(
        (left1): Sequential(
          (0): Conv2d(96, 96, kernel_size=(3, 3), stride=(1, 1), padding=(1, 1), bias=False)
          (1): BatchNorm2d(96, eps=1e-05, momentum=0.1, affine=True, track_running_stats=False)
          (2): ReLU(inplace=True)
        )
        (left2): Sequential(
          (0): Conv2d(96, 96, kernel_size=(3, 3), stride=(1, 1), padding=(1, 1), bias=False)
          (1): BatchNorm2d(96, eps=1e-05, momentum=0.1, affine=True, track_running_stats=False)
        )
        (shortcut): Sequential()
        (relu): ReLU(inplace=True)
      )
    )
    (2): Sequential(
      (0): ResidualBlock(
        (left1): Sequential(
          (0): Conv2d(96, 84, kernel_size=(3, 3), stride=(2, 2), padding=(1, 1), bias=False)
          (1): BatchNorm2d(84, eps=1e-05, momentum=0.1, affine=True, track_running_stats=False)
          (2): ReLU(inplace=True)
        )
        (left2): Sequential(
          (0): Conv2d(84, 84, kernel_size=(3, 3), stride=(1, 1), padding=(1, 1), bias=False)
          (1): BatchNorm2d(84, eps=1e-05, momentum=0.1, affine=True, track_running_stats=False)
        )
        (shortcut): Sequential(
          (0): Conv2d(96, 84, kernel_size=(1, 1), stride=(2, 2), bias=False)
          (1): BatchNorm2d(84, eps=1e-05, momentum=0.1, affine=True, track_running_stats=False)
        )
        (relu): ReLU(inplace=True)
      )
      (1): ResidualBlock(
        (left1): Sequential(
          (0): Conv2d(84, 84, kernel_size=(3, 3), stride=(1, 1), padding=(1, 1), bias=False)
          (1): BatchNorm2d(84, eps=1e-05, momentum=0.1, affine=True, track_running_stats=False)
          (2): ReLU(inplace=True)
        )
        (left2): Sequential(
          (0): Conv2d(84, 84, kernel_size=(3, 3), stride=(1, 1), padding=(1, 1), bias=False)
          (1): BatchNorm2d(84, eps=1e-05, momentum=0.1, affine=True, track_running_stats=False)
        )
        (shortcut): Sequential()
        (relu): ReLU(inplace=True)
      )
    )
    (3): Sequential(
      (0): ResidualBlock(
        (left1): Sequential(
          (0): Conv2d(84, 168, kernel_size=(3, 3), stride=(2, 2), padding=(1, 1), bias=False)
          (1): BatchNorm2d(168, eps=1e-05, momentum=0.1, affine=True, track_running_stats=False)
          (2): ReLU(inplace=True)
        )
        (left2): Sequential(
          (0): Conv2d(168, 168, kernel_size=(3, 3), stride=(1, 1), padding=(1, 1), bias=False)
          (1): BatchNorm2d(168, eps=1e-05, momentum=0.1, affine=True, track_running_stats=False)
        )
        (shortcut): Sequential(
          (0): Conv2d(84, 168, kernel_size=(1, 1), stride=(2, 2), bias=False)
          (1): BatchNorm2d(168, eps=1e-05, momentum=0.1, affine=True, track_running_stats=False)
        )
        (relu): ReLU(inplace=True)
      )
      (1): ResidualBlock(
        (left1): Sequential(
          (0): Conv2d(168, 168, kernel_size=(3, 3), stride=(1, 1), padding=(1, 1), bias=False)
          (1): BatchNorm2d(168, eps=1e-05, momentum=0.1, affine=True, track_running_stats=False)
          (2): ReLU(inplace=True)
        )
        (left2): Sequential(
          (0): Conv2d(168, 168, kernel_size=(3, 3), stride=(1, 1), padding=(1, 1), bias=False)
          (1): BatchNorm2d(168, eps=1e-05, momentum=0.1, affine=True, track_running_stats=False)
        )
        (shortcut): Sequential()
        (relu): ReLU(inplace=True)
      )
    )
    (4): Sequential(
      (0): ResidualBlock(
        (left1): Sequential(
          (0): Conv2d(168, 337, kernel_size=(3, 3), stride=(2, 2), padding=(1, 1), bias=False)
          (1): BatchNorm2d(337, eps=1e-05, momentum=0.1, affine=True, track_running_stats=False)
          (2): ReLU(inplace=True)
        )
        (left2): Sequential(
          (0): Conv2d(337, 337, kernel_size=(3, 3), stride=(1, 1), padding=(1, 1), bias=False)
          (1): BatchNorm2d(337, eps=1e-05, momentum=0.1, affine=True, track_running_stats=False)
        )
        (shortcut): Sequential(
          (0): Conv2d(168, 337, kernel_size=(1, 1), stride=(2, 2), bias=False)
          (1): BatchNorm2d(337, eps=1e-05, momentum=0.1, affine=True, track_running_stats=False)
        )
        (relu): ReLU(inplace=True)
      )
      (1): ResidualBlock(
        (left1): Sequential(
          (0): Conv2d(337, 337, kernel_size=(3, 3), stride=(1, 1), padding=(1, 1), bias=False)
          (1): BatchNorm2d(337, eps=1e-05, momentum=0.1, affine=True, track_running_stats=False)
          (2): ReLU(inplace=True)
        )
        (left2): Sequential(
          (0): Conv2d(337, 337, kernel_size=(3, 3), stride=(1, 1), padding=(1, 1), bias=False)
          (1): BatchNorm2d(337, eps=1e-05, momentum=0.1, affine=True, track_running_stats=False)
        )
        (shortcut): Sequential()
        (relu): ReLU(inplace=True)
      )
    )
  )
  (classifier): Linear(in_features=337, out_features=100, bias=True)
)
====================================================================================================
【model config】  model_name:resnet, width:0.66 , depth:3, param:22.112308MB
ResNet(
  (features): Sequential(
    (0): Sequential(
      (0): Conv2d(3, 64, kernel_size=(3, 3), stride=(1, 1), padding=(1, 1), bias=False)
      (1): BatchNorm2d(64, eps=1e-05, momentum=0.1, affine=True, track_running_stats=False)
      (2): ReLU()
    )
    (1): Sequential(
      (0): ResidualBlock(
        (left1): Sequential(
          (0): Conv2d(64, 96, kernel_size=(3, 3), stride=(1, 1), padding=(1, 1), bias=False)
          (1): BatchNorm2d(96, eps=1e-05, momentum=0.1, affine=True, track_running_stats=False)
          (2): ReLU(inplace=True)
        )
        (left2): Sequential(
          (0): Conv2d(96, 96, kernel_size=(3, 3), stride=(1, 1), padding=(1, 1), bias=False)
          (1): BatchNorm2d(96, eps=1e-05, momentum=0.1, affine=True, track_running_stats=False)
        )
        (shortcut): Sequential(
          (0): Conv2d(64, 96, kernel_size=(1, 1), stride=(1, 1), bias=False)
          (1): BatchNorm2d(96, eps=1e-05, momentum=0.1, affine=True, track_running_stats=False)
        )
        (relu): ReLU(inplace=True)
      )
      (1): ResidualBlock(
        (left1): Sequential(
          (0): Conv2d(96, 96, kernel_size=(3, 3), stride=(1, 1), padding=(1, 1), bias=False)
          (1): BatchNorm2d(96, eps=1e-05, momentum=0.1, affine=True, track_running_stats=False)
          (2): ReLU(inplace=True)
        )
        (left2): Sequential(
          (0): Conv2d(96, 96, kernel_size=(3, 3), stride=(1, 1), padding=(1, 1), bias=False)
          (1): BatchNorm2d(96, eps=1e-05, momentum=0.1, affine=True, track_running_stats=False)
        )
        (shortcut): Sequential()
        (relu): ReLU(inplace=True)
      )
    )
    (2): Sequential(
      (0): ResidualBlock(
        (left1): Sequential(
          (0): Conv2d(96, 128, kernel_size=(3, 3), stride=(2, 2), padding=(1, 1), bias=False)
          (1): BatchNorm2d(128, eps=1e-05, momentum=0.1, affine=True, track_running_stats=False)
          (2): ReLU(inplace=True)
        )
        (left2): Sequential(
          (0): Conv2d(128, 128, kernel_size=(3, 3), stride=(1, 1), padding=(1, 1), bias=False)
          (1): BatchNorm2d(128, eps=1e-05, momentum=0.1, affine=True, track_running_stats=False)
        )
        (shortcut): Sequential(
          (0): Conv2d(96, 128, kernel_size=(1, 1), stride=(2, 2), bias=False)
          (1): BatchNorm2d(128, eps=1e-05, momentum=0.1, affine=True, track_running_stats=False)
        )
        (relu): ReLU(inplace=True)
      )
      (1): ResidualBlock(
        (left1): Sequential(
          (0): Conv2d(128, 128, kernel_size=(3, 3), stride=(1, 1), padding=(1, 1), bias=False)
          (1): BatchNorm2d(128, eps=1e-05, momentum=0.1, affine=True, track_running_stats=False)
          (2): ReLU(inplace=True)
        )
        (left2): Sequential(
          (0): Conv2d(128, 128, kernel_size=(3, 3), stride=(1, 1), padding=(1, 1), bias=False)
          (1): BatchNorm2d(128, eps=1e-05, momentum=0.1, affine=True, track_running_stats=False)
        )
        (shortcut): Sequential()
        (relu): ReLU(inplace=True)
      )
    )
    (3): Sequential(
      (0): ResidualBlock(
        (left1): Sequential(
          (0): Conv2d(128, 168, kernel_size=(3, 3), stride=(2, 2), padding=(1, 1), bias=False)
          (1): BatchNorm2d(168, eps=1e-05, momentum=0.1, affine=True, track_running_stats=False)
          (2): ReLU(inplace=True)
        )
        (left2): Sequential(
          (0): Conv2d(168, 168, kernel_size=(3, 3), stride=(1, 1), padding=(1, 1), bias=False)
          (1): BatchNorm2d(168, eps=1e-05, momentum=0.1, affine=True, track_running_stats=False)
        )
        (shortcut): Sequential(
          (0): Conv2d(128, 168, kernel_size=(1, 1), stride=(2, 2), bias=False)
          (1): BatchNorm2d(168, eps=1e-05, momentum=0.1, affine=True, track_running_stats=False)
        )
        (relu): ReLU(inplace=True)
      )
      (1): ResidualBlock(
        (left1): Sequential(
          (0): Conv2d(168, 168, kernel_size=(3, 3), stride=(1, 1), padding=(1, 1), bias=False)
          (1): BatchNorm2d(168, eps=1e-05, momentum=0.1, affine=True, track_running_stats=False)
          (2): ReLU(inplace=True)
        )
        (left2): Sequential(
          (0): Conv2d(168, 168, kernel_size=(3, 3), stride=(1, 1), padding=(1, 1), bias=False)
          (1): BatchNorm2d(168, eps=1e-05, momentum=0.1, affine=True, track_running_stats=False)
        )
        (shortcut): Sequential()
        (relu): ReLU(inplace=True)
      )
    )
    (4): Sequential(
      (0): ResidualBlock(
        (left1): Sequential(
          (0): Conv2d(168, 337, kernel_size=(3, 3), stride=(2, 2), padding=(1, 1), bias=False)
          (1): BatchNorm2d(337, eps=1e-05, momentum=0.1, affine=True, track_running_stats=False)
          (2): ReLU(inplace=True)
        )
        (left2): Sequential(
          (0): Conv2d(337, 337, kernel_size=(3, 3), stride=(1, 1), padding=(1, 1), bias=False)
          (1): BatchNorm2d(337, eps=1e-05, momentum=0.1, affine=True, track_running_stats=False)
        )
        (shortcut): Sequential(
          (0): Conv2d(168, 337, kernel_size=(1, 1), stride=(2, 2), bias=False)
          (1): BatchNorm2d(337, eps=1e-05, momentum=0.1, affine=True, track_running_stats=False)
        )
        (relu): ReLU(inplace=True)
      )
      (1): ResidualBlock(
        (left1): Sequential(
          (0): Conv2d(337, 337, kernel_size=(3, 3), stride=(1, 1), padding=(1, 1), bias=False)
          (1): BatchNorm2d(337, eps=1e-05, momentum=0.1, affine=True, track_running_stats=False)
          (2): ReLU(inplace=True)
        )
        (left2): Sequential(
          (0): Conv2d(337, 337, kernel_size=(3, 3), stride=(1, 1), padding=(1, 1), bias=False)
          (1): BatchNorm2d(337, eps=1e-05, momentum=0.1, affine=True, track_running_stats=False)
        )
        (shortcut): Sequential()
        (relu): ReLU(inplace=True)
      )
    )
  )
  (classifier): Linear(in_features=337, out_features=100, bias=True)
)
====================================================================================================
【model config】  model_name:resnet, width:0.66 , depth:4, param:27.782324MB
ResNet(
  (features): Sequential(
    (0): Sequential(
      (0): Conv2d(3, 64, kernel_size=(3, 3), stride=(1, 1), padding=(1, 1), bias=False)
      (1): BatchNorm2d(64, eps=1e-05, momentum=0.1, affine=True, track_running_stats=False)
      (2): ReLU()
    )
    (1): Sequential(
      (0): ResidualBlock(
        (left1): Sequential(
          (0): Conv2d(64, 96, kernel_size=(3, 3), stride=(1, 1), padding=(1, 1), bias=False)
          (1): BatchNorm2d(96, eps=1e-05, momentum=0.1, affine=True, track_running_stats=False)
          (2): ReLU(inplace=True)
        )
        (left2): Sequential(
          (0): Conv2d(96, 96, kernel_size=(3, 3), stride=(1, 1), padding=(1, 1), bias=False)
          (1): BatchNorm2d(96, eps=1e-05, momentum=0.1, affine=True, track_running_stats=False)
        )
        (shortcut): Sequential(
          (0): Conv2d(64, 96, kernel_size=(1, 1), stride=(1, 1), bias=False)
          (1): BatchNorm2d(96, eps=1e-05, momentum=0.1, affine=True, track_running_stats=False)
        )
        (relu): ReLU(inplace=True)
      )
      (1): ResidualBlock(
        (left1): Sequential(
          (0): Conv2d(96, 96, kernel_size=(3, 3), stride=(1, 1), padding=(1, 1), bias=False)
          (1): BatchNorm2d(96, eps=1e-05, momentum=0.1, affine=True, track_running_stats=False)
          (2): ReLU(inplace=True)
        )
        (left2): Sequential(
          (0): Conv2d(96, 96, kernel_size=(3, 3), stride=(1, 1), padding=(1, 1), bias=False)
          (1): BatchNorm2d(96, eps=1e-05, momentum=0.1, affine=True, track_running_stats=False)
        )
        (shortcut): Sequential()
        (relu): ReLU(inplace=True)
      )
    )
    (2): Sequential(
      (0): ResidualBlock(
        (left1): Sequential(
          (0): Conv2d(96, 128, kernel_size=(3, 3), stride=(2, 2), padding=(1, 1), bias=False)
          (1): BatchNorm2d(128, eps=1e-05, momentum=0.1, affine=True, track_running_stats=False)
          (2): ReLU(inplace=True)
        )
        (left2): Sequential(
          (0): Conv2d(128, 128, kernel_size=(3, 3), stride=(1, 1), padding=(1, 1), bias=False)
          (1): BatchNorm2d(128, eps=1e-05, momentum=0.1, affine=True, track_running_stats=False)
        )
        (shortcut): Sequential(
          (0): Conv2d(96, 128, kernel_size=(1, 1), stride=(2, 2), bias=False)
          (1): BatchNorm2d(128, eps=1e-05, momentum=0.1, affine=True, track_running_stats=False)
        )
        (relu): ReLU(inplace=True)
      )
      (1): ResidualBlock(
        (left1): Sequential(
          (0): Conv2d(128, 128, kernel_size=(3, 3), stride=(1, 1), padding=(1, 1), bias=False)
          (1): BatchNorm2d(128, eps=1e-05, momentum=0.1, affine=True, track_running_stats=False)
          (2): ReLU(inplace=True)
        )
        (left2): Sequential(
          (0): Conv2d(128, 128, kernel_size=(3, 3), stride=(1, 1), padding=(1, 1), bias=False)
          (1): BatchNorm2d(128, eps=1e-05, momentum=0.1, affine=True, track_running_stats=False)
        )
        (shortcut): Sequential()
        (relu): ReLU(inplace=True)
      )
    )
    (3): Sequential(
      (0): ResidualBlock(
        (left1): Sequential(
          (0): Conv2d(128, 256, kernel_size=(3, 3), stride=(2, 2), padding=(1, 1), bias=False)
          (1): BatchNorm2d(256, eps=1e-05, momentum=0.1, affine=True, track_running_stats=False)
          (2): ReLU(inplace=True)
        )
        (left2): Sequential(
          (0): Conv2d(256, 256, kernel_size=(3, 3), stride=(1, 1), padding=(1, 1), bias=False)
          (1): BatchNorm2d(256, eps=1e-05, momentum=0.1, affine=True, track_running_stats=False)
        )
        (shortcut): Sequential(
          (0): Conv2d(128, 256, kernel_size=(1, 1), stride=(2, 2), bias=False)
          (1): BatchNorm2d(256, eps=1e-05, momentum=0.1, affine=True, track_running_stats=False)
        )
        (relu): ReLU(inplace=True)
      )
      (1): ResidualBlock(
        (left1): Sequential(
          (0): Conv2d(256, 256, kernel_size=(3, 3), stride=(1, 1), padding=(1, 1), bias=False)
          (1): BatchNorm2d(256, eps=1e-05, momentum=0.1, affine=True, track_running_stats=False)
          (2): ReLU(inplace=True)
        )
        (left2): Sequential(
          (0): Conv2d(256, 256, kernel_size=(3, 3), stride=(1, 1), padding=(1, 1), bias=False)
          (1): BatchNorm2d(256, eps=1e-05, momentum=0.1, affine=True, track_running_stats=False)
        )
        (shortcut): Sequential()
        (relu): ReLU(inplace=True)
      )
    )
    (4): Sequential(
      (0): ResidualBlock(
        (left1): Sequential(
          (0): Conv2d(256, 337, kernel_size=(3, 3), stride=(2, 2), padding=(1, 1), bias=False)
          (1): BatchNorm2d(337, eps=1e-05, momentum=0.1, affine=True, track_running_stats=False)
          (2): ReLU(inplace=True)
        )
        (left2): Sequential(
          (0): Conv2d(337, 337, kernel_size=(3, 3), stride=(1, 1), padding=(1, 1), bias=False)
          (1): BatchNorm2d(337, eps=1e-05, momentum=0.1, affine=True, track_running_stats=False)
        )
        (shortcut): Sequential(
          (0): Conv2d(256, 337, kernel_size=(1, 1), stride=(2, 2), bias=False)
          (1): BatchNorm2d(337, eps=1e-05, momentum=0.1, affine=True, track_running_stats=False)
        )
        (relu): ReLU(inplace=True)
      )
      (1): ResidualBlock(
        (left1): Sequential(
          (0): Conv2d(337, 337, kernel_size=(3, 3), stride=(1, 1), padding=(1, 1), bias=False)
          (1): BatchNorm2d(337, eps=1e-05, momentum=0.1, affine=True, track_running_stats=False)
          (2): ReLU(inplace=True)
        )
        (left2): Sequential(
          (0): Conv2d(337, 337, kernel_size=(3, 3), stride=(1, 1), padding=(1, 1), bias=False)
          (1): BatchNorm2d(337, eps=1e-05, momentum=0.1, affine=True, track_running_stats=False)
        )
        (shortcut): Sequential()
        (relu): ReLU(inplace=True)
      )
    )
  )
  (classifier): Linear(in_features=337, out_features=100, bias=True)
)
====================================================================================================
【model config】  model_name:resnet, width:1.0 , depth:2, param:45.697424MB
ResNet(
  (features): Sequential(
    (0): Sequential(
      (0): Conv2d(3, 64, kernel_size=(3, 3), stride=(1, 1), padding=(1, 1), bias=False)
      (1): BatchNorm2d(64, eps=1e-05, momentum=0.1, affine=True, track_running_stats=False)
      (2): ReLU()
    )
    (1): Sequential(
      (0): ResidualBlock(
        (left1): Sequential(
          (0): Conv2d(64, 96, kernel_size=(3, 3), stride=(1, 1), padding=(1, 1), bias=False)
          (1): BatchNorm2d(96, eps=1e-05, momentum=0.1, affine=True, track_running_stats=False)
          (2): ReLU(inplace=True)
        )
        (left2): Sequential(
          (0): Conv2d(96, 96, kernel_size=(3, 3), stride=(1, 1), padding=(1, 1), bias=False)
          (1): BatchNorm2d(96, eps=1e-05, momentum=0.1, affine=True, track_running_stats=False)
        )
        (shortcut): Sequential(
          (0): Conv2d(64, 96, kernel_size=(1, 1), stride=(1, 1), bias=False)
          (1): BatchNorm2d(96, eps=1e-05, momentum=0.1, affine=True, track_running_stats=False)
        )
        (relu): ReLU(inplace=True)
      )
      (1): ResidualBlock(
        (left1): Sequential(
          (0): Conv2d(96, 96, kernel_size=(3, 3), stride=(1, 1), padding=(1, 1), bias=False)
          (1): BatchNorm2d(96, eps=1e-05, momentum=0.1, affine=True, track_running_stats=False)
          (2): ReLU(inplace=True)
        )
        (left2): Sequential(
          (0): Conv2d(96, 96, kernel_size=(3, 3), stride=(1, 1), padding=(1, 1), bias=False)
          (1): BatchNorm2d(96, eps=1e-05, momentum=0.1, affine=True, track_running_stats=False)
        )
        (shortcut): Sequential()
        (relu): ReLU(inplace=True)
      )
    )
    (2): Sequential(
      (0): ResidualBlock(
        (left1): Sequential(
          (0): Conv2d(96, 128, kernel_size=(3, 3), stride=(2, 2), padding=(1, 1), bias=False)
          (1): BatchNorm2d(128, eps=1e-05, momentum=0.1, affine=True, track_running_stats=False)
          (2): ReLU(inplace=True)
        )
        (left2): Sequential(
          (0): Conv2d(128, 128, kernel_size=(3, 3), stride=(1, 1), padding=(1, 1), bias=False)
          (1): BatchNorm2d(128, eps=1e-05, momentum=0.1, affine=True, track_running_stats=False)
        )
        (shortcut): Sequential(
          (0): Conv2d(96, 128, kernel_size=(1, 1), stride=(2, 2), bias=False)
          (1): BatchNorm2d(128, eps=1e-05, momentum=0.1, affine=True, track_running_stats=False)
        )
        (relu): ReLU(inplace=True)
      )
      (1): ResidualBlock(
        (left1): Sequential(
          (0): Conv2d(128, 128, kernel_size=(3, 3), stride=(1, 1), padding=(1, 1), bias=False)
          (1): BatchNorm2d(128, eps=1e-05, momentum=0.1, affine=True, track_running_stats=False)
          (2): ReLU(inplace=True)
        )
        (left2): Sequential(
          (0): Conv2d(128, 128, kernel_size=(3, 3), stride=(1, 1), padding=(1, 1), bias=False)
          (1): BatchNorm2d(128, eps=1e-05, momentum=0.1, affine=True, track_running_stats=False)
        )
        (shortcut): Sequential()
        (relu): ReLU(inplace=True)
      )
    )
    (3): Sequential(
      (0): ResidualBlock(
        (left1): Sequential(
          (0): Conv2d(128, 256, kernel_size=(3, 3), stride=(2, 2), padding=(1, 1), bias=False)
          (1): BatchNorm2d(256, eps=1e-05, momentum=0.1, affine=True, track_running_stats=False)
          (2): ReLU(inplace=True)
        )
        (left2): Sequential(
          (0): Conv2d(256, 256, kernel_size=(3, 3), stride=(1, 1), padding=(1, 1), bias=False)
          (1): BatchNorm2d(256, eps=1e-05, momentum=0.1, affine=True, track_running_stats=False)
        )
        (shortcut): Sequential(
          (0): Conv2d(128, 256, kernel_size=(1, 1), stride=(2, 2), bias=False)
          (1): BatchNorm2d(256, eps=1e-05, momentum=0.1, affine=True, track_running_stats=False)
        )
        (relu): ReLU(inplace=True)
      )
      (1): ResidualBlock(
        (left1): Sequential(
          (0): Conv2d(256, 256, kernel_size=(3, 3), stride=(1, 1), padding=(1, 1), bias=False)
          (1): BatchNorm2d(256, eps=1e-05, momentum=0.1, affine=True, track_running_stats=False)
          (2): ReLU(inplace=True)
        )
        (left2): Sequential(
          (0): Conv2d(256, 256, kernel_size=(3, 3), stride=(1, 1), padding=(1, 1), bias=False)
          (1): BatchNorm2d(256, eps=1e-05, momentum=0.1, affine=True, track_running_stats=False)
        )
        (shortcut): Sequential()
        (relu): ReLU(inplace=True)
      )
    )
    (4): Sequential(
      (0): ResidualBlock(
        (left1): Sequential(
          (0): Conv2d(256, 512, kernel_size=(3, 3), stride=(2, 2), padding=(1, 1), bias=False)
          (1): BatchNorm2d(512, eps=1e-05, momentum=0.1, affine=True, track_running_stats=False)
          (2): ReLU(inplace=True)
        )
        (left2): Sequential(
          (0): Conv2d(512, 512, kernel_size=(3, 3), stride=(1, 1), padding=(1, 1), bias=False)
          (1): BatchNorm2d(512, eps=1e-05, momentum=0.1, affine=True, track_running_stats=False)
        )
        (shortcut): Sequential(
          (0): Conv2d(256, 512, kernel_size=(1, 1), stride=(2, 2), bias=False)
          (1): BatchNorm2d(512, eps=1e-05, momentum=0.1, affine=True, track_running_stats=False)
        )
        (relu): ReLU(inplace=True)
      )
      (1): ResidualBlock(
        (left1): Sequential(
          (0): Conv2d(512, 512, kernel_size=(3, 3), stride=(1, 1), padding=(1, 1), bias=False)
          (1): BatchNorm2d(512, eps=1e-05, momentum=0.1, affine=True, track_running_stats=False)
          (2): ReLU(inplace=True)
        )
        (left2): Sequential(
          (0): Conv2d(512, 512, kernel_size=(3, 3), stride=(1, 1), padding=(1, 1), bias=False)
          (1): BatchNorm2d(512, eps=1e-05, momentum=0.1, affine=True, track_running_stats=False)
        )
        (shortcut): Sequential()
        (relu): ReLU(inplace=True)
      )
    )
  )
  (classifier): Linear(in_features=512, out_features=100, bias=True)
)

  0%|          | 0/1000 [00:00<?, ?it/s]********************************************************************************
Round   0
this epoch cost time:0.8008835315704346
this epoch choose: [48, 76, 94, 97, 8, 56, 47, 63, 97, 57]
this epoch dispatch models: [5 3 4 0 1 3 5 0 0 1]
this epoch received models: [np.int64(5), np.int64(3), np.int64(4), np.int64(0), np.int64(1), np.int64(3), np.int64(5), np.int64(0), np.int64(0), np.int64(1)]
hetero_proportion: 	4:3:3
(0.4, 2, 2.120985)
Testing accuracy: 1.44
(0.4, 3, 2.646356)
Testing accuracy: 1.17
(0.4, 4, 4.64774)
Testing accuracy: 1.43
(0.66, 2, 5.159621)
Testing accuracy: 1.15
(0.66, 3, 5.528077)
Testing accuracy: 1.09
(0.66, 4, 6.945581)
Testing accuracy: 1.19
(1.0, 2, 11.424356)
Testing accuracy: 0.97

  0%|          | 1/1000 [00:09<2:35:12,  9.32s/it]********************************************************************************
Round   1
this epoch cost time:0.7099511623382568
this epoch choose: [70, 81, 64, 95, 26, 12, 71, 70, 97, 49]
this epoch dispatch models: [4 5 4 6 1 2 4 6 5 2]
this epoch received models: [np.int64(4), np.int64(5), np.int64(4), np.int64(6), np.int64(1), np.int64(2), np.int64(4), np.int64(6), np.int64(5), np.int64(2)]
hetero_proportion: 	4:3:3
(0.4, 2, 2.120985)
Testing accuracy: 1.01
(0.4, 3, 2.646356)
Testing accuracy: 1.59
(0.4, 4, 4.64774)
Testing accuracy: 2.80
(0.66, 2, 5.159621)
Testing accuracy: 2.21
(0.66, 3, 5.528077)
Testing accuracy: 3.18
(0.66, 4, 6.945581)
Testing accuracy: 2.82
(1.0, 2, 11.424356)
Testing accuracy: 2.68

  0%|          | 2/1000 [00:19<2:39:24,  9.58s/it]********************************************************************************
Round   2
this epoch cost time:0.5634181499481201
this epoch choose: [67, 78, 88, 98, 40, 84, 84, 34, 86, 29]
this epoch dispatch models: [4 3 4 2 4 5 6 2 4 1]
this epoch received models: [np.int64(4), np.int64(3), np.int64(4), np.int64(2), np.int64(4), np.int64(5), np.int64(6), np.int64(2), np.int64(4), np.int64(1)]
hetero_proportion: 	4:3:3
(0.4, 2, 2.120985)
Testing accuracy: 1.34
(0.4, 3, 2.646356)
Testing accuracy: 3.84
(0.4, 4, 4.64774)
Testing accuracy: 4.36
(0.66, 2, 5.159621)
Testing accuracy: 4.71
(0.66, 3, 5.528077)
Testing accuracy: 5.58
(0.66, 4, 6.945581)
Testing accuracy: 5.16
(1.0, 2, 11.424356)
Testing accuracy: 4.90

  0%|          | 3/1000 [00:28<2:34:20,  9.29s/it]********************************************************************************
Round   3
this epoch cost time:0.7180812358856201
this epoch choose: [75, 73, 40, 70, 41, 3, 83, 74, 70, 48]
this epoch dispatch models: [1 6 0 6 5 1 1 5 6 1]
this epoch received models: [np.int64(1), np.int64(6), np.int64(0), np.int64(6), np.int64(5), np.int64(1), np.int64(1), np.int64(5), np.int64(6), np.int64(1)]
hetero_proportion: 	4:3:3
(0.4, 2, 2.120985)
Testing accuracy: 3.82
(0.4, 3, 2.646356)
Testing accuracy: 5.85
(0.4, 4, 4.64774)
Testing accuracy: 5.38
(0.66, 2, 5.159621)
Testing accuracy: 5.29
(0.66, 3, 5.528077)
Testing accuracy: 6.64
(0.66, 4, 6.945581)
Testing accuracy: 6.64
(1.0, 2, 11.424356)
Testing accuracy: 7.03

  0%|          | 4/1000 [00:38<2:40:48,  9.69s/it]********************************************************************************
Round   4
this epoch cost time:0.6073875427246094
this epoch choose: [87, 27, 67, 92, 3, 67, 54, 88, 56, 63]
this epoch dispatch models: [1 0 4 1 0 0 5 3 2 1]
this epoch received models: [np.int64(1), np.int64(0), np.int64(4), np.int64(1), np.int64(0), np.int64(0), np.int64(5), np.int64(3), np.int64(2), np.int64(1)]
hetero_proportion: 	4:3:3
(0.4, 2, 2.120985)
Testing accuracy: 5.74
(0.4, 3, 2.646356)
Testing accuracy: 6.88
(0.4, 4, 4.64774)
Testing accuracy: 7.33
(0.66, 2, 5.159621)
Testing accuracy: 6.68
(0.66, 3, 5.528077)
Testing accuracy: 7.91
(0.66, 4, 6.945581)
Testing accuracy: 9.01
(1.0, 2, 11.424356)
Testing accuracy: 7.53

  0%|          | 5/1000 [00:47<2:35:12,  9.36s/it]********************************************************************************
Round   5
this epoch cost time:0.8099648952484131
this epoch choose: [70, 77, 62, 77, 83, 28, 97, 69, 58, 2]
this epoch dispatch models: [0 6 3 6 5 1 1 3 4 0]
this epoch received models: [np.int64(0), np.int64(6), np.int64(3), np.int64(6), np.int64(5), np.int64(1), np.int64(1), np.int64(3), np.int64(4), np.int64(0)]
hetero_proportion: 	4:3:3
(0.4, 2, 2.120985)
Testing accuracy: 8.01
(0.4, 3, 2.646356)
Testing accuracy: 8.76
(0.4, 4, 4.64774)
Testing accuracy: 8.63
(0.66, 2, 5.159621)
Testing accuracy: 9.31
(0.66, 3, 5.528077)
Testing accuracy: 9.98
(0.66, 4, 6.945581)
Testing accuracy: 10.29
(1.0, 2, 11.424356)
Testing accuracy: 8.18

  1%|          | 6/1000 [00:57<2:38:29,  9.57s/it]********************************************************************************
Round   6
this epoch cost time:0.6229474544525146
this epoch choose: [53, 93, 98, 71, 99, 82, 46, 51, 80, 92]
this epoch dispatch models: [1 3 4 2 4 0 5 3 1 2]
this epoch received models: [np.int64(1), np.int64(3), np.int64(4), np.int64(2), np.int64(4), np.int64(0), np.int64(5), np.int64(3), np.int64(1), np.int64(2)]
hetero_proportion: 	4:3:3
(0.4, 2, 2.120985)
Testing accuracy: 9.19
(0.4, 3, 2.646356)
Testing accuracy: 10.62
(0.4, 4, 4.64774)
Testing accuracy: 11.06
(0.66, 2, 5.159621)
Testing accuracy: 11.95
(0.66, 3, 5.528077)
Testing accuracy: 12.46
(0.66, 4, 6.945581)
Testing accuracy: 12.58
(1.0, 2, 11.424356)
Testing accuracy: 9.09

  1%|          | 7/1000 [01:07<2:41:50,  9.78s/it]********************************************************************************
Round   7
this epoch cost time:0.5339949131011963
this epoch choose: [37, 47, 95, 42, 92, 91, 64, 99, 54, 72]
this epoch dispatch models: [0 4 1 2 2 1 0 6 1 3]
this epoch received models: [np.int64(0), np.int64(4), np.int64(1), np.int64(2), np.int64(2), np.int64(1), np.int64(0), np.int64(6), np.int64(1), np.int64(3)]
hetero_proportion: 	4:3:3
(0.4, 2, 2.120985)
Testing accuracy: 9.21
(0.4, 3, 2.646356)
Testing accuracy: 11.05
(0.4, 4, 4.64774)
Testing accuracy: 11.41
(0.66, 2, 5.159621)
Testing accuracy: 11.95
(0.66, 3, 5.528077)
Testing accuracy: 12.37
(0.66, 4, 6.945581)
Testing accuracy: 12.87
(1.0, 2, 11.424356)
Testing accuracy: 11.30

  1%|          | 8/1000 [01:16<2:37:55,  9.55s/it]********************************************************************************
Round   8
this epoch cost time:0.577930212020874
this epoch choose: [96, 98, 82, 52, 59, 36, 77, 98, 63, 64]
this epoch dispatch models: [6 5 4 3 5 1 3 6 0 0]
this epoch received models: [np.int64(6), np.int64(5), np.int64(4), np.int64(3), np.int64(5), np.int64(1), np.int64(3), np.int64(6), np.int64(0), np.int64(0)]
hetero_proportion: 	4:3:3
(0.4, 2, 2.120985)
Testing accuracy: 11.11
(0.4, 3, 2.646356)
Testing accuracy: 12.58
(0.4, 4, 4.64774)
Testing accuracy: 12.42
(0.66, 2, 5.159621)
Testing accuracy: 12.10
(0.66, 3, 5.528077)
Testing accuracy: 13.29
(0.66, 4, 6.945581)
Testing accuracy: 13.51
(1.0, 2, 11.424356)
Testing accuracy: 11.64

  1%|          | 9/1000 [01:25<2:38:11,  9.58s/it]********************************************************************************
Round   9
this epoch cost time:0.6105268001556396
this epoch choose: [50, 75, 4, 70, 55, 95, 95, 82, 53, 85]
this epoch dispatch models: [2 2 1 3 4 2 6 6 0 0]
this epoch received models: [np.int64(2), np.int64(2), np.int64(1), np.int64(3), np.int64(4), np.int64(2), np.int64(6), np.int64(6), np.int64(0), np.int64(0)]
hetero_proportion: 	4:3:3
(0.4, 2, 2.120985)
Testing accuracy: 11.70
(0.4, 3, 2.646356)
Testing accuracy: 12.90
(0.4, 4, 4.64774)
Testing accuracy: 13.81
(0.66, 2, 5.159621)
Testing accuracy: 14.12
(0.66, 3, 5.528077)
Testing accuracy: 15.02
(0.66, 4, 6.945581)
Testing accuracy: 15.23
(1.0, 2, 11.424356)
Testing accuracy: 13.20

  1%|          | 10/1000 [01:35<2:37:24,  9.54s/it]********************************************************************************
Round  10
this epoch cost time:0.8185546398162842
this epoch choose: [22, 46, 75, 96, 89, 99, 83, 87, 81, 45]
this epoch dispatch models: [1 1 5 3 0 0 5 5 6 4]
this epoch received models: [np.int64(1), np.int64(1), np.int64(5), np.int64(3), np.int64(0), np.int64(0), np.int64(5), np.int64(5), np.int64(6), np.int64(4)]
hetero_proportion: 	4:3:3
(0.4, 2, 2.120985)
Testing accuracy: 12.94
(0.4, 3, 2.646356)
Testing accuracy: 14.79
(0.4, 4, 4.64774)
Testing accuracy: 15.40
(0.66, 2, 5.159621)
Testing accuracy: 15.75
(0.66, 3, 5.528077)
Testing accuracy: 16.75
(0.66, 4, 6.945581)
Testing accuracy: 16.98
(1.0, 2, 11.424356)
Testing accuracy: 15.81

  1%|          | 11/1000 [01:45<2:39:03,  9.65s/it]********************************************************************************
Round  11
this epoch cost time:0.599480390548706
this epoch choose: [68, 91, 65, 46, 89, 50, 73, 93, 50, 63]
this epoch dispatch models: [5 6 2 4 3 5 3 5 0 3]
this epoch received models: [np.int64(5), np.int64(6), np.int64(2), np.int64(4), np.int64(3), np.int64(5), np.int64(3), np.int64(5), np.int64(0), np.int64(3)]
hetero_proportion: 	4:3:3
(0.4, 2, 2.120985)
Testing accuracy: 11.83
(0.4, 3, 2.646356)
Testing accuracy: 13.48
(0.4, 4, 4.64774)
Testing accuracy: 14.13
(0.66, 2, 5.159621)
Testing accuracy: 15.22
(0.66, 3, 5.528077)
Testing accuracy: 16.24
(0.66, 4, 6.945581)
Testing accuracy: 16.64
(1.0, 2, 11.424356)
Testing accuracy: 15.45

  1%|          | 12/1000 [01:54<2:34:44,  9.40s/it]********************************************************************************
Round  12
this epoch cost time:0.6326038837432861
this epoch choose: [71, 86, 41, 85, 42, 59, 85, 78, 75, 77]
this epoch dispatch models: [4 3 4 6 4 5 4 1 0 4]
this epoch received models: [np.int64(4), np.int64(3), np.int64(4), np.int64(6), np.int64(4), np.int64(5), np.int64(4), np.int64(1), np.int64(0), np.int64(4)]
hetero_proportion: 	4:3:3
(0.4, 2, 2.120985)
Testing accuracy: 11.92
(0.4, 3, 2.646356)
Testing accuracy: 13.72
(0.4, 4, 4.64774)
Testing accuracy: 14.10
(0.66, 2, 5.159621)
Testing accuracy: 16.45
(0.66, 3, 5.528077)
Testing accuracy: 17.77
(0.66, 4, 6.945581)
Testing accuracy: 17.94
(1.0, 2, 11.424356)
Testing accuracy: 14.77

  1%|▏         | 13/1000 [02:03<2:33:49,  9.35s/it]********************************************************************************
Round  13
this epoch cost time:0.5773458480834961
this epoch choose: [50, 82, 50, 21, 72, 29, 1, 98, 25, 74]
this epoch dispatch models: [2 0 5 2 4 1 1 0 2 4]
this epoch received models: [np.int64(2), np.int64(0), np.int64(5), np.int64(2), np.int64(4), np.int64(1), np.int64(1), np.int64(0), np.int64(2), np.int64(4)]
hetero_proportion: 	4:3:3
(0.4, 2, 2.120985)
Testing accuracy: 13.71
(0.4, 3, 2.646356)
Testing accuracy: 15.80
(0.4, 4, 4.64774)
Testing accuracy: 15.90
(0.66, 2, 5.159621)
Testing accuracy: 16.62
(0.66, 3, 5.528077)
Testing accuracy: 17.60
(0.66, 4, 6.945581)
Testing accuracy: 17.47
(1.0, 2, 11.424356)
Testing accuracy: 16.55

  1%|▏         | 14/1000 [02:12<2:31:40,  9.23s/it]********************************************************************************
Round  14
this epoch cost time:0.6057949066162109
this epoch choose: [98, 70, 54, 51, 86, 62, 73, 45, 58, 98]
this epoch dispatch models: [4 0 4 1 6 4 1 0 2 3]
this epoch received models: [np.int64(4), np.int64(0), np.int64(4), np.int64(1), np.int64(6), np.int64(4), np.int64(1), np.int64(0), np.int64(2), np.int64(3)]
hetero_proportion: 	4:3:3
(0.4, 2, 2.120985)
Testing accuracy: 15.15
(0.4, 3, 2.646356)
Testing accuracy: 17.35
(0.4, 4, 4.64774)
Testing accuracy: 17.56
(0.66, 2, 5.159621)
Testing accuracy: 16.75
(0.66, 3, 5.528077)
Testing accuracy: 18.13
(0.66, 4, 6.945581)
Testing accuracy: 17.94
(1.0, 2, 11.424356)
Testing accuracy: 16.64

  2%|▏         | 15/1000 [02:21<2:33:11,  9.33s/it]********************************************************************************
Round  15
this epoch cost time:0.6346418857574463
this epoch choose: [34, 84, 75, 78, 93, 0, 82, 94, 65, 16]
this epoch dispatch models: [1 2 4 4 2 2 6 0 1 2]
this epoch received models: [np.int64(1), np.int64(2), np.int64(4), np.int64(4), np.int64(2), np.int64(2), np.int64(6), np.int64(0), np.int64(1), np.int64(2)]
hetero_proportion: 	4:3:3
(0.4, 2, 2.120985)
Testing accuracy: 15.56
(0.4, 3, 2.646356)
Testing accuracy: 18.54
(0.4, 4, 4.64774)
Testing accuracy: 18.23
(0.66, 2, 5.159621)
Testing accuracy: 18.41
(0.66, 3, 5.528077)
Testing accuracy: 19.98
(0.66, 4, 6.945581)
Testing accuracy: 19.95
(1.0, 2, 11.424356)
Testing accuracy: 16.31

  2%|▏         | 16/1000 [02:30<2:31:04,  9.21s/it]********************************************************************************
Round  16
this epoch cost time:0.8427734375
this epoch choose: [86, 94, 71, 26, 83, 43, 61, 46, 76, 87]
this epoch dispatch models: [6 6 2 0 6 5 1 2 4 6]
this epoch received models: [np.int64(6), np.int64(6), np.int64(2), np.int64(0), np.int64(6), np.int64(5), np.int64(1), np.int64(2), np.int64(4), np.int64(6)]
hetero_proportion: 	4:3:3
(0.4, 2, 2.120985)
Testing accuracy: 15.56
(0.4, 3, 2.646356)
Testing accuracy: 17.88
(0.4, 4, 4.64774)
Testing accuracy: 18.41
(0.66, 2, 5.159621)
Testing accuracy: 18.34
(0.66, 3, 5.528077)
Testing accuracy: 19.98
(0.66, 4, 6.945581)
Testing accuracy: 19.66
(1.0, 2, 11.424356)
Testing accuracy: 19.30

  2%|▏         | 17/1000 [02:41<2:36:02,  9.52s/it]********************************************************************************
Round  17
this epoch cost time:0.6613545417785645
this epoch choose: [25, 86, 66, 71, 45, 53, 44, 40, 74, 69]
this epoch dispatch models: [0 6 5 5 1 2 1 5 4 2]
this epoch received models: [np.int64(0), np.int64(6), np.int64(5), np.int64(5), np.int64(1), np.int64(2), np.int64(1), np.int64(5), np.int64(4), np.int64(2)]
hetero_proportion: 	4:3:3
(0.4, 2, 2.120985)
Testing accuracy: 16.62
(0.4, 3, 2.646356)
Testing accuracy: 19.32
(0.4, 4, 4.64774)
Testing accuracy: 20.08
(0.66, 2, 5.159621)
Testing accuracy: 19.33
(0.66, 3, 5.528077)
Testing accuracy: 20.90
(0.66, 4, 6.945581)
Testing accuracy: 21.11
(1.0, 2, 11.424356)
Testing accuracy: 17.64

  2%|▏         | 18/1000 [02:50<2:36:41,  9.57s/it]********************************************************************************
Round  18
this epoch cost time:0.71225905418396
this epoch choose: [79, 90, 78, 42, 69, 76, 3, 91, 29, 81]
this epoch dispatch models: [0 5 0 1 5 0 1 3 1 1]
this epoch received models: [np.int64(0), np.int64(5), np.int64(0), np.int64(1), np.int64(5), np.int64(0), np.int64(1), np.int64(3), np.int64(1), np.int64(1)]
hetero_proportion: 	4:3:3
(0.4, 2, 2.120985)
Testing accuracy: 16.99
(0.4, 3, 2.646356)
Testing accuracy: 19.04
(0.4, 4, 4.64774)
Testing accuracy: 19.42
(0.66, 2, 5.159621)
Testing accuracy: 19.11
(0.66, 3, 5.528077)
Testing accuracy: 19.98
(0.66, 4, 6.945581)
Testing accuracy: 20.33
(1.0, 2, 11.424356)
Testing accuracy: 17.93

  2%|▏         | 19/1000 [03:00<2:37:03,  9.61s/it]********************************************************************************
Round  19
this epoch cost time:0.6804294586181641
this epoch choose: [75, 75, 77, 51, 95, 72, 91, 70, 91, 32]
this epoch dispatch models: [6 5 4 4 3 6 5 0 3 0]
this epoch received models: [np.int64(6), np.int64(5), np.int64(4), np.int64(4), np.int64(3), np.int64(6), np.int64(5), np.int64(0), np.int64(3), np.int64(0)]
hetero_proportion: 	4:3:3
(0.4, 2, 2.120985)
Testing accuracy: 17.59
(0.4, 3, 2.646356)
Testing accuracy: 19.58
(0.4, 4, 4.64774)
Testing accuracy: 20.19
(0.66, 2, 5.159621)
Testing accuracy: 19.29
(0.66, 3, 5.528077)
Testing accuracy: 20.42
(0.66, 4, 6.945581)
Testing accuracy: 20.81
(1.0, 2, 11.424356)
Testing accuracy: 18.95

  2%|▏         | 20/1000 [03:09<2:35:48,  9.54s/it]********************************************************************************
Round  20
this epoch cost time:0.635749340057373
this epoch choose: [42, 86, 9, 45, 95, 41, 68, 1, 88, 96]
this epoch dispatch models: [3 1 2 5 5 4 5 0 5 0]
this epoch received models: [np.int64(3), np.int64(1), np.int64(2), np.int64(5), np.int64(5), np.int64(4), np.int64(5), np.int64(0), np.int64(5), np.int64(0)]
hetero_proportion: 	4:3:3
(0.4, 2, 2.120985)
Testing accuracy: 18.73
(0.4, 3, 2.646356)
Testing accuracy: 20.30
(0.4, 4, 4.64774)
Testing accuracy: 21.40
(0.66, 2, 5.159621)
Testing accuracy: 20.54
(0.66, 3, 5.528077)
Testing accuracy: 21.70
(0.66, 4, 6.945581)
Testing accuracy: 22.31
(1.0, 2, 11.424356)
Testing accuracy: 19.52

  2%|▏         | 21/1000 [03:19<2:34:01,  9.44s/it]********************************************************************************
Round  21
this epoch cost time:0.6740844249725342
this epoch choose: [57, 55, 34, 14, 91, 79, 75, 62, 37, 44]
this epoch dispatch models: [5 3 1 1 5 0 6 5 0 4]
this epoch received models: [np.int64(5), np.int64(3), np.int64(1), np.int64(1), np.int64(5), np.int64(0), np.int64(6), np.int64(5), np.int64(0), np.int64(4)]
hetero_proportion: 	4:3:3
(0.4, 2, 2.120985)
Testing accuracy: 19.73
(0.4, 3, 2.646356)
Testing accuracy: 21.36
(0.4, 4, 4.64774)
Testing accuracy: 21.50
(0.66, 2, 5.159621)
Testing accuracy: 21.01
(0.66, 3, 5.528077)
Testing accuracy: 22.71
(0.66, 4, 6.945581)
Testing accuracy: 23.13
(1.0, 2, 11.424356)
Testing accuracy: 19.59

  2%|▏         | 22/1000 [03:29<2:36:18,  9.59s/it]********************************************************************************
Round  22
this epoch cost time:0.5581612586975098
this epoch choose: [21, 50, 56, 73, 21, 91, 78, 82, 85, 58]
this epoch dispatch models: [2 5 3 4 2 6 6 0 5 3]
this epoch received models: [np.int64(2), np.int64(5), np.int64(3), np.int64(4), np.int64(2), np.int64(6), np.int64(6), np.int64(0), np.int64(5), np.int64(3)]
hetero_proportion: 	4:3:3
(0.4, 2, 2.120985)
Testing accuracy: 19.16
(0.4, 3, 2.646356)
Testing accuracy: 20.73
(0.4, 4, 4.64774)
Testing accuracy: 21.54
(0.66, 2, 5.159621)
Testing accuracy: 21.99
(0.66, 3, 5.528077)
Testing accuracy: 23.26
(0.66, 4, 6.945581)
Testing accuracy: 23.79
(1.0, 2, 11.424356)
Testing accuracy: 21.17

  2%|▏         | 23/1000 [03:38<2:37:02,  9.64s/it]********************************************************************************
Round  23
this epoch cost time:0.6541190147399902
this epoch choose: [69, 84, 60, 63, 60, 47, 41, 39, 82, 43]
this epoch dispatch models: [3 5 5 1 2 4 3 0 6 0]
this epoch received models: [np.int64(3), np.int64(5), np.int64(5), np.int64(1), np.int64(2), np.int64(4), np.int64(3), np.int64(0), np.int64(6), np.int64(0)]
hetero_proportion: 	4:3:3
(0.4, 2, 2.120985)
Testing accuracy: 19.97
(0.4, 3, 2.646356)
Testing accuracy: 21.16
(0.4, 4, 4.64774)
Testing accuracy: 21.66
(0.66, 2, 5.159621)
Testing accuracy: 22.18
(0.66, 3, 5.528077)
Testing accuracy: 23.40
(0.66, 4, 6.945581)
Testing accuracy: 23.46
(1.0, 2, 11.424356)
Testing accuracy: 21.33

  2%|▏         | 24/1000 [03:48<2:35:32,  9.56s/it]********************************************************************************
Round  24
this epoch cost time:0.5989475250244141
this epoch choose: [66, 90, 24, 56, 73, 32, 93, 72, 53, 77]
this epoch dispatch models: [5 4 2 4 6 2 0 5 3 0]
this epoch received models: [np.int64(5), np.int64(4), np.int64(2), np.int64(4), np.int64(6), np.int64(2), np.int64(0), np.int64(5), np.int64(3), np.int64(0)]
hetero_proportion: 	4:3:3
(0.4, 2, 2.120985)
Testing accuracy: 20.36
(0.4, 3, 2.646356)
Testing accuracy: 22.12
(0.4, 4, 4.64774)
Testing accuracy: 23.13
(0.66, 2, 5.159621)
Testing accuracy: 23.01
(0.66, 3, 5.528077)
Testing accuracy: 24.18
(0.66, 4, 6.945581)
Testing accuracy: 24.62
(1.0, 2, 11.424356)
Testing accuracy: 23.12

  2%|▎         | 25/1000 [03:57<2:32:59,  9.42s/it]********************************************************************************
Round  25
this epoch cost time:0.6520712375640869
this epoch choose: [55, 92, 41, 28, 2, 50, 49, 42, 92, 20]
this epoch dispatch models: [0 4 5 2 1 0 4 3 0 1]
this epoch received models: [np.int64(0), np.int64(4), np.int64(5), np.int64(2), np.int64(1), np.int64(0), np.int64(4), np.int64(3), np.int64(0), np.int64(1)]
hetero_proportion: 	4:3:3
(0.4, 2, 2.120985)
Testing accuracy: 21.31
(0.4, 3, 2.646356)
Testing accuracy: 22.25
(0.4, 4, 4.64774)
Testing accuracy: 23.32
(0.66, 2, 5.159621)
Testing accuracy: 23.45
(0.66, 3, 5.528077)
Testing accuracy: 24.45
(0.66, 4, 6.945581)
Testing accuracy: 24.93
(1.0, 2, 11.424356)
Testing accuracy: 24.16

  3%|▎         | 26/1000 [04:06<2:34:17,  9.51s/it]********************************************************************************
Round  26
this epoch cost time:0.6475417613983154
this epoch choose: [57, 85, 72, 91, 67, 87, 93, 54, 80, 88]
this epoch dispatch models: [2 4 4 6 3 6 3 3 3 2]
this epoch received models: [np.int64(2), np.int64(4), np.int64(4), np.int64(6), np.int64(3), np.int64(6), np.int64(3), np.int64(3), np.int64(3), np.int64(2)]
hetero_proportion: 	4:3:3
(0.4, 2, 2.120985)
Testing accuracy: 21.70
(0.4, 3, 2.646356)
Testing accuracy: 22.98
(0.4, 4, 4.64774)
Testing accuracy: 24.04
(0.66, 2, 5.159621)
Testing accuracy: 24.66
(0.66, 3, 5.528077)
Testing accuracy: 25.24
(0.66, 4, 6.945581)
Testing accuracy: 25.08
(1.0, 2, 11.424356)
Testing accuracy: 24.10

  3%|▎         | 27/1000 [04:16<2:34:18,  9.52s/it]********************************************************************************
Round  27
this epoch cost time:0.6363527774810791
this epoch choose: [73, 84, 54, 73, 90, 41, 65, 86, 76, 91]
this epoch dispatch models: [3 6 3 5 6 4 3 2 4 4]
this epoch received models: [np.int64(3), np.int64(6), np.int64(3), np.int64(5), np.int64(6), np.int64(4), np.int64(3), np.int64(2), np.int64(4), np.int64(4)]
hetero_proportion: 	4:3:3
(0.4, 2, 2.120985)
Testing accuracy: 22.20
(0.4, 3, 2.646356)
Testing accuracy: 23.38
(0.4, 4, 4.64774)
Testing accuracy: 24.21
(0.66, 2, 5.159621)
Testing accuracy: 24.85
(0.66, 3, 5.528077)
Testing accuracy: 25.45
(0.66, 4, 6.945581)
Testing accuracy: 25.08
(1.0, 2, 11.424356)
Testing accuracy: 23.75

  3%|▎         | 28/1000 [04:26<2:35:02,  9.57s/it]********************************************************************************
Round  28
this epoch cost time:0.665339469909668
this epoch choose: [41, 82, 80, 54, 43, 87, 79, 74, 53, 6]
this epoch dispatch models: [0 3 3 0 3 5 6 6 5 1]
this epoch received models: [np.int64(0), np.int64(3), np.int64(3), np.int64(0), np.int64(3), np.int64(5), np.int64(6), np.int64(6), np.int64(5), np.int64(1)]
hetero_proportion: 	4:3:3
(0.4, 2, 2.120985)
Testing accuracy: 21.40
(0.4, 3, 2.646356)
Testing accuracy: 23.41
(0.4, 4, 4.64774)
Testing accuracy: 24.35
(0.66, 2, 5.159621)
Testing accuracy: 24.78
(0.66, 3, 5.528077)
Testing accuracy: 25.42
(0.66, 4, 6.945581)
Testing accuracy: 25.89
(1.0, 2, 11.424356)
Testing accuracy: 25.30

  3%|▎         | 29/1000 [04:35<2:34:54,  9.57s/it]********************************************************************************
Round  29
this epoch cost time:0.6686999797821045
this epoch choose: [39, 9, 9, 39, 38, 95, 75, 53, 76, 32]
this epoch dispatch models: [0 2 2 2 0 2 6 1 4 0]
this epoch received models: [np.int64(0), np.int64(2), np.int64(2), np.int64(2), np.int64(0), np.int64(2), np.int64(6), np.int64(1), np.int64(4), np.int64(0)]
hetero_proportion: 	4:3:3
(0.4, 2, 2.120985)
Testing accuracy: 21.89
(0.4, 3, 2.646356)
Testing accuracy: 23.40
(0.4, 4, 4.64774)
Testing accuracy: 23.71
(0.66, 2, 5.159621)
Testing accuracy: 24.18
(0.66, 3, 5.528077)
Testing accuracy: 24.62
(0.66, 4, 6.945581)
Testing accuracy: 24.64
(1.0, 2, 11.424356)
Testing accuracy: 23.16

  3%|▎         | 30/1000 [04:45<2:33:49,  9.52s/it]********************************************************************************
Round  30
this epoch cost time:0.6400208473205566
this epoch choose: [48, 40, 87, 4, 77, 27, 97, 88, 84, 21]
this epoch dispatch models: [4 4 6 1 3 1 4 6 6 1]
this epoch received models: [np.int64(4), np.int64(4), np.int64(6), np.int64(1), np.int64(3), np.int64(1), np.int64(4), np.int64(6), np.int64(6), np.int64(1)]
hetero_proportion: 	4:3:3
(0.4, 2, 2.120985)
Testing accuracy: 22.42
(0.4, 3, 2.646356)
Testing accuracy: 23.74
(0.4, 4, 4.64774)
Testing accuracy: 23.48
(0.66, 2, 5.159621)
Testing accuracy: 25.49
(0.66, 3, 5.528077)
Testing accuracy: 25.90
(0.66, 4, 6.945581)
Testing accuracy: 25.30
(1.0, 2, 11.424356)
Testing accuracy: 24.50

  3%|▎         | 31/1000 [04:54<2:33:38,  9.51s/it]********************************************************************************
Round  31
this epoch cost time:0.6299922466278076
this epoch choose: [99, 85, 89, 65, 71, 48, 25, 44, 73, 53]
this epoch dispatch models: [2 5 6 1 6 0 0 2 6 4]
this epoch received models: [np.int64(2), np.int64(5), np.int64(6), np.int64(1), np.int64(6), np.int64(0), np.int64(0), np.int64(2), np.int64(6), np.int64(4)]
hetero_proportion: 	4:3:3
(0.4, 2, 2.120985)
Testing accuracy: 22.47
(0.4, 3, 2.646356)
Testing accuracy: 23.91
(0.4, 4, 4.64774)
Testing accuracy: 25.44
(0.66, 2, 5.159621)
Testing accuracy: 24.86
(0.66, 3, 5.528077)
Testing accuracy: 25.84
(0.66, 4, 6.945581)
Testing accuracy: 26.29
(1.0, 2, 11.424356)
Testing accuracy: 25.85

  3%|▎         | 32/1000 [05:04<2:35:55,  9.66s/it]********************************************************************************
Round  32
this epoch cost time:0.5592963695526123
this epoch choose: [73, 91, 55, 88, 24, 71, 13, 85, 64, 58]
this epoch dispatch models: [1 6 0 6 0 3 1 0 4 3]
this epoch received models: [np.int64(1), np.int64(6), np.int64(0), np.int64(6), np.int64(0), np.int64(3), np.int64(1), np.int64(0), np.int64(4), np.int64(3)]
hetero_proportion: 	4:3:3
(0.4, 2, 2.120985)
Testing accuracy: 23.68
(0.4, 3, 2.646356)
Testing accuracy: 24.90
(0.4, 4, 4.64774)
Testing accuracy: 24.75
(0.66, 2, 5.159621)
Testing accuracy: 25.80
(0.66, 3, 5.528077)
Testing accuracy: 25.90
(0.66, 4, 6.945581)
Testing accuracy: 25.52
(1.0, 2, 11.424356)
Testing accuracy: 24.43

  3%|▎         | 33/1000 [05:14<2:34:42,  9.60s/it]********************************************************************************
Round  33
this epoch cost time:0.7297787666320801
this epoch choose: [64, 71, 41, 80, 79, 97, 65, 97, 36, 2]
this epoch dispatch models: [2 3 4 6 5 6 4 3 0 0]
this epoch received models: [np.int64(2), np.int64(3), np.int64(4), np.int64(6), np.int64(5), np.int64(6), np.int64(4), np.int64(3), np.int64(0), np.int64(0)]
hetero_proportion: 	4:3:3
(0.4, 2, 2.120985)
Testing accuracy: 23.41
(0.4, 3, 2.646356)
Testing accuracy: 24.73
(0.4, 4, 4.64774)
Testing accuracy: 25.64
(0.66, 2, 5.159621)
Testing accuracy: 25.86
(0.66, 3, 5.528077)
Testing accuracy: 26.99
(0.66, 4, 6.945581)
Testing accuracy: 26.63
(1.0, 2, 11.424356)
Testing accuracy: 26.43

  3%|▎         | 34/1000 [05:24<2:36:36,  9.73s/it]********************************************************************************
Round  34
this epoch cost time:0.532630443572998
this epoch choose: [20, 76, 97, 60, 95, 76, 17, 61, 67, 27]
this epoch dispatch models: [0 6 6 4 6 5 1 5 4 1]
this epoch received models: [np.int64(0), np.int64(6), np.int64(6), np.int64(4), np.int64(6), np.int64(5), np.int64(1), np.int64(5), np.int64(4), np.int64(1)]
hetero_proportion: 	4:3:3
(0.4, 2, 2.120985)
Testing accuracy: 24.43
(0.4, 3, 2.646356)
Testing accuracy: 25.44
(0.4, 4, 4.64774)
Testing accuracy: 25.78
(0.66, 2, 5.159621)
Testing accuracy: 25.78
(0.66, 3, 5.528077)
Testing accuracy: 26.51
(0.66, 4, 6.945581)
Testing accuracy: 26.33
(1.0, 2, 11.424356)
Testing accuracy: 25.71

  4%|▎         | 35/1000 [05:33<2:32:36,  9.49s/it]********************************************************************************
Round  35
this epoch cost time:0.8221931457519531
this epoch choose: [34, 83, 12, 96, 64, 99, 75, 81, 98, 98]
this epoch dispatch models: [2 5 2 6 5 4 5 6 3 6]
this epoch received models: [np.int64(2), np.int64(5), np.int64(2), np.int64(6), np.int64(5), np.int64(4), np.int64(5), np.int64(6), np.int64(3), np.int64(6)]
hetero_proportion: 	4:3:3
(0.4, 2, 2.120985)
Testing accuracy: 24.53
(0.4, 3, 2.646356)
Testing accuracy: 25.72
(0.4, 4, 4.64774)
Testing accuracy: 26.98
(0.66, 2, 5.159621)
Testing accuracy: 27.13
(0.66, 3, 5.528077)
Testing accuracy: 27.76
(0.66, 4, 6.945581)
Testing accuracy: 28.40
(1.0, 2, 11.424356)
Testing accuracy: 28.02

  4%|▎         | 36/1000 [05:43<2:37:30,  9.80s/it]********************************************************************************
Round  36
this epoch cost time:0.7967398166656494
this epoch choose: [93, 83, 68, 71, 98, 74, 55, 44, 86, 5]
this epoch dispatch models: [4 4 0 3 2 4 5 3 4 2]
this epoch received models: [np.int64(4), np.int64(4), np.int64(0), np.int64(3), np.int64(2), np.int64(4), np.int64(5), np.int64(3), np.int64(4), np.int64(2)]
hetero_proportion: 	4:3:3
(0.4, 2, 2.120985)
Testing accuracy: 24.32
(0.4, 3, 2.646356)
Testing accuracy: 25.57
(0.4, 4, 4.64774)
Testing accuracy: 27.05
(0.66, 2, 5.159621)
Testing accuracy: 27.33
(0.66, 3, 5.528077)
Testing accuracy: 28.27
(0.66, 4, 6.945581)
Testing accuracy: 28.67
(1.0, 2, 11.424356)
Testing accuracy: 27.87

  4%|▎         | 37/1000 [05:53<2:35:55,  9.72s/it]********************************************************************************
Round  37
this epoch cost time:0.6065831184387207
this epoch choose: [72, 48, 21, 50, 98, 68, 27, 57, 97, 42]
this epoch dispatch models: [6 3 0 5 5 2 1 3 2 0]
this epoch received models: [np.int64(6), np.int64(3), np.int64(0), np.int64(5), np.int64(5), np.int64(2), np.int64(1), np.int64(3), np.int64(2), np.int64(0)]
hetero_proportion: 	4:3:3
(0.4, 2, 2.120985)
Testing accuracy: 24.00
(0.4, 3, 2.646356)
Testing accuracy: 25.14
(0.4, 4, 4.64774)
Testing accuracy: 25.91
(0.66, 2, 5.159621)
Testing accuracy: 27.03
(0.66, 3, 5.528077)
Testing accuracy: 27.67
(0.66, 4, 6.945581)
Testing accuracy: 27.59
(1.0, 2, 11.424356)
Testing accuracy: 27.25

  4%|▍         | 38/1000 [06:02<2:35:00,  9.67s/it]********************************************************************************
Round  38
this epoch cost time:0.6211931705474854
this epoch choose: [78, 64, 93, 32, 63, 61, 43, 14, 79, 30]
this epoch dispatch models: [5 1 4 1 3 3 1 2 6 0]
this epoch received models: [np.int64(5), np.int64(1), np.int64(4), np.int64(1), np.int64(3), np.int64(3), np.int64(1), np.int64(2), np.int64(6), np.int64(0)]
hetero_proportion: 	4:3:3
(0.4, 2, 2.120985)
Testing accuracy: 24.39
(0.4, 3, 2.646356)
Testing accuracy: 25.63
(0.4, 4, 4.64774)
Testing accuracy: 26.70
(0.66, 2, 5.159621)
Testing accuracy: 28.04
(0.66, 3, 5.528077)
Testing accuracy: 29.00
(0.66, 4, 6.945581)
Testing accuracy: 29.08
(1.0, 2, 11.424356)
Testing accuracy: 28.19

  4%|▍         | 39/1000 [06:11<2:32:45,  9.54s/it]********************************************************************************
Round  39
this epoch cost time:0.6345129013061523
this epoch choose: [77, 89, 92, 62, 74, 74, 75, 89, 73, 60]
this epoch dispatch models: [2 4 6 0 6 2 4 3 6 4]
this epoch received models: [np.int64(2), np.int64(4), np.int64(6), np.int64(0), np.int64(6), np.int64(2), np.int64(4), np.int64(3), np.int64(6), np.int64(4)]
hetero_proportion: 	4:3:3
(0.4, 2, 2.120985)
Testing accuracy: 24.65
(0.4, 3, 2.646356)
Testing accuracy: 25.56
(0.4, 4, 4.64774)
Testing accuracy: 26.83
(0.66, 2, 5.159621)
Testing accuracy: 26.99
(0.66, 3, 5.528077)
Testing accuracy: 27.84
(0.66, 4, 6.945581)
Testing accuracy: 28.15
(1.0, 2, 11.424356)
Testing accuracy: 27.83

  4%|▍         | 40/1000 [06:21<2:33:29,  9.59s/it]********************************************************************************
Round  40
this epoch cost time:0.6283161640167236
this epoch choose: [71, 66, 9, 64, 97, 90, 49, 96, 16, 43]
this epoch dispatch models: [6 3 0 5 6 5 4 6 2 2]
this epoch received models: [np.int64(6), np.int64(3), np.int64(0), np.int64(5), np.int64(6), np.int64(5), np.int64(4), np.int64(6), np.int64(2), np.int64(2)]
hetero_proportion: 	4:3:3
(0.4, 2, 2.120985)
Testing accuracy: 25.27
(0.4, 3, 2.646356)
Testing accuracy: 25.86
(0.4, 4, 4.64774)
Testing accuracy: 27.63
(0.66, 2, 5.159621)
Testing accuracy: 28.21
(0.66, 3, 5.528077)
Testing accuracy: 29.45
(0.66, 4, 6.945581)
Testing accuracy: 29.95
(1.0, 2, 11.424356)
Testing accuracy: 29.29

  4%|▍         | 41/1000 [06:31<2:34:24,  9.66s/it]********************************************************************************
Round  41
this epoch cost time:0.6882483959197998
this epoch choose: [47, 78, 75, 90, 48, 9, 73, 70, 54, 88]
this epoch dispatch models: [4 1 2 5 1 1 1 0 5 6]
this epoch received models: [np.int64(4), np.int64(1), np.int64(2), np.int64(5), np.int64(1), np.int64(1), np.int64(1), np.int64(0), np.int64(5), np.int64(6)]
hetero_proportion: 	4:3:3
(0.4, 2, 2.120985)
Testing accuracy: 25.70
(0.4, 3, 2.646356)
Testing accuracy: 27.06
(0.4, 4, 4.64774)
Testing accuracy: 27.98
(0.66, 2, 5.159621)
Testing accuracy: 28.72
(0.66, 3, 5.528077)
Testing accuracy: 29.80
(0.66, 4, 6.945581)
Testing accuracy: 29.63
(1.0, 2, 11.424356)
Testing accuracy: 28.45

  4%|▍         | 42/1000 [06:40<2:32:55,  9.58s/it]********************************************************************************
Round  42
this epoch cost time:0.6858963966369629
this epoch choose: [45, 57, 63, 37, 72, 74, 14, 69, 35, 13]
this epoch dispatch models: [5 4 4 2 2 3 1 4 0 0]
this epoch received models: [np.int64(5), np.int64(4), np.int64(4), np.int64(2), np.int64(2), np.int64(3), np.int64(1), np.int64(4), np.int64(0), np.int64(0)]
hetero_proportion: 	4:3:3
(0.4, 2, 2.120985)
Testing accuracy: 25.50
(0.4, 3, 2.646356)
Testing accuracy: 26.99
(0.4, 4, 4.64774)
Testing accuracy: 27.83
(0.66, 2, 5.159621)
Testing accuracy: 27.83
(0.66, 3, 5.528077)
Testing accuracy: 29.15
(0.66, 4, 6.945581)
Testing accuracy: 28.87
(1.0, 2, 11.424356)
Testing accuracy: 28.40

  4%|▍         | 43/1000 [06:50<2:31:49,  9.52s/it]********************************************************************************
Round  43
this epoch cost time:0.48482322692871094
this epoch choose: [95, 42, 37, 40, 78, 82, 1, 11, 52, 47]
this epoch dispatch models: [6 3 2 4 1 3 1 1 2 5]
this epoch received models: [np.int64(6), np.int64(3), np.int64(2), np.int64(4), np.int64(1), np.int64(3), np.int64(1), np.int64(1), np.int64(2), np.int64(5)]
hetero_proportion: 	4:3:3
(0.4, 2, 2.120985)
Testing accuracy: 26.17
(0.4, 3, 2.646356)
Testing accuracy: 27.58
(0.4, 4, 4.64774)
Testing accuracy: 28.20
(0.66, 2, 5.159621)
Testing accuracy: 28.59
(0.66, 3, 5.528077)
Testing accuracy: 29.97
(0.66, 4, 6.945581)
Testing accuracy: 29.31
(1.0, 2, 11.424356)
Testing accuracy: 28.11

  4%|▍         | 44/1000 [06:59<2:32:13,  9.55s/it]********************************************************************************
Round  44
this epoch cost time:0.5997593402862549
this epoch choose: [92, 96, 90, 71, 24, 55, 75, 66, 20, 47]
this epoch dispatch models: [5 4 5 6 0 3 0 4 2 3]
this epoch received models: [np.int64(5), np.int64(4), np.int64(5), np.int64(6), np.int64(0), np.int64(3), np.int64(0), np.int64(4), np.int64(2), np.int64(3)]
hetero_proportion: 	4:3:3
(0.4, 2, 2.120985)
Testing accuracy: 26.91
(0.4, 3, 2.646356)
Testing accuracy: 28.33
(0.4, 4, 4.64774)
Testing accuracy: 29.34
(0.66, 2, 5.159621)
Testing accuracy: 29.97
(0.66, 3, 5.528077)
Testing accuracy: 31.06
(0.66, 4, 6.945581)
Testing accuracy: 30.91
(1.0, 2, 11.424356)
Testing accuracy: 29.55

  4%|▍         | 45/1000 [07:09<2:34:18,  9.69s/it]********************************************************************************
Round  45
this epoch cost time:0.6057279109954834
this epoch choose: [68, 21, 87, 55, 50, 95, 13, 55, 99, 64]
this epoch dispatch models: [5 1 1 4 4 0 2 1 6 3]
this epoch received models: [np.int64(5), np.int64(1), np.int64(1), np.int64(4), np.int64(4), np.int64(0), np.int64(2), np.int64(1), np.int64(6), np.int64(3)]
hetero_proportion: 	4:3:3
(0.4, 2, 2.120985)
Testing accuracy: 25.62
(0.4, 3, 2.646356)
Testing accuracy: 27.04
(0.4, 4, 4.64774)
Testing accuracy: 27.82
(0.66, 2, 5.159621)
Testing accuracy: 28.58
(0.66, 3, 5.528077)
Testing accuracy: 28.86
(0.66, 4, 6.945581)
Testing accuracy: 28.72
(1.0, 2, 11.424356)
Testing accuracy: 28.32

  5%|▍         | 46/1000 [07:19<2:32:13,  9.57s/it]********************************************************************************
Round  46
this epoch cost time:0.5998706817626953
this epoch choose: [95, 69, 37, 70, 56, 91, 61, 60, 73, 53]
this epoch dispatch models: [6 0 1 0 5 2 2 4 6 3]
this epoch received models: [np.int64(6), np.int64(0), np.int64(1), np.int64(0), np.int64(5), np.int64(2), np.int64(2), np.int64(4), np.int64(6), np.int64(3)]
hetero_proportion: 	4:3:3
(0.4, 2, 2.120985)
Testing accuracy: 26.45
(0.4, 3, 2.646356)
Testing accuracy: 28.03
(0.4, 4, 4.64774)
Testing accuracy: 28.29
(0.66, 2, 5.159621)
Testing accuracy: 28.84
(0.66, 3, 5.528077)
Testing accuracy: 29.54
(0.66, 4, 6.945581)
Testing accuracy: 29.16
(1.0, 2, 11.424356)
Testing accuracy: 28.82

  5%|▍         | 47/1000 [07:28<2:31:05,  9.51s/it]********************************************************************************
Round  47
this epoch cost time:0.7771012783050537
this epoch choose: [83, 40, 5, 3, 40, 37, 92, 78, 60, 57]
this epoch dispatch models: [2 2 2 0 5 2 0 4 5 1]
this epoch received models: [np.int64(2), np.int64(2), np.int64(2), np.int64(0), np.int64(5), np.int64(2), np.int64(0), np.int64(4), np.int64(5), np.int64(1)]
hetero_proportion: 	4:3:3
(0.4, 2, 2.120985)
Testing accuracy: 26.65
(0.4, 3, 2.646356)
Testing accuracy: 27.30
(0.4, 4, 4.64774)
Testing accuracy: 27.95
(0.66, 2, 5.159621)
Testing accuracy: 27.80
(0.66, 3, 5.528077)
Testing accuracy: 28.48
(0.66, 4, 6.945581)
Testing accuracy: 28.29
(1.0, 2, 11.424356)
Testing accuracy: 28.89

  5%|▍         | 48/1000 [07:38<2:31:29,  9.55s/it]********************************************************************************
Round  48
this epoch cost time:0.6906936168670654
this epoch choose: [65, 40, 51, 44, 72, 99, 40, 89, 69, 47]
this epoch dispatch models: [5 0 2 3 6 6 0 6 4 3]
this epoch received models: [np.int64(5), np.int64(0), np.int64(2), np.int64(3), np.int64(6), np.int64(6), np.int64(0), np.int64(6), np.int64(4), np.int64(3)]
hetero_proportion: 	4:3:3
(0.4, 2, 2.120985)
Testing accuracy: 26.32
(0.4, 3, 2.646356)
Testing accuracy: 28.05
(0.4, 4, 4.64774)
Testing accuracy: 28.81
(0.66, 2, 5.159621)
Testing accuracy: 29.50
(0.66, 3, 5.528077)
Testing accuracy: 30.18
(0.66, 4, 6.945581)
Testing accuracy: 30.54
(1.0, 2, 11.424356)
Testing accuracy: 30.10

  5%|▍         | 49/1000 [07:47<2:28:21,  9.36s/it]********************************************************************************
Round  49
this epoch cost time:0.631420373916626
this epoch choose: [56, 53, 79, 94, 97, 69, 97, 88, 60, 91]
this epoch dispatch models: [3 3 0 6 3 1 6 2 0 6]
this epoch received models: [np.int64(3), np.int64(3), np.int64(0), np.int64(6), np.int64(3), np.int64(1), np.int64(6), np.int64(2), np.int64(0), np.int64(6)]
hetero_proportion: 	4:3:3
(0.4, 2, 2.120985)
Testing accuracy: 27.58
(0.4, 3, 2.646356)
Testing accuracy: 28.80
(0.4, 4, 4.64774)
Testing accuracy: 29.20
(0.66, 2, 5.159621)
Testing accuracy: 28.88
(0.66, 3, 5.528077)
Testing accuracy: 29.12
(0.66, 4, 6.945581)
Testing accuracy: 29.23
(1.0, 2, 11.424356)
Testing accuracy: 29.17

  5%|▌         | 50/1000 [07:56<2:29:37,  9.45s/it]********************************************************************************
Round  50
this epoch cost time:0.7322518825531006
this epoch choose: [45, 78, 51, 69, 53, 59, 52, 55, 81, 10]
this epoch dispatch models: [1 6 4 2 3 4 5 4 6 2]
this epoch received models: [np.int64(1), np.int64(6), np.int64(4), np.int64(2), np.int64(3), np.int64(4), np.int64(5), np.int64(4), np.int64(6), np.int64(2)]
hetero_proportion: 	4:3:3
(0.4, 2, 2.120985)
Testing accuracy: 27.28
(0.4, 3, 2.646356)
Testing accuracy: 28.89
(0.4, 4, 4.64774)
Testing accuracy: 30.14
(0.66, 2, 5.159621)
Testing accuracy: 29.99
(0.66, 3, 5.528077)
Testing accuracy: 30.87
(0.66, 4, 6.945581)
Testing accuracy: 30.62
(1.0, 2, 11.424356)
Testing accuracy: 30.82

  5%|▌         | 51/1000 [08:06<2:30:05,  9.49s/it]********************************************************************************
Round  51
this epoch cost time:0.7116045951843262
this epoch choose: [96, 35, 11, 94, 68, 11, 81, 76, 81, 61]
this epoch dispatch models: [6 1 2 6 5 0 5 3 5 3]
this epoch received models: [np.int64(6), np.int64(1), np.int64(2), np.int64(6), np.int64(5), np.int64(0), np.int64(5), np.int64(3), np.int64(5), np.int64(3)]
hetero_proportion: 	4:3:3
(0.4, 2, 2.120985)
Testing accuracy: 27.49
(0.4, 3, 2.646356)
Testing accuracy: 28.99
(0.4, 4, 4.64774)
Testing accuracy: 29.40
(0.66, 2, 5.159621)
Testing accuracy: 29.84
(0.66, 3, 5.528077)
Testing accuracy: 30.88
(0.66, 4, 6.945581)
Testing accuracy: 29.67
(1.0, 2, 11.424356)
Testing accuracy: 28.90

  5%|▌         | 52/1000 [08:16<2:31:35,  9.59s/it]********************************************************************************
Round  52
this epoch cost time:0.5645122528076172
this epoch choose: [29, 82, 39, 71, 41, 23, 40, 95, 74, 97]
this epoch dispatch models: [2 6 0 6 0 0 0 6 2 4]
this epoch received models: [np.int64(2), np.int64(6), np.int64(0), np.int64(6), np.int64(0), np.int64(0), np.int64(0), np.int64(6), np.int64(2), np.int64(4)]
hetero_proportion: 	4:3:3
(0.4, 2, 2.120985)
Testing accuracy: 27.20
(0.4, 3, 2.646356)
Testing accuracy: 28.53
(0.4, 4, 4.64774)
Testing accuracy: 29.48
(0.66, 2, 5.159621)
Testing accuracy: 29.87
(0.66, 3, 5.528077)
Testing accuracy: 31.47
(0.66, 4, 6.945581)
Testing accuracy: 30.74
(1.0, 2, 11.424356)
Testing accuracy: 29.40

  5%|▌         | 53/1000 [08:25<2:30:11,  9.52s/it]********************************************************************************
Round  53
this epoch cost time:0.6279928684234619
this epoch choose: [38, 55, 42, 12, 69, 78, 77, 76, 45, 55]
this epoch dispatch models: [0 4 1 2 1 2 4 1 3 5]
this epoch received models: [np.int64(0), np.int64(4), np.int64(1), np.int64(2), np.int64(1), np.int64(2), np.int64(4), np.int64(1), np.int64(3), np.int64(5)]
hetero_proportion: 	4:3:3
(0.4, 2, 2.120985)
Testing accuracy: 27.72
(0.4, 3, 2.646356)
Testing accuracy: 28.82
(0.4, 4, 4.64774)
Testing accuracy: 29.37
(0.66, 2, 5.159621)
Testing accuracy: 29.27
(0.66, 3, 5.528077)
Testing accuracy: 30.14
(0.66, 4, 6.945581)
Testing accuracy: 30.07
(1.0, 2, 11.424356)
Testing accuracy: 30.12

  5%|▌         | 54/1000 [08:35<2:31:38,  9.62s/it]********************************************************************************
Round  54
this epoch cost time:0.6593852043151855
this epoch choose: [28, 41, 31, 51, 72, 57, 70, 9, 93, 9]
this epoch dispatch models: [1 5 1 2 6 4 1 0 6 2]
this epoch received models: [np.int64(1), np.int64(5), np.int64(1), np.int64(2), np.int64(6), np.int64(4), np.int64(1), np.int64(0), np.int64(6), np.int64(2)]
hetero_proportion: 	4:3:3
(0.4, 2, 2.120985)
Testing accuracy: 27.77
(0.4, 3, 2.646356)
Testing accuracy: 29.36
(0.4, 4, 4.64774)
Testing accuracy: 30.24
(0.66, 2, 5.159621)
Testing accuracy: 30.00
(0.66, 3, 5.528077)
Testing accuracy: 30.90
(0.66, 4, 6.945581)
Testing accuracy: 31.12
(1.0, 2, 11.424356)
Testing accuracy: 31.37

  6%|▌         | 55/1000 [08:45<2:33:00,  9.72s/it]********************************************************************************
Round  55
this epoch cost time:0.6570641994476318
this epoch choose: [41, 81, 1, 37, 96, 90, 62, 71, 60, 95]
this epoch dispatch models: [5 1 2 0 0 5 3 4 1 5]
this epoch received models: [np.int64(5), np.int64(1), np.int64(2), np.int64(0), np.int64(0), np.int64(5), np.int64(3), np.int64(4), np.int64(1), np.int64(5)]
hetero_proportion: 	4:3:3
(0.4, 2, 2.120985)
Testing accuracy: 28.49
(0.4, 3, 2.646356)
Testing accuracy: 29.82
(0.4, 4, 4.64774)
Testing accuracy: 30.09
(0.66, 2, 5.159621)
Testing accuracy: 30.29
(0.66, 3, 5.528077)
Testing accuracy: 31.49
(0.66, 4, 6.945581)
Testing accuracy: 30.92
(1.0, 2, 11.424356)
Testing accuracy: 29.66

  6%|▌         | 56/1000 [08:55<2:35:35,  9.89s/it]********************************************************************************
Round  56
this epoch cost time:0.6145062446594238
this epoch choose: [19, 46, 64, 94, 90, 41, 44, 72, 85, 51]
this epoch dispatch models: [0 4 0 6 3 2 4 3 2 4]
this epoch received models: [np.int64(0), np.int64(4), np.int64(0), np.int64(6), np.int64(3), np.int64(2), np.int64(4), np.int64(3), np.int64(2), np.int64(4)]
hetero_proportion: 	4:3:3
(0.4, 2, 2.120985)
Testing accuracy: 29.36
(0.4, 3, 2.646356)
Testing accuracy: 30.66
(0.4, 4, 4.64774)
Testing accuracy: 30.87
(0.66, 2, 5.159621)
Testing accuracy: 31.29
(0.66, 3, 5.528077)
Testing accuracy: 32.33
(0.66, 4, 6.945581)
Testing accuracy: 31.96
(1.0, 2, 11.424356)
Testing accuracy: 30.79

  6%|▌         | 57/1000 [09:05<2:36:50,  9.98s/it]********************************************************************************
Round  57
this epoch cost time:0.5766425132751465
this epoch choose: [22, 89, 19, 18, 92, 95, 40, 39, 46, 90]
this epoch dispatch models: [2 4 0 0 5 4 2 2 4 2]
this epoch received models: [np.int64(2), np.int64(4), np.int64(0), np.int64(0), np.int64(5), np.int64(4), np.int64(2), np.int64(2), np.int64(4), np.int64(2)]
hetero_proportion: 	4:3:3
(0.4, 2, 2.120985)
Testing accuracy: 28.88
(0.4, 3, 2.646356)
Testing accuracy: 30.52
(0.4, 4, 4.64774)
Testing accuracy: 31.43
(0.66, 2, 5.159621)
Testing accuracy: 30.92
(0.66, 3, 5.528077)
Testing accuracy: 31.98
(0.66, 4, 6.945581)
Testing accuracy: 31.95
(1.0, 2, 11.424356)
Testing accuracy: 31.33

  6%|▌         | 58/1000 [09:14<2:32:07,  9.69s/it]********************************************************************************
Round  58
this epoch cost time:0.6434431076049805
this epoch choose: [86, 93, 98, 77, 37, 48, 97, 53, 49, 74]
this epoch dispatch models: [6 3 5 0 0 4 3 4 3 3]
this epoch received models: [np.int64(6), np.int64(3), np.int64(5), np.int64(0), np.int64(0), np.int64(4), np.int64(3), np.int64(4), np.int64(3), np.int64(3)]
hetero_proportion: 	4:3:3
(0.4, 2, 2.120985)
Testing accuracy: 29.09
(0.4, 3, 2.646356)
Testing accuracy: 30.39
(0.4, 4, 4.64774)
Testing accuracy: 30.36
(0.66, 2, 5.159621)
Testing accuracy: 31.06
(0.66, 3, 5.528077)
Testing accuracy: 31.51
(0.66, 4, 6.945581)
Testing accuracy: 31.35
(1.0, 2, 11.424356)
Testing accuracy: 29.58

  6%|▌         | 59/1000 [09:24<2:32:16,  9.71s/it]********************************************************************************
Round  59
this epoch cost time:0.790414571762085
this epoch choose: [98, 92, 71, 89, 60, 92, 79, 91, 83, 98]
this epoch dispatch models: [4 0 6 5 3 5 1 4 4 3]
this epoch received models: [np.int64(4), np.int64(0), np.int64(6), np.int64(5), np.int64(3), np.int64(5), np.int64(1), np.int64(4), np.int64(4), np.int64(3)]
hetero_proportion: 	4:3:3
(0.4, 2, 2.120985)
Testing accuracy: 28.73
(0.4, 3, 2.646356)
Testing accuracy: 30.41
(0.4, 4, 4.64774)
Testing accuracy: 30.01
(0.66, 2, 5.159621)
Testing accuracy: 30.87
(0.66, 3, 5.528077)
Testing accuracy: 31.84
(0.66, 4, 6.945581)
Testing accuracy: 31.03
(1.0, 2, 11.424356)
Testing accuracy: 30.17

  6%|▌         | 60/1000 [09:34<2:31:14,  9.65s/it]********************************************************************************
Round  60
this epoch cost time:0.844071626663208
this epoch choose: [70, 95, 88, 76, 22, 79, 83, 68, 20, 6]
this epoch dispatch models: [2 2 2 6 2 6 6 2 0 2]
this epoch received models: [np.int64(2), np.int64(2), np.int64(2), np.int64(6), np.int64(2), np.int64(6), np.int64(6), np.int64(2), np.int64(0), np.int64(2)]
hetero_proportion: 	4:3:3
(0.4, 2, 2.120985)
Testing accuracy: 29.23
(0.4, 3, 2.646356)
Testing accuracy: 31.00
(0.4, 4, 4.64774)
Testing accuracy: 31.58
(0.66, 2, 5.159621)
Testing accuracy: 31.13
(0.66, 3, 5.528077)
Testing accuracy: 31.52
(0.66, 4, 6.945581)
Testing accuracy: 31.75
(1.0, 2, 11.424356)
Testing accuracy: 31.65

  6%|▌         | 61/1000 [09:43<2:30:18,  9.60s/it]********************************************************************************
Round  61
this epoch cost time:0.5463392734527588
this epoch choose: [91, 97, 82, 31, 78, 89, 44, 87, 57, 91]
this epoch dispatch models: [1 6 5 2 6 3 5 0 0 5]
this epoch received models: [np.int64(1), np.int64(6), np.int64(5), np.int64(2), np.int64(6), np.int64(3), np.int64(5), np.int64(0), np.int64(0), np.int64(5)]
hetero_proportion: 	4:3:3
(0.4, 2, 2.120985)
Testing accuracy: 29.44
(0.4, 3, 2.646356)
Testing accuracy: 30.07
(0.4, 4, 4.64774)
Testing accuracy: 31.05
(0.66, 2, 5.159621)
Testing accuracy: 30.49
(0.66, 3, 5.528077)
Testing accuracy: 31.08
(0.66, 4, 6.945581)
Testing accuracy: 31.64
(1.0, 2, 11.424356)
Testing accuracy: 31.11

  6%|▌         | 62/1000 [09:52<2:26:56,  9.40s/it]********************************************************************************
Round  62
this epoch cost time:0.6501781940460205
this epoch choose: [67, 87, 56, 69, 84, 68, 69, 40, 65, 96]
this epoch dispatch models: [5 6 5 1 6 1 3 3 5 6]
this epoch received models: [np.int64(5), np.int64(6), np.int64(5), np.int64(1), np.int64(6), np.int64(1), np.int64(3), np.int64(3), np.int64(5), np.int64(6)]
hetero_proportion: 	4:3:3
(0.4, 2, 2.120985)
Testing accuracy: 29.18
(0.4, 3, 2.646356)
Testing accuracy: 30.11
(0.4, 4, 4.64774)
Testing accuracy: 30.65
(0.66, 2, 5.159621)
Testing accuracy: 30.99
(0.66, 3, 5.528077)
Testing accuracy: 31.80
(0.66, 4, 6.945581)
Testing accuracy: 31.43
(1.0, 2, 11.424356)
Testing accuracy: 32.01

  6%|▋         | 63/1000 [10:01<2:27:15,  9.43s/it]********************************************************************************
Round  63
this epoch cost time:0.6808905601501465
this epoch choose: [61, 75, 33, 71, 41, 90, 90, 53, 76, 2]
this epoch dispatch models: [3 6 1 3 3 3 6 1 3 0]
this epoch received models: [np.int64(3), np.int64(6), np.int64(1), np.int64(3), np.int64(3), np.int64(3), np.int64(6), np.int64(1), np.int64(3), np.int64(0)]
hetero_proportion: 	4:3:3
(0.4, 2, 2.120985)
Testing accuracy: 29.59
(0.4, 3, 2.646356)
Testing accuracy: 30.36
(0.4, 4, 4.64774)
Testing accuracy: 30.97
(0.66, 2, 5.159621)
Testing accuracy: 31.33
(0.66, 3, 5.528077)
Testing accuracy: 31.97
(0.66, 4, 6.945581)
Testing accuracy: 31.55
(1.0, 2, 11.424356)
Testing accuracy: 30.68

  6%|▋         | 64/1000 [10:11<2:29:21,  9.57s/it]********************************************************************************
Round  64
this epoch cost time:0.6465864181518555
this epoch choose: [43, 84, 45, 77, 48, 75, 74, 74, 56, 93]
this epoch dispatch models: [4 5 0 5 5 2 6 6 4 4]
this epoch received models: [np.int64(4), np.int64(5), np.int64(0), np.int64(5), np.int64(5), np.int64(2), np.int64(6), np.int64(6), np.int64(4), np.int64(4)]
hetero_proportion: 	4:3:3
(0.4, 2, 2.120985)
Testing accuracy: 30.09
(0.4, 3, 2.646356)
Testing accuracy: 30.91
(0.4, 4, 4.64774)
Testing accuracy: 30.74
(0.66, 2, 5.159621)
Testing accuracy: 31.35
(0.66, 3, 5.528077)
Testing accuracy: 32.33
(0.66, 4, 6.945581)
Testing accuracy: 31.81
(1.0, 2, 11.424356)
Testing accuracy: 30.99

  6%|▋         | 65/1000 [10:21<2:31:33,  9.73s/it]********************************************************************************
Round  65
this epoch cost time:0.6019434928894043
this epoch choose: [35, 50, 88, 65, 51, 78, 45, 54, 62, 40]
this epoch dispatch models: [2 0 6 3 5 2 4 5 0 4]
this epoch received models: [np.int64(2), np.int64(0), np.int64(6), np.int64(3), np.int64(5), np.int64(2), np.int64(4), np.int64(5), np.int64(0), np.int64(4)]
hetero_proportion: 	4:3:3
(0.4, 2, 2.120985)
Testing accuracy: 29.85
(0.4, 3, 2.646356)
Testing accuracy: 31.23
(0.4, 4, 4.64774)
Testing accuracy: 31.53
(0.66, 2, 5.159621)
Testing accuracy: 32.31
(0.66, 3, 5.528077)
Testing accuracy: 33.20
(0.66, 4, 6.945581)
Testing accuracy: 32.89
(1.0, 2, 11.424356)
Testing accuracy: 32.42

  7%|▋         | 66/1000 [10:31<2:29:31,  9.61s/it]********************************************************************************
Round  66
this epoch cost time:0.7952501773834229
this epoch choose: [75, 73, 40, 72, 97, 83, 98, 56, 99, 83]
this epoch dispatch models: [6 5 2 3 4 2 4 1 3 4]
this epoch received models: [np.int64(6), np.int64(5), np.int64(2), np.int64(3), np.int64(4), np.int64(2), np.int64(4), np.int64(1), np.int64(3), np.int64(4)]
hetero_proportion: 	4:3:3
(0.4, 2, 2.120985)
Testing accuracy: 29.39
(0.4, 3, 2.646356)
Testing accuracy: 30.02
(0.4, 4, 4.64774)
Testing accuracy: 30.14
(0.66, 2, 5.159621)
Testing accuracy: 31.36
(0.66, 3, 5.528077)
Testing accuracy: 31.38
(0.66, 4, 6.945581)
Testing accuracy: 31.11
(1.0, 2, 11.424356)
Testing accuracy: 30.55

  7%|▋         | 67/1000 [10:41<2:33:02,  9.84s/it]********************************************************************************
Round  67
this epoch cost time:0.661583423614502
this epoch choose: [80, 93, 54, 30, 60, 85, 91, 70, 28, 92]
this epoch dispatch models: [3 0 3 0 4 6 6 3 0 6]
this epoch received models: [np.int64(3), np.int64(0), np.int64(3), np.int64(0), np.int64(4), np.int64(6), np.int64(6), np.int64(3), np.int64(0), np.int64(6)]
hetero_proportion: 	4:3:3
(0.4, 2, 2.120985)
Testing accuracy: 30.53
(0.4, 3, 2.646356)
Testing accuracy: 31.63
(0.4, 4, 4.64774)
Testing accuracy: 31.51
(0.66, 2, 5.159621)
Testing accuracy: 32.52
(0.66, 3, 5.528077)
Testing accuracy: 33.17
(0.66, 4, 6.945581)
Testing accuracy: 32.52
(1.0, 2, 11.424356)
Testing accuracy: 32.35

  7%|▋         | 68/1000 [10:51<2:34:55,  9.97s/it]********************************************************************************
Round  68
this epoch cost time:0.8420400619506836
this epoch choose: [83, 61, 75, 78, 99, 86, 98, 81, 78, 90]
this epoch dispatch models: [6 5 3 1 6 4 4 5 6 6]
this epoch received models: [np.int64(6), np.int64(5), np.int64(3), np.int64(1), np.int64(6), np.int64(4), np.int64(4), np.int64(5), np.int64(6), np.int64(6)]
hetero_proportion: 	4:3:3
(0.4, 2, 2.120985)
Testing accuracy: 30.11
(0.4, 3, 2.646356)
Testing accuracy: 30.98
(0.4, 4, 4.64774)
Testing accuracy: 30.74
(0.66, 2, 5.159621)
Testing accuracy: 32.76
(0.66, 3, 5.528077)
Testing accuracy: 33.33
(0.66, 4, 6.945581)
Testing accuracy: 31.89
(1.0, 2, 11.424356)
Testing accuracy: 31.24

  7%|▋         | 69/1000 [11:01<2:32:12,  9.81s/it]********************************************************************************
Round  69
this epoch cost time:0.5462970733642578
this epoch choose: [28, 43, 98, 9, 88, 65, 82, 47, 50, 65]
this epoch dispatch models: [2 5 5 2 4 2 1 2 3 1]
this epoch received models: [np.int64(2), np.int64(5), np.int64(5), np.int64(2), np.int64(4), np.int64(2), np.int64(1), np.int64(2), np.int64(3), np.int64(1)]
hetero_proportion: 	4:3:3
(0.4, 2, 2.120985)
Testing accuracy: 30.68
(0.4, 3, 2.646356)
Testing accuracy: 31.23
(0.4, 4, 4.64774)
Testing accuracy: 31.31
(0.66, 2, 5.159621)
Testing accuracy: 32.61
(0.66, 3, 5.528077)
Testing accuracy: 33.64
(0.66, 4, 6.945581)
Testing accuracy: 32.88
(1.0, 2, 11.424356)
Testing accuracy: 32.08

  7%|▋         | 70/1000 [11:10<2:28:52,  9.60s/it]********************************************************************************
Round  70
this epoch cost time:0.6641137599945068
this epoch choose: [89, 90, 96, 53, 79, 38, 84, 59, 94, 75]
this epoch dispatch models: [5 5 3 3 6 0 4 3 3 5]
this epoch received models: [np.int64(5), np.int64(5), np.int64(3), np.int64(3), np.int64(6), np.int64(0), np.int64(4), np.int64(3), np.int64(3), np.int64(5)]
hetero_proportion: 	4:3:3
(0.4, 2, 2.120985)
Testing accuracy: 30.99
(0.4, 3, 2.646356)
Testing accuracy: 31.94
(0.4, 4, 4.64774)
Testing accuracy: 32.26
(0.66, 2, 5.159621)
Testing accuracy: 33.48
(0.66, 3, 5.528077)
Testing accuracy: 34.53
(0.66, 4, 6.945581)
Testing accuracy: 33.57
(1.0, 2, 11.424356)
Testing accuracy: 31.71

  7%|▋         | 71/1000 [11:20<2:30:27,  9.72s/it]********************************************************************************
Round  71
this epoch cost time:0.5456528663635254
this epoch choose: [63, 50, 92, 89, 94, 84, 78, 45, 15, 97]
this epoch dispatch models: [3 3 6 0 2 6 3 5 1 5]
this epoch received models: [np.int64(3), np.int64(3), np.int64(6), np.int64(0), np.int64(2), np.int64(6), np.int64(3), np.int64(5), np.int64(1), np.int64(5)]
hetero_proportion: 	4:3:3
(0.4, 2, 2.120985)
Testing accuracy: 31.46
(0.4, 3, 2.646356)
Testing accuracy: 32.10
(0.4, 4, 4.64774)
Testing accuracy: 32.57
(0.66, 2, 5.159621)
Testing accuracy: 34.06
(0.66, 3, 5.528077)
Testing accuracy: 34.28
(0.66, 4, 6.945581)
Testing accuracy: 33.50
(1.0, 2, 11.424356)
Testing accuracy: 32.56

  7%|▋         | 72/1000 [11:29<2:25:39,  9.42s/it]********************************************************************************
Round  72
this epoch cost time:0.5531930923461914
this epoch choose: [78, 65, 88, 64, 51, 19, 78, 67, 27, 72]
this epoch dispatch models: [3 2 6 5 3 2 6 5 2 0]
this epoch received models: [np.int64(3), np.int64(2), np.int64(6), np.int64(5), np.int64(3), np.int64(2), np.int64(6), np.int64(5), np.int64(2), np.int64(0)]
hetero_proportion: 	4:3:3
(0.4, 2, 2.120985)
Testing accuracy: 31.32
(0.4, 3, 2.646356)
Testing accuracy: 31.76
(0.4, 4, 4.64774)
Testing accuracy: 32.32
(0.66, 2, 5.159621)
Testing accuracy: 33.72
(0.66, 3, 5.528077)
Testing accuracy: 34.33
(0.66, 4, 6.945581)
Testing accuracy: 33.38
(1.0, 2, 11.424356)
Testing accuracy: 32.83

  7%|▋         | 73/1000 [11:38<2:24:23,  9.35s/it]********************************************************************************
Round  73
this epoch cost time:0.6138951778411865
this epoch choose: [86, 96, 6, 71, 87, 82, 91, 81, 44, 49]
this epoch dispatch models: [4 0 1 3 0 6 0 0 1 2]
this epoch received models: [np.int64(4), np.int64(0), np.int64(1), np.int64(3), np.int64(0), np.int64(6), np.int64(0), np.int64(0), np.int64(1), np.int64(2)]
hetero_proportion: 	4:3:3
(0.4, 2, 2.120985)
Testing accuracy: 31.01
(0.4, 3, 2.646356)
Testing accuracy: 32.14
(0.4, 4, 4.64774)
Testing accuracy: 32.06
(0.66, 2, 5.159621)
Testing accuracy: 33.20
(0.66, 3, 5.528077)
Testing accuracy: 33.93
(0.66, 4, 6.945581)
Testing accuracy: 32.92
(1.0, 2, 11.424356)
Testing accuracy: 30.75

  7%|▋         | 74/1000 [11:48<2:25:49,  9.45s/it]********************************************************************************
Round  74
this epoch cost time:0.6683986186981201
this epoch choose: [72, 97, 50, 69, 93, 5, 67, 11, 91, 78]
this epoch dispatch models: [4 6 4 2 0 1 0 0 5 6]
this epoch received models: [np.int64(4), np.int64(6), np.int64(4), np.int64(2), np.int64(0), np.int64(1), np.int64(0), np.int64(0), np.int64(5), np.int64(6)]
hetero_proportion: 	4:3:3
(0.4, 2, 2.120985)
Testing accuracy: 31.48
(0.4, 3, 2.646356)
Testing accuracy: 31.92
(0.4, 4, 4.64774)
Testing accuracy: 31.94
(0.66, 2, 5.159621)
Testing accuracy: 33.27
(0.66, 3, 5.528077)
Testing accuracy: 33.63
(0.66, 4, 6.945581)
Testing accuracy: 33.28
(1.0, 2, 11.424356)
Testing accuracy: 31.97

  8%|▊         | 75/1000 [11:56<2:22:43,  9.26s/it]********************************************************************************
Round  75
this epoch cost time:0.671032190322876
this epoch choose: [80, 73, 57, 87, 98, 10, 74, 99, 78, 93]
this epoch dispatch models: [2 6 5 4 3 0 6 2 1 3]
this epoch received models: [np.int64(2), np.int64(6), np.int64(5), np.int64(4), np.int64(3), np.int64(0), np.int64(6), np.int64(2), np.int64(1), np.int64(3)]
hetero_proportion: 	4:3:3
(0.4, 2, 2.120985)
Testing accuracy: 31.51
(0.4, 3, 2.646356)
Testing accuracy: 32.36
(0.4, 4, 4.64774)
Testing accuracy: 33.00
(0.66, 2, 5.159621)
Testing accuracy: 33.08
(0.66, 3, 5.528077)
Testing accuracy: 33.57
(0.66, 4, 6.945581)
Testing accuracy: 33.82
(1.0, 2, 11.424356)
Testing accuracy: 32.26

  8%|▊         | 76/1000 [12:06<2:23:32,  9.32s/it]********************************************************************************
Round  76
this epoch cost time:0.5855512619018555
this epoch choose: [82, 87, 84, 45, 68, 94, 30, 48, 55, 82]
this epoch dispatch models: [3 1 4 4 4 5 0 1 0 6]
this epoch received models: [np.int64(3), np.int64(1), np.int64(4), np.int64(4), np.int64(4), np.int64(5), np.int64(0), np.int64(1), np.int64(0), np.int64(6)]
hetero_proportion: 	4:3:3
(0.4, 2, 2.120985)
Testing accuracy: 31.22
(0.4, 3, 2.646356)
Testing accuracy: 31.80
(0.4, 4, 4.64774)
Testing accuracy: 31.43
(0.66, 2, 5.159621)
Testing accuracy: 32.52
(0.66, 3, 5.528077)
Testing accuracy: 33.40
(0.66, 4, 6.945581)
Testing accuracy: 32.50
(1.0, 2, 11.424356)
Testing accuracy: 29.82

  8%|▊         | 77/1000 [12:15<2:23:49,  9.35s/it]********************************************************************************
Round  77
this epoch cost time:0.6318237781524658
this epoch choose: [21, 41, 56, 48, 79, 98, 85, 27, 47, 67]
this epoch dispatch models: [1 2 2 4 5 5 6 2 4 5]
this epoch received models: [np.int64(1), np.int64(2), np.int64(2), np.int64(4), np.int64(5), np.int64(5), np.int64(6), np.int64(2), np.int64(4), np.int64(5)]
hetero_proportion: 	4:3:3
(0.4, 2, 2.120985)
Testing accuracy: 31.17
(0.4, 3, 2.646356)
Testing accuracy: 31.73
(0.4, 4, 4.64774)
Testing accuracy: 32.36
(0.66, 2, 5.159621)
Testing accuracy: 33.35
(0.66, 3, 5.528077)
Testing accuracy: 33.83
(0.66, 4, 6.945581)
Testing accuracy: 33.22
(1.0, 2, 11.424356)
Testing accuracy: 31.79

  8%|▊         | 78/1000 [12:25<2:24:39,  9.41s/it]********************************************************************************
Round  78
this epoch cost time:0.6308271884918213
this epoch choose: [89, 68, 66, 15, 82, 58, 57, 31, 48, 95]
this epoch dispatch models: [6 0 5 2 5 4 4 1 1 1]
this epoch received models: [np.int64(6), np.int64(0), np.int64(5), np.int64(2), np.int64(5), np.int64(4), np.int64(4), np.int64(1), np.int64(1), np.int64(1)]
hetero_proportion: 	4:3:3
(0.4, 2, 2.120985)
Testing accuracy: 31.55
(0.4, 3, 2.646356)
Testing accuracy: 32.55
(0.4, 4, 4.64774)
Testing accuracy: 32.44
(0.66, 2, 5.159621)
Testing accuracy: 33.21
(0.66, 3, 5.528077)
Testing accuracy: 34.02
(0.66, 4, 6.945581)
Testing accuracy: 33.75
(1.0, 2, 11.424356)
Testing accuracy: 31.60

  8%|▊         | 79/1000 [12:34<2:23:09,  9.33s/it]********************************************************************************
Round  79
this epoch cost time:0.6780219078063965
this epoch choose: [71, 40, 52, 86, 68, 77, 70, 41, 80, 77]
this epoch dispatch models: [1 5 4 6 5 3 6 4 1 1]
this epoch received models: [np.int64(1), np.int64(5), np.int64(4), np.int64(6), np.int64(5), np.int64(3), np.int64(6), np.int64(4), np.int64(1), np.int64(1)]
hetero_proportion: 	4:3:3
(0.4, 2, 2.120985)
Testing accuracy: 31.54
(0.4, 3, 2.646356)
Testing accuracy: 32.52
(0.4, 4, 4.64774)
Testing accuracy: 32.47
(0.66, 2, 5.159621)
Testing accuracy: 32.88
(0.66, 3, 5.528077)
Testing accuracy: 34.28
(0.66, 4, 6.945581)
Testing accuracy: 33.70
(1.0, 2, 11.424356)
Testing accuracy: 32.45

  8%|▊         | 80/1000 [12:44<2:26:40,  9.57s/it]********************************************************************************
Round  80
this epoch cost time:0.6816318035125732
this epoch choose: [77, 93, 33, 26, 75, 58, 49, 69, 52, 57]
this epoch dispatch models: [6 5 1 2 6 4 3 2 3 3]
this epoch received models: [np.int64(6), np.int64(5), np.int64(1), np.int64(2), np.int64(6), np.int64(4), np.int64(3), np.int64(2), np.int64(3), np.int64(3)]
hetero_proportion: 	4:3:3
(0.4, 2, 2.120985)
Testing accuracy: 31.71
(0.4, 3, 2.646356)
Testing accuracy: 32.74
(0.4, 4, 4.64774)
Testing accuracy: 33.27
(0.66, 2, 5.159621)
Testing accuracy: 33.84
(0.66, 3, 5.528077)
Testing accuracy: 34.31
(0.66, 4, 6.945581)
Testing accuracy: 34.74
(1.0, 2, 11.424356)
Testing accuracy: 32.90

  8%|▊         | 81/1000 [12:54<2:25:54,  9.53s/it]********************************************************************************
Round  81
this epoch cost time:0.7262327671051025
this epoch choose: [39, 77, 96, 32, 87, 57, 90, 21, 74, 81]
this epoch dispatch models: [2 3 0 2 0 1 5 0 5 6]
this epoch received models: [np.int64(2), np.int64(3), np.int64(0), np.int64(2), np.int64(0), np.int64(1), np.int64(5), np.int64(0), np.int64(5), np.int64(6)]
hetero_proportion: 	4:3:3
(0.4, 2, 2.120985)
Testing accuracy: 31.31
(0.4, 3, 2.646356)
Testing accuracy: 32.11
(0.4, 4, 4.64774)
Testing accuracy: 32.54
(0.66, 2, 5.159621)
Testing accuracy: 32.98
(0.66, 3, 5.528077)
Testing accuracy: 33.80
(0.66, 4, 6.945581)
Testing accuracy: 33.67
(1.0, 2, 11.424356)
Testing accuracy: 32.36

  8%|▊         | 82/1000 [13:03<2:23:57,  9.41s/it]********************************************************************************
Round  82
this epoch cost time:0.6552443504333496
this epoch choose: [62, 66, 94, 15, 98, 53, 73, 49, 26, 36]
this epoch dispatch models: [0 3 4 0 0 5 0 0 1 0]
this epoch received models: [np.int64(0), np.int64(3), np.int64(4), np.int64(0), np.int64(0), np.int64(5), np.int64(0), np.int64(0), np.int64(1), np.int64(0)]
hetero_proportion: 	4:3:3
(0.4, 2, 2.120985)
Testing accuracy: 32.34
(0.4, 3, 2.646356)
Testing accuracy: 32.91
(0.4, 4, 4.64774)
Testing accuracy: 31.62
(0.66, 2, 5.159621)
Testing accuracy: 33.53
(0.66, 3, 5.528077)
Testing accuracy: 33.87
(0.66, 4, 6.945581)
Testing accuracy: 31.65
(1.0, 2, 11.424356)
Testing accuracy: 30.93

  8%|▊         | 83/1000 [13:12<2:22:17,  9.31s/it]********************************************************************************
Round  83
this epoch cost time:0.6049952507019043
this epoch choose: [91, 13, 97, 95, 41, 73, 76, 93, 40, 69]
this epoch dispatch models: [5 1 3 6 3 6 4 6 5 0]
this epoch received models: [np.int64(5), np.int64(1), np.int64(3), np.int64(6), np.int64(3), np.int64(6), np.int64(4), np.int64(6), np.int64(5), np.int64(0)]
hetero_proportion: 	4:3:3
(0.4, 2, 2.120985)
Testing accuracy: 31.33
(0.4, 3, 2.646356)
Testing accuracy: 32.58
(0.4, 4, 4.64774)
Testing accuracy: 31.92
(0.66, 2, 5.159621)
Testing accuracy: 33.48
(0.66, 3, 5.528077)
Testing accuracy: 33.79
(0.66, 4, 6.945581)
Testing accuracy: 33.04
(1.0, 2, 11.424356)
Testing accuracy: 32.64

  8%|▊         | 84/1000 [13:21<2:22:43,  9.35s/it]********************************************************************************
Round  84
this epoch cost time:0.8240983486175537
this epoch choose: [37, 83, 97, 93, 81, 17, 9, 64, 47, 73]
this epoch dispatch models: [1 5 0 6 3 2 1 1 0 0]
this epoch received models: [np.int64(1), np.int64(5), np.int64(0), np.int64(6), np.int64(3), np.int64(2), np.int64(1), np.int64(1), np.int64(0), np.int64(0)]
hetero_proportion: 	4:3:3
(0.4, 2, 2.120985)
Testing accuracy: 32.20
(0.4, 3, 2.646356)
Testing accuracy: 32.89
(0.4, 4, 4.64774)
Testing accuracy: 32.14
(0.66, 2, 5.159621)
Testing accuracy: 33.00
(0.66, 3, 5.528077)
Testing accuracy: 33.65
(0.66, 4, 6.945581)
Testing accuracy: 32.50
(1.0, 2, 11.424356)
Testing accuracy: 31.60

  8%|▊         | 85/1000 [13:30<2:21:33,  9.28s/it]********************************************************************************
Round  85
this epoch cost time:0.8459053039550781
this epoch choose: [39, 83, 86, 86, 62, 88, 73, 60, 40, 47]
this epoch dispatch models: [1 6 6 1 3 3 5 3 4 5]
this epoch received models: [np.int64(1), np.int64(6), np.int64(6), np.int64(1), np.int64(3), np.int64(3), np.int64(5), np.int64(3), np.int64(4), np.int64(5)]
hetero_proportion: 	4:3:3
(0.4, 2, 2.120985)
Testing accuracy: 32.54
(0.4, 3, 2.646356)
Testing accuracy: 33.05
(0.4, 4, 4.64774)
Testing accuracy: 32.57
(0.66, 2, 5.159621)
Testing accuracy: 33.92
(0.66, 3, 5.528077)
Testing accuracy: 34.43
(0.66, 4, 6.945581)
Testing accuracy: 33.80
(1.0, 2, 11.424356)
Testing accuracy: 32.15

  9%|▊         | 86/1000 [13:40<2:22:50,  9.38s/it]********************************************************************************
Round  86
this epoch cost time:0.6714484691619873
this epoch choose: [56, 85, 68, 44, 39, 69, 51, 43, 93, 91]
this epoch dispatch models: [2 5 3 0 2 2 0 2 2 6]
this epoch received models: [np.int64(2), np.int64(5), np.int64(3), np.int64(0), np.int64(2), np.int64(2), np.int64(0), np.int64(2), np.int64(2), np.int64(6)]
hetero_proportion: 	4:3:3
(0.4, 2, 2.120985)
Testing accuracy: 33.18
(0.4, 3, 2.646356)
Testing accuracy: 33.44
(0.4, 4, 4.64774)
Testing accuracy: 33.15
(0.66, 2, 5.159621)
Testing accuracy: 34.29
(0.66, 3, 5.528077)
Testing accuracy: 35.19
(0.66, 4, 6.945581)
Testing accuracy: 34.15
(1.0, 2, 11.424356)
Testing accuracy: 33.46

  9%|▊         | 87/1000 [13:49<2:23:11,  9.41s/it]********************************************************************************
Round  87
this epoch cost time:0.6955587863922119
this epoch choose: [73, 63, 14, 81, 99, 64, 48, 53, 71, 0]
this epoch dispatch models: [1 0 1 4 6 3 1 4 0 0]
this epoch received models: [np.int64(1), np.int64(0), np.int64(1), np.int64(4), np.int64(6), np.int64(3), np.int64(1), np.int64(4), np.int64(0), np.int64(0)]
hetero_proportion: 	4:3:3
(0.4, 2, 2.120985)
Testing accuracy: 32.03
(0.4, 3, 2.646356)
Testing accuracy: 32.59
(0.4, 4, 4.64774)
Testing accuracy: 31.85
(0.66, 2, 5.159621)
Testing accuracy: 32.66
(0.66, 3, 5.528077)
Testing accuracy: 33.39
(0.66, 4, 6.945581)
Testing accuracy: 32.29
(1.0, 2, 11.424356)
Testing accuracy: 31.19

  9%|▉         | 88/1000 [13:59<2:24:30,  9.51s/it]********************************************************************************
Round  88
this epoch cost time:0.6191298961639404
this epoch choose: [35, 90, 89, 92, 94, 96, 86, 65, 52, 59]
this epoch dispatch models: [0 6 6 2 0 6 4 1 4 0]
this epoch received models: [np.int64(0), np.int64(6), np.int64(6), np.int64(2), np.int64(0), np.int64(6), np.int64(4), np.int64(1), np.int64(4), np.int64(0)]
hetero_proportion: 	4:3:3
(0.4, 2, 2.120985)
Testing accuracy: 32.71
(0.4, 3, 2.646356)
Testing accuracy: 32.95
(0.4, 4, 4.64774)
Testing accuracy: 32.73
(0.66, 2, 5.159621)
Testing accuracy: 33.58
(0.66, 3, 5.528077)
Testing accuracy: 33.92
(0.66, 4, 6.945581)
Testing accuracy: 33.37
(1.0, 2, 11.424356)
Testing accuracy: 33.04

  9%|▉         | 89/1000 [14:08<2:23:33,  9.45s/it]********************************************************************************
Round  89
this epoch cost time:0.5656287670135498
this epoch choose: [76, 93, 73, 52, 99, 93, 91, 79, 84, 50]
this epoch dispatch models: [2 5 3 2 5 6 1 6 5 3]
this epoch received models: [np.int64(2), np.int64(5), np.int64(3), np.int64(2), np.int64(5), np.int64(6), np.int64(1), np.int64(6), np.int64(5), np.int64(3)]
hetero_proportion: 	4:3:3
(0.4, 2, 2.120985)
Testing accuracy: 32.53
(0.4, 3, 2.646356)
Testing accuracy: 33.16
(0.4, 4, 4.64774)
Testing accuracy: 32.61
(0.66, 2, 5.159621)
Testing accuracy: 34.66
(0.66, 3, 5.528077)
Testing accuracy: 34.50
(0.66, 4, 6.945581)
Testing accuracy: 33.97
(1.0, 2, 11.424356)
Testing accuracy: 31.99

  9%|▉         | 90/1000 [14:17<2:21:01,  9.30s/it]********************************************************************************
Round  90
this epoch cost time:0.6844680309295654
this epoch choose: [57, 79, 82, 86, 76, 46, 73, 70, 86, 64]
this epoch dispatch models: [1 1 5 6 6 2 5 6 0 4]
this epoch received models: [np.int64(1), np.int64(1), np.int64(5), np.int64(6), np.int64(6), np.int64(2), np.int64(5), np.int64(6), np.int64(0), np.int64(4)]
hetero_proportion: 	4:3:3
(0.4, 2, 2.120985)
Testing accuracy: 32.05
(0.4, 3, 2.646356)
Testing accuracy: 32.84
(0.4, 4, 4.64774)
Testing accuracy: 32.91
(0.66, 2, 5.159621)
Testing accuracy: 33.52
(0.66, 3, 5.528077)
Testing accuracy: 33.79
(0.66, 4, 6.945581)
Testing accuracy: 33.54
(1.0, 2, 11.424356)
Testing accuracy: 32.87

  9%|▉         | 91/1000 [14:28<2:25:37,  9.61s/it]********************************************************************************
Round  91
this epoch cost time:0.6349265575408936
this epoch choose: [77, 54, 51, 61, 79, 74, 93, 84, 97, 93]
this epoch dispatch models: [4 2 2 4 0 0 6 3 4 6]
this epoch received models: [np.int64(4), np.int64(2), np.int64(2), np.int64(4), np.int64(0), np.int64(0), np.int64(6), np.int64(3), np.int64(4), np.int64(6)]
hetero_proportion: 	4:3:3
(0.4, 2, 2.120985)
Testing accuracy: 33.42
(0.4, 3, 2.646356)
Testing accuracy: 33.65
(0.4, 4, 4.64774)
Testing accuracy: 33.68
(0.66, 2, 5.159621)
Testing accuracy: 34.07
(0.66, 3, 5.528077)
Testing accuracy: 34.79
(0.66, 4, 6.945581)
Testing accuracy: 34.11
(1.0, 2, 11.424356)
Testing accuracy: 33.34

  9%|▉         | 92/1000 [14:37<2:25:34,  9.62s/it]********************************************************************************
Round  92
this epoch cost time:0.7037456035614014
this epoch choose: [44, 71, 87, 31, 81, 81, 79, 80, 2, 52]
this epoch dispatch models: [4 3 5 1 0 3 6 5 1 2]
this epoch received models: [np.int64(4), np.int64(3), np.int64(5), np.int64(1), np.int64(0), np.int64(3), np.int64(6), np.int64(5), np.int64(1), np.int64(2)]
hetero_proportion: 	4:3:3
(0.4, 2, 2.120985)
Testing accuracy: 32.54
(0.4, 3, 2.646356)
Testing accuracy: 33.57
(0.4, 4, 4.64774)
Testing accuracy: 33.68
(0.66, 2, 5.159621)
Testing accuracy: 33.30
(0.66, 3, 5.528077)
Testing accuracy: 33.91
(0.66, 4, 6.945581)
Testing accuracy: 34.36
(1.0, 2, 11.424356)
Testing accuracy: 33.27

  9%|▉         | 93/1000 [14:47<2:24:44,  9.58s/it]********************************************************************************
Round  93
this epoch cost time:0.630319356918335
this epoch choose: [86, 90, 49, 81, 99, 99, 50, 34, 22, 94]
this epoch dispatch models: [3 6 3 1 0 4 0 1 1 6]
this epoch received models: [np.int64(3), np.int64(6), np.int64(3), np.int64(1), np.int64(0), np.int64(4), np.int64(0), np.int64(1), np.int64(1), np.int64(6)]
hetero_proportion: 	4:3:3
(0.4, 2, 2.120985)
Testing accuracy: 32.38
(0.4, 3, 2.646356)
Testing accuracy: 33.66
(0.4, 4, 4.64774)
Testing accuracy: 33.29
(0.66, 2, 5.159621)
Testing accuracy: 33.69
(0.66, 3, 5.528077)
Testing accuracy: 34.46
(0.66, 4, 6.945581)
Testing accuracy: 34.19
(1.0, 2, 11.424356)
Testing accuracy: 32.81

  9%|▉         | 94/1000 [14:56<2:22:51,  9.46s/it]********************************************************************************
Round  94
this epoch cost time:0.546680212020874
this epoch choose: [72, 92, 89, 78, 40, 62, 98, 33, 91, 92]
this epoch dispatch models: [6 5 3 5 5 4 4 2 5 6]
this epoch received models: [np.int64(6), np.int64(5), np.int64(3), np.int64(5), np.int64(5), np.int64(4), np.int64(4), np.int64(2), np.int64(5), np.int64(6)]
hetero_proportion: 	4:3:3
(0.4, 2, 2.120985)
Testing accuracy: 33.06
(0.4, 3, 2.646356)
Testing accuracy: 34.23
(0.4, 4, 4.64774)
Testing accuracy: 34.12
(0.66, 2, 5.159621)
Testing accuracy: 34.56
(0.66, 3, 5.528077)
Testing accuracy: 35.84
(0.66, 4, 6.945581)
Testing accuracy: 35.19
(1.0, 2, 11.424356)
Testing accuracy: 33.83

 10%|▉         | 95/1000 [15:05<2:18:37,  9.19s/it]********************************************************************************
Round  95
this epoch cost time:0.7063465118408203
this epoch choose: [52, 87, 74, 38, 49, 69, 33, 71, 21, 69]
this epoch dispatch models: [2 2 5 2 3 4 1 3 1 5]
this epoch received models: [np.int64(2), np.int64(2), np.int64(5), np.int64(2), np.int64(3), np.int64(4), np.int64(1), np.int64(3), np.int64(1), np.int64(5)]
hetero_proportion: 	4:3:3
(0.4, 2, 2.120985)
Testing accuracy: 32.97
(0.4, 3, 2.646356)
Testing accuracy: 33.78
(0.4, 4, 4.64774)
Testing accuracy: 33.48
(0.66, 2, 5.159621)
Testing accuracy: 33.91
(0.66, 3, 5.528077)
Testing accuracy: 34.52
(0.66, 4, 6.945581)
Testing accuracy: 34.20
(1.0, 2, 11.424356)
Testing accuracy: 33.17

 10%|▉         | 96/1000 [15:14<2:19:24,  9.25s/it]********************************************************************************
Round  96
this epoch cost time:0.544865608215332
this epoch choose: [65, 42, 34, 72, 12, 87, 75, 67, 72, 45]
this epoch dispatch models: [1 4 1 3 0 4 0 4 6 1]
this epoch received models: [np.int64(1), np.int64(4), np.int64(1), np.int64(3), np.int64(0), np.int64(4), np.int64(0), np.int64(4), np.int64(6), np.int64(1)]
hetero_proportion: 	4:3:3
(0.4, 2, 2.120985)
Testing accuracy: 33.25
(0.4, 3, 2.646356)
Testing accuracy: 33.94
(0.4, 4, 4.64774)
Testing accuracy: 33.49
(0.66, 2, 5.159621)
Testing accuracy: 34.23
(0.66, 3, 5.528077)
Testing accuracy: 35.67
(0.66, 4, 6.945581)
Testing accuracy: 34.26
(1.0, 2, 11.424356)
Testing accuracy: 32.82

 10%|▉         | 97/1000 [15:23<2:17:11,  9.12s/it]********************************************************************************
Round  97
this epoch cost time:0.6381864547729492
this epoch choose: [8, 84, 56, 41, 50, 86, 90, 20, 88, 45]
this epoch dispatch models: [2 0 2 4 4 6 1 0 1 4]
this epoch received models: [np.int64(2), np.int64(0), np.int64(2), np.int64(4), np.int64(4), np.int64(6), np.int64(1), np.int64(0), np.int64(1), np.int64(4)]
hetero_proportion: 	4:3:3
(0.4, 2, 2.120985)
Testing accuracy: 33.47
(0.4, 3, 2.646356)
Testing accuracy: 34.15
(0.4, 4, 4.64774)
Testing accuracy: 33.99
(0.66, 2, 5.159621)
Testing accuracy: 34.57
(0.66, 3, 5.528077)
Testing accuracy: 35.33
(0.66, 4, 6.945581)
Testing accuracy: 34.31
(1.0, 2, 11.424356)
Testing accuracy: 33.46

 10%|▉         | 98/1000 [15:33<2:21:24,  9.41s/it]********************************************************************************
Round  98
this epoch cost time:0.6544129848480225
this epoch choose: [51, 80, 92, 35, 77, 59, 26, 67, 26, 77]
this epoch dispatch models: [1 3 6 0 2 5 1 1 1 6]
this epoch received models: [np.int64(1), np.int64(3), np.int64(6), np.int64(0), np.int64(2), np.int64(5), np.int64(1), np.int64(1), np.int64(1), np.int64(6)]
hetero_proportion: 	4:3:3
(0.4, 2, 2.120985)
Testing accuracy: 33.70
(0.4, 3, 2.646356)
Testing accuracy: 34.02
(0.4, 4, 4.64774)
Testing accuracy: 33.59
(0.66, 2, 5.159621)
Testing accuracy: 34.02
(0.66, 3, 5.528077)
Testing accuracy: 35.08
(0.66, 4, 6.945581)
Testing accuracy: 34.05
(1.0, 2, 11.424356)
Testing accuracy: 33.02

 10%|▉         | 99/1000 [15:42<2:22:05,  9.46s/it]********************************************************************************
Round  99
this epoch cost time:0.6525077819824219
this epoch choose: [42, 57, 8, 9, 84, 93, 66, 82, 47, 69]
this epoch dispatch models: [2 4 0 2 5 5 0 4 2 3]
this epoch received models: [np.int64(2), np.int64(4), np.int64(0), np.int64(2), np.int64(5), np.int64(5), np.int64(0), np.int64(4), np.int64(2), np.int64(3)]
hetero_proportion: 	4:3:3
(0.4, 2, 2.120985)
Testing accuracy: 34.22
(0.4, 3, 2.646356)
Testing accuracy: 33.74
(0.4, 4, 4.64774)
Testing accuracy: 33.57
(0.66, 2, 5.159621)
Testing accuracy: 34.58
(0.66, 3, 5.528077)
Testing accuracy: 35.31
(0.66, 4, 6.945581)
Testing accuracy: 34.45
(1.0, 2, 11.424356)
Testing accuracy: 32.99

 10%|█         | 100/1000 [15:52<2:23:57,  9.60s/it]********************************************************************************
Round 100
this epoch cost time:0.6697554588317871
this epoch choose: [65, 75, 93, 6, 50, 38, 81, 93, 91, 71]
this epoch dispatch models: [2 5 6 0 4 2 3 6 1 0]
this epoch received models: [np.int64(2), np.int64(5), np.int64(6), np.int64(0), np.int64(4), np.int64(2), np.int64(3), np.int64(6), np.int64(1), np.int64(0)]
hetero_proportion: 	4:3:3
(0.4, 2, 2.120985)
Testing accuracy: 33.99
(0.4, 3, 2.646356)
Testing accuracy: 34.02
(0.4, 4, 4.64774)
Testing accuracy: 34.06
(0.66, 2, 5.159621)
Testing accuracy: 34.63
(0.66, 3, 5.528077)
Testing accuracy: 35.65
(0.66, 4, 6.945581)
Testing accuracy: 34.79
(1.0, 2, 11.424356)
Testing accuracy: 33.58

 10%|█         | 101/1000 [16:01<2:21:15,  9.43s/it]********************************************************************************
Round 101
this epoch cost time:0.6513106822967529
this epoch choose: [78, 62, 78, 94, 29, 50, 71, 65, 22, 70]
this epoch dispatch models: [6 5 0 2 2 2 0 3 1 5]
this epoch received models: [np.int64(6), np.int64(5), np.int64(0), np.int64(2), np.int64(2), np.int64(2), np.int64(0), np.int64(3), np.int64(1), np.int64(5)]
hetero_proportion: 	4:3:3
(0.4, 2, 2.120985)
Testing accuracy: 34.25
(0.4, 3, 2.646356)
Testing accuracy: 34.84
(0.4, 4, 4.64774)
Testing accuracy: 34.38
(0.66, 2, 5.159621)
Testing accuracy: 34.66
(0.66, 3, 5.528077)
Testing accuracy: 35.30
(0.66, 4, 6.945581)
Testing accuracy: 34.61
(1.0, 2, 11.424356)
Testing accuracy: 33.18

 10%|█         | 102/1000 [16:11<2:20:49,  9.41s/it]********************************************************************************
Round 102
this epoch cost time:0.731163501739502
this epoch choose: [33, 78, 80, 85, 77, 33, 78, 90, 31, 94]
this epoch dispatch models: [1 1 6 3 6 2 1 1 2 5]
this epoch received models: [np.int64(1), np.int64(1), np.int64(6), np.int64(3), np.int64(6), np.int64(2), np.int64(1), np.int64(1), np.int64(2), np.int64(5)]
hetero_proportion: 	4:3:3
(0.4, 2, 2.120985)
Testing accuracy: 33.82
(0.4, 3, 2.646356)
Testing accuracy: 34.51
(0.4, 4, 4.64774)
Testing accuracy: 33.99
(0.66, 2, 5.159621)
Testing accuracy: 34.88
(0.66, 3, 5.528077)
Testing accuracy: 35.37
(0.66, 4, 6.945581)
Testing accuracy: 34.29
(1.0, 2, 11.424356)
Testing accuracy: 33.45

 10%|█         | 103/1000 [16:19<2:16:40,  9.14s/it]********************************************************************************
Round 103
this epoch cost time:0.5643341541290283
this epoch choose: [82, 3, 97, 97, 95, 79, 65, 60, 99, 67]
this epoch dispatch models: [5 2 6 4 3 1 4 5 3 3]
this epoch received models: [np.int64(5), np.int64(2), np.int64(6), np.int64(4), np.int64(3), np.int64(1), np.int64(4), np.int64(5), np.int64(3), np.int64(3)]
hetero_proportion: 	4:3:3
(0.4, 2, 2.120985)
Testing accuracy: 33.83
(0.4, 3, 2.646356)
Testing accuracy: 34.69
(0.4, 4, 4.64774)
Testing accuracy: 34.17
(0.66, 2, 5.159621)
Testing accuracy: 34.67
(0.66, 3, 5.528077)
Testing accuracy: 35.50
(0.66, 4, 6.945581)
Testing accuracy: 34.98
(1.0, 2, 11.424356)
Testing accuracy: 33.63

 10%|█         | 104/1000 [16:28<2:15:33,  9.08s/it]********************************************************************************
Round 104
this epoch cost time:0.6142218112945557
this epoch choose: [99, 88, 31, 34, 24, 44, 90, 93, 50, 97]
this epoch dispatch models: [5 5 0 2 1 4 6 1 4 6]
this epoch received models: [np.int64(5), np.int64(5), np.int64(0), np.int64(2), np.int64(1), np.int64(4), np.int64(6), np.int64(1), np.int64(4), np.int64(6)]
hetero_proportion: 	4:3:3
(0.4, 2, 2.120985)
Testing accuracy: 34.39
(0.4, 3, 2.646356)
Testing accuracy: 34.61
(0.4, 4, 4.64774)
Testing accuracy: 34.56
(0.66, 2, 5.159621)
Testing accuracy: 34.99
(0.66, 3, 5.528077)
Testing accuracy: 35.66
(0.66, 4, 6.945581)
Testing accuracy: 35.40
(1.0, 2, 11.424356)
Testing accuracy: 34.18

 10%|█         | 105/1000 [16:37<2:13:36,  8.96s/it]********************************************************************************
Round 105
this epoch cost time:0.7089695930480957
this epoch choose: [74, 68, 77, 93, 18, 78, 33, 69, 73, 75]
this epoch dispatch models: [1 3 3 2 0 4 0 5 4 6]
this epoch received models: [np.int64(1), np.int64(3), np.int64(3), np.int64(2), np.int64(0), np.int64(4), np.int64(0), np.int64(5), np.int64(4), np.int64(6)]
hetero_proportion: 	4:3:3
(0.4, 2, 2.120985)
Testing accuracy: 33.97
(0.4, 3, 2.646356)
Testing accuracy: 34.43
(0.4, 4, 4.64774)
Testing accuracy: 34.42
(0.66, 2, 5.159621)
Testing accuracy: 35.07
(0.66, 3, 5.528077)
Testing accuracy: 35.60
(0.66, 4, 6.945581)
Testing accuracy: 34.76
(1.0, 2, 11.424356)
Testing accuracy: 33.37

 11%|█         | 106/1000 [16:46<2:13:13,  8.94s/it]********************************************************************************
Round 106
this epoch cost time:0.5316312313079834
this epoch choose: [17, 89, 17, 97, 91, 56, 46, 39, 96, 65]
this epoch dispatch models: [1 3 0 5 2 0 1 2 2 5]
this epoch received models: [np.int64(1), np.int64(3), np.int64(0), np.int64(5), np.int64(2), np.int64(0), np.int64(1), np.int64(2), np.int64(2), np.int64(5)]
hetero_proportion: 	4:3:3
(0.4, 2, 2.120985)
Testing accuracy: 34.68
(0.4, 3, 2.646356)
Testing accuracy: 34.72
(0.4, 4, 4.64774)
Testing accuracy: 34.37
(0.66, 2, 5.159621)
Testing accuracy: 35.33
(0.66, 3, 5.528077)
Testing accuracy: 35.47
(0.66, 4, 6.945581)
Testing accuracy: 34.96
(1.0, 2, 11.424356)
Testing accuracy: 33.75

 11%|█         | 107/1000 [16:55<2:14:28,  9.04s/it]********************************************************************************
Round 107
this epoch cost time:0.6031262874603271
this epoch choose: [30, 73, 85, 53, 85, 87, 39, 44, 13, 54]
this epoch dispatch models: [2 6 5 3 5 1 2 5 2 5]
this epoch received models: [np.int64(2), np.int64(6), np.int64(5), np.int64(3), np.int64(5), np.int64(1), np.int64(2), np.int64(5), np.int64(2), np.int64(5)]
hetero_proportion: 	4:3:3
(0.4, 2, 2.120985)
Testing accuracy: 34.45
(0.4, 3, 2.646356)
Testing accuracy: 35.35
(0.4, 4, 4.64774)
Testing accuracy: 35.24
(0.66, 2, 5.159621)
Testing accuracy: 34.86
(0.66, 3, 5.528077)
Testing accuracy: 35.77
(0.66, 4, 6.945581)
Testing accuracy: 35.29
(1.0, 2, 11.424356)
Testing accuracy: 33.73

 11%|█         | 108/1000 [17:04<2:15:33,  9.12s/it]********************************************************************************
Round 108
this epoch cost time:0.5782246589660645
this epoch choose: [65, 60, 63, 99, 73, 23, 42, 7, 76, 2]
this epoch dispatch models: [5 4 1 6 6 1 5 0 1 0]
this epoch received models: [np.int64(5), np.int64(4), np.int64(1), np.int64(6), np.int64(6), np.int64(1), np.int64(5), np.int64(0), np.int64(1), np.int64(0)]
hetero_proportion: 	4:3:3
(0.4, 2, 2.120985)
Testing accuracy: 34.62
(0.4, 3, 2.646356)
Testing accuracy: 35.50
(0.4, 4, 4.64774)
Testing accuracy: 34.49
(0.66, 2, 5.159621)
Testing accuracy: 34.87
(0.66, 3, 5.528077)
Testing accuracy: 35.80
(0.66, 4, 6.945581)
Testing accuracy: 35.40
(1.0, 2, 11.424356)
Testing accuracy: 33.96

 11%|█         | 109/1000 [17:15<2:20:57,  9.49s/it]********************************************************************************
Round 109
this epoch cost time:0.5590975284576416
this epoch choose: [96, 76, 87, 71, 63, 90, 73, 92, 96, 89]
this epoch dispatch models: [1 6 2 6 1 0 3 0 5 6]
this epoch received models: [np.int64(1), np.int64(6), np.int64(2), np.int64(6), np.int64(1), np.int64(0), np.int64(3), np.int64(0), np.int64(5), np.int64(6)]
hetero_proportion: 	4:3:3
(0.4, 2, 2.120985)
Testing accuracy: 34.41
(0.4, 3, 2.646356)
Testing accuracy: 35.17
(0.4, 4, 4.64774)
Testing accuracy: 34.15
(0.66, 2, 5.159621)
Testing accuracy: 34.67
(0.66, 3, 5.528077)
Testing accuracy: 35.62
(0.66, 4, 6.945581)
Testing accuracy: 35.24
(1.0, 2, 11.424356)
Testing accuracy: 33.72

 11%|█         | 110/1000 [17:24<2:18:35,  9.34s/it]********************************************************************************
Round 110
this epoch cost time:0.5475456714630127
this epoch choose: [56, 43, 84, 93, 35, 47, 79, 84, 22, 12]
this epoch dispatch models: [0 0 2 3 1 3 5 3 2 2]
this epoch received models: [np.int64(0), np.int64(0), np.int64(2), np.int64(3), np.int64(1), np.int64(3), np.int64(5), np.int64(3), np.int64(2), np.int64(2)]
hetero_proportion: 	4:3:3
(0.4, 2, 2.120985)
Testing accuracy: 34.89
(0.4, 3, 2.646356)
Testing accuracy: 35.67
(0.4, 4, 4.64774)
Testing accuracy: 34.35
(0.66, 2, 5.159621)
Testing accuracy: 35.18
(0.66, 3, 5.528077)
Testing accuracy: 36.30
(0.66, 4, 6.945581)
Testing accuracy: 35.32
(1.0, 2, 11.424356)
Testing accuracy: 33.94

 11%|█         | 111/1000 [17:32<2:15:26,  9.14s/it]********************************************************************************
Round 111
this epoch cost time:0.6266579627990723
this epoch choose: [54, 51, 54, 71, 57, 48, 88, 50, 29, 55]
this epoch dispatch models: [5 1 3 3 2 2 3 5 2 3]
this epoch received models: [np.int64(5), np.int64(1), np.int64(3), np.int64(3), np.int64(2), np.int64(2), np.int64(3), np.int64(5), np.int64(2), np.int64(3)]
hetero_proportion: 	4:3:3
(0.4, 2, 2.120985)
Testing accuracy: 35.05
(0.4, 3, 2.646356)
Testing accuracy: 35.80
(0.4, 4, 4.64774)
Testing accuracy: 35.26
(0.66, 2, 5.159621)
Testing accuracy: 35.60
(0.66, 3, 5.528077)
Testing accuracy: 36.64
(0.66, 4, 6.945581)
Testing accuracy: 35.83
(1.0, 2, 11.424356)
Testing accuracy: 34.76

 11%|█         | 112/1000 [17:42<2:17:17,  9.28s/it]********************************************************************************
Round 112
this epoch cost time:0.633296012878418
this epoch choose: [92, 58, 84, 70, 77, 64, 53, 57, 91, 33]
this epoch dispatch models: [3 3 6 1 5 3 4 0 1 0]
this epoch received models: [np.int64(3), np.int64(3), np.int64(6), np.int64(1), np.int64(5), np.int64(3), np.int64(4), np.int64(0), np.int64(1), np.int64(0)]
hetero_proportion: 	4:3:3
(0.4, 2, 2.120985)
Testing accuracy: 34.37
(0.4, 3, 2.646356)
Testing accuracy: 34.66
(0.4, 4, 4.64774)
Testing accuracy: 35.00
(0.66, 2, 5.159621)
Testing accuracy: 35.47
(0.66, 3, 5.528077)
Testing accuracy: 35.71
(0.66, 4, 6.945581)
Testing accuracy: 35.76
(1.0, 2, 11.424356)
Testing accuracy: 34.39

 11%|█▏        | 113/1000 [17:52<2:22:06,  9.61s/it]********************************************************************************
Round 113
this epoch cost time:0.7434594631195068
this epoch choose: [80, 71, 88, 47, 27, 45, 42, 40, 0, 94]
this epoch dispatch models: [6 4 6 4 1 5 4 3 2 3]
this epoch received models: [np.int64(6), np.int64(4), np.int64(6), np.int64(4), np.int64(1), np.int64(5), np.int64(4), np.int64(3), np.int64(2), np.int64(3)]
hetero_proportion: 	4:3:3
(0.4, 2, 2.120985)
Testing accuracy: 35.38
(0.4, 3, 2.646356)
Testing accuracy: 35.78
(0.4, 4, 4.64774)
Testing accuracy: 35.43
(0.66, 2, 5.159621)
Testing accuracy: 36.53
(0.66, 3, 5.528077)
Testing accuracy: 37.10
(0.66, 4, 6.945581)
Testing accuracy: 36.42
(1.0, 2, 11.424356)
Testing accuracy: 35.14

 11%|█▏        | 114/1000 [18:02<2:20:12,  9.50s/it]********************************************************************************
Round 114
this epoch cost time:0.5674407482147217
this epoch choose: [61, 40, 98, 64, 74, 58, 25, 65, 20, 97]
this epoch dispatch models: [2 0 6 3 2 4 0 5 1 2]
this epoch received models: [np.int64(2), np.int64(0), np.int64(6), np.int64(3), np.int64(2), np.int64(4), np.int64(0), np.int64(5), np.int64(1), np.int64(2)]
hetero_proportion: 	4:3:3
(0.4, 2, 2.120985)
Testing accuracy: 35.54
(0.4, 3, 2.646356)
Testing accuracy: 35.79
(0.4, 4, 4.64774)
Testing accuracy: 35.42
(0.66, 2, 5.159621)
Testing accuracy: 36.24
(0.66, 3, 5.528077)
Testing accuracy: 36.34
(0.66, 4, 6.945581)
Testing accuracy: 36.04
(1.0, 2, 11.424356)
Testing accuracy: 33.98

 12%|█▏        | 115/1000 [18:11<2:20:05,  9.50s/it]********************************************************************************
Round 115
this epoch cost time:0.6946756839752197
this epoch choose: [81, 19, 90, 98, 3, 1, 64, 49, 96, 85]
this epoch dispatch models: [4 1 4 5 2 1 4 3 3 1]
this epoch received models: [np.int64(4), np.int64(1), np.int64(4), np.int64(5), np.int64(2), np.int64(1), np.int64(4), np.int64(3), np.int64(3), np.int64(1)]
hetero_proportion: 	4:3:3
(0.4, 2, 2.120985)
Testing accuracy: 35.88
(0.4, 3, 2.646356)
Testing accuracy: 36.11
(0.4, 4, 4.64774)
Testing accuracy: 34.76
(0.66, 2, 5.159621)
Testing accuracy: 35.75
(0.66, 3, 5.528077)
Testing accuracy: 36.55
(0.66, 4, 6.945581)
Testing accuracy: 35.61
(1.0, 2, 11.424356)
Testing accuracy: 33.70

 12%|█▏        | 116/1000 [18:21<2:20:52,  9.56s/it]********************************************************************************
Round 116
this epoch cost time:0.7236690521240234
this epoch choose: [74, 43, 72, 82, 56, 16, 10, 84, 83, 38]
this epoch dispatch models: [5 5 2 6 5 1 1 6 1 2]
this epoch received models: [np.int64(5), np.int64(5), np.int64(2), np.int64(6), np.int64(5), np.int64(1), np.int64(1), np.int64(6), np.int64(1), np.int64(2)]
hetero_proportion: 	4:3:3
(0.4, 2, 2.120985)
Testing accuracy: 35.79
(0.4, 3, 2.646356)
Testing accuracy: 36.66
(0.4, 4, 4.64774)
Testing accuracy: 35.56
(0.66, 2, 5.159621)
Testing accuracy: 36.53
(0.66, 3, 5.528077)
Testing accuracy: 37.42
(0.66, 4, 6.945581)
Testing accuracy: 36.03
(1.0, 2, 11.424356)
Testing accuracy: 35.07

 12%|█▏        | 117/1000 [18:30<2:19:56,  9.51s/it]********************************************************************************
Round 117
this epoch cost time:0.6068716049194336
this epoch choose: [98, 40, 4, 74, 43, 73, 93, 48, 5, 35]
this epoch dispatch models: [6 5 0 5 4 4 3 3 2 0]
this epoch received models: [np.int64(6), np.int64(5), np.int64(0), np.int64(5), np.int64(4), np.int64(4), np.int64(3), np.int64(3), np.int64(2), np.int64(0)]
hetero_proportion: 	4:3:3
(0.4, 2, 2.120985)
Testing accuracy: 35.42
(0.4, 3, 2.646356)
Testing accuracy: 35.89
(0.4, 4, 4.64774)
Testing accuracy: 35.27
(0.66, 2, 5.159621)
Testing accuracy: 35.91
(0.66, 3, 5.528077)
Testing accuracy: 36.67
(0.66, 4, 6.945581)
Testing accuracy: 35.92
(1.0, 2, 11.424356)
Testing accuracy: 34.27

 12%|█▏        | 118/1000 [18:39<2:18:40,  9.43s/it]********************************************************************************
Round 118
this epoch cost time:0.6554803848266602
this epoch choose: [89, 15, 67, 45, 24, 3, 63, 80, 48, 87]
this epoch dispatch models: [5 2 4 4 1 2 2 3 5 5]
this epoch received models: [np.int64(5), np.int64(2), np.int64(4), np.int64(4), np.int64(1), np.int64(2), np.int64(2), np.int64(3), np.int64(5), np.int64(5)]
hetero_proportion: 	4:3:3
(0.4, 2, 2.120985)
Testing accuracy: 35.85
(0.4, 3, 2.646356)
Testing accuracy: 36.20
(0.4, 4, 4.64774)
Testing accuracy: 35.64
(0.66, 2, 5.159621)
Testing accuracy: 35.90
(0.66, 3, 5.528077)
Testing accuracy: 37.40
(0.66, 4, 6.945581)
Testing accuracy: 36.35
(1.0, 2, 11.424356)
Testing accuracy: 35.15

 12%|█▏        | 119/1000 [18:49<2:19:30,  9.50s/it]********************************************************************************
Round 119
this epoch cost time:0.6649169921875
this epoch choose: [35, 91, 92, 94, 52, 82, 68, 49, 42, 80]
this epoch dispatch models: [1 6 4 3 3 5 4 1 0 2]
this epoch received models: [np.int64(1), np.int64(6), np.int64(4), np.int64(3), np.int64(3), np.int64(5), np.int64(4), np.int64(1), np.int64(0), np.int64(2)]
hetero_proportion: 	4:3:3
(0.4, 2, 2.120985)
Testing accuracy: 35.97
(0.4, 3, 2.646356)
Testing accuracy: 36.18
(0.4, 4, 4.64774)
Testing accuracy: 35.67
(0.66, 2, 5.159621)
Testing accuracy: 35.91
(0.66, 3, 5.528077)
Testing accuracy: 36.87
(0.66, 4, 6.945581)
Testing accuracy: 36.06
(1.0, 2, 11.424356)
Testing accuracy: 35.08

 12%|█▏        | 120/1000 [18:59<2:19:04,  9.48s/it]********************************************************************************
Round 120
this epoch cost time:0.6521999835968018
this epoch choose: [34, 56, 82, 80, 55, 31, 43, 88, 75, 51]
this epoch dispatch models: [0 3 2 3 5 1 3 6 2 3]
this epoch received models: [np.int64(0), np.int64(3), np.int64(2), np.int64(3), np.int64(5), np.int64(1), np.int64(3), np.int64(6), np.int64(2), np.int64(3)]
hetero_proportion: 	4:3:3
(0.4, 2, 2.120985)
Testing accuracy: 36.13
(0.4, 3, 2.646356)
Testing accuracy: 36.61
(0.4, 4, 4.64774)
Testing accuracy: 35.58
(0.66, 2, 5.159621)
Testing accuracy: 36.14
(0.66, 3, 5.528077)
Testing accuracy: 36.88
(0.66, 4, 6.945581)
Testing accuracy: 35.48
(1.0, 2, 11.424356)
Testing accuracy: 34.11

 12%|█▏        | 121/1000 [19:08<2:19:35,  9.53s/it]********************************************************************************
Round 121
this epoch cost time:0.6180765628814697
this epoch choose: [44, 54, 78, 89, 71, 90, 86, 7, 45, 75]
this epoch dispatch models: [0 0 4 0 2 6 6 2 0 3]
this epoch received models: [np.int64(0), np.int64(0), np.int64(4), np.int64(0), np.int64(2), np.int64(6), np.int64(6), np.int64(2), np.int64(0), np.int64(3)]
hetero_proportion: 	4:3:3
(0.4, 2, 2.120985)
Testing accuracy: 36.44
(0.4, 3, 2.646356)
Testing accuracy: 36.63
(0.4, 4, 4.64774)
Testing accuracy: 35.70
(0.66, 2, 5.159621)
Testing accuracy: 36.18
(0.66, 3, 5.528077)
Testing accuracy: 36.92
(0.66, 4, 6.945581)
Testing accuracy: 35.79
(1.0, 2, 11.424356)
Testing accuracy: 34.81

 12%|█▏        | 122/1000 [19:17<2:17:34,  9.40s/it]********************************************************************************
Round 122
this epoch cost time:0.8488860130310059
this epoch choose: [83, 68, 52, 85, 68, 83, 99, 82, 8, 85]
this epoch dispatch models: [6 2 3 4 1 6 6 3 2 4]
this epoch received models: [np.int64(6), np.int64(2), np.int64(3), np.int64(4), np.int64(1), np.int64(6), np.int64(6), np.int64(3), np.int64(2), np.int64(4)]
hetero_proportion: 	4:3:3
(0.4, 2, 2.120985)
Testing accuracy: 35.85
(0.4, 3, 2.646356)
Testing accuracy: 36.40
(0.4, 4, 4.64774)
Testing accuracy: 35.10
(0.66, 2, 5.159621)
Testing accuracy: 35.84
(0.66, 3, 5.528077)
Testing accuracy: 36.20
(0.66, 4, 6.945581)
Testing accuracy: 34.87
(1.0, 2, 11.424356)
Testing accuracy: 33.57

 12%|█▏        | 123/1000 [19:28<2:21:35,  9.69s/it]********************************************************************************
Round 123
this epoch cost time:0.6833577156066895
this epoch choose: [34, 95, 79, 92, 88, 44, 32, 75, 12, 49]
this epoch dispatch models: [1 2 3 1 5 5 2 6 1 4]
this epoch received models: [np.int64(1), np.int64(2), np.int64(3), np.int64(1), np.int64(5), np.int64(5), np.int64(2), np.int64(6), np.int64(1), np.int64(4)]
hetero_proportion: 	4:3:3
(0.4, 2, 2.120985)
Testing accuracy: 35.86
(0.4, 3, 2.646356)
Testing accuracy: 36.44
(0.4, 4, 4.64774)
Testing accuracy: 35.17
(0.66, 2, 5.159621)
Testing accuracy: 35.98
(0.66, 3, 5.528077)
Testing accuracy: 36.47
(0.66, 4, 6.945581)
Testing accuracy: 35.66
(1.0, 2, 11.424356)
Testing accuracy: 34.34

 12%|█▏        | 124/1000 [19:37<2:20:46,  9.64s/it]********************************************************************************
Round 124
this epoch cost time:0.6499147415161133
this epoch choose: [71, 98, 26, 94, 54, 5, 43, 80, 45, 99]
this epoch dispatch models: [6 3 0 5 2 2 5 3 5 6]
this epoch received models: [np.int64(6), np.int64(3), np.int64(0), np.int64(5), np.int64(2), np.int64(2), np.int64(5), np.int64(3), np.int64(5), np.int64(6)]
hetero_proportion: 	4:3:3
(0.4, 2, 2.120985)
Testing accuracy: 36.04
(0.4, 3, 2.646356)
Testing accuracy: 36.51
(0.4, 4, 4.64774)
Testing accuracy: 35.68
(0.66, 2, 5.159621)
Testing accuracy: 36.04
(0.66, 3, 5.528077)
Testing accuracy: 36.74
(0.66, 4, 6.945581)
Testing accuracy: 35.91
(1.0, 2, 11.424356)
Testing accuracy: 34.62

 12%|█▎        | 125/1000 [19:47<2:21:40,  9.71s/it]********************************************************************************
Round 125
this epoch cost time:0.6425197124481201
this epoch choose: [92, 72, 70, 72, 47, 12, 40, 42, 48, 68]
this epoch dispatch models: [4 3 4 5 1 2 2 4 3 0]
this epoch received models: [np.int64(4), np.int64(3), np.int64(4), np.int64(5), np.int64(1), np.int64(2), np.int64(2), np.int64(4), np.int64(3), np.int64(0)]
hetero_proportion: 	4:3:3
(0.4, 2, 2.120985)
Testing accuracy: 35.77
(0.4, 3, 2.646356)
Testing accuracy: 35.78
(0.4, 4, 4.64774)
Testing accuracy: 34.67
(0.66, 2, 5.159621)
Testing accuracy: 35.40
(0.66, 3, 5.528077)
Testing accuracy: 36.11
(0.66, 4, 6.945581)
Testing accuracy: 35.25
(1.0, 2, 11.424356)
Testing accuracy: 34.26

 13%|█▎        | 126/1000 [19:56<2:19:00,  9.54s/it]********************************************************************************
Round 126
this epoch cost time:0.6394519805908203
this epoch choose: [4, 68, 85, 48, 97, 65, 97, 85, 57, 41]
this epoch dispatch models: [2 5 2 3 3 4 2 5 2 4]
this epoch received models: [np.int64(2), np.int64(5), np.int64(2), np.int64(3), np.int64(3), np.int64(4), np.int64(2), np.int64(5), np.int64(2), np.int64(4)]
hetero_proportion: 	4:3:3
(0.4, 2, 2.120985)
Testing accuracy: 35.71
(0.4, 3, 2.646356)
Testing accuracy: 35.80
(0.4, 4, 4.64774)
Testing accuracy: 34.63
(0.66, 2, 5.159621)
Testing accuracy: 35.59
(0.66, 3, 5.528077)
Testing accuracy: 35.98
(0.66, 4, 6.945581)
Testing accuracy: 35.50
(1.0, 2, 11.424356)
Testing accuracy: 34.57

 13%|█▎        | 127/1000 [20:06<2:19:52,  9.61s/it]********************************************************************************
Round 127
this epoch cost time:0.6359360218048096
this epoch choose: [94, 86, 57, 11, 32, 95, 41, 45, 38, 71]
this epoch dispatch models: [2 6 4 2 0 6 0 5 2 6]
this epoch received models: [np.int64(2), np.int64(6), np.int64(4), np.int64(2), np.int64(0), np.int64(6), np.int64(0), np.int64(5), np.int64(2), np.int64(6)]
hetero_proportion: 	4:3:3
(0.4, 2, 2.120985)
Testing accuracy: 35.76
(0.4, 3, 2.646356)
Testing accuracy: 36.08
(0.4, 4, 4.64774)
Testing accuracy: 35.56
(0.66, 2, 5.159621)
Testing accuracy: 35.92
(0.66, 3, 5.528077)
Testing accuracy: 36.54
(0.66, 4, 6.945581)
Testing accuracy: 35.89
(1.0, 2, 11.424356)
Testing accuracy: 35.10

 13%|█▎        | 128/1000 [20:15<2:17:53,  9.49s/it]********************************************************************************
Round 128
this epoch cost time:0.6516757011413574
this epoch choose: [95, 64, 7, 86, 56, 60, 87, 48, 33, 48]
this epoch dispatch models: [4 3 0 4 3 4 4 5 1 0]
this epoch received models: [np.int64(4), np.int64(3), np.int64(0), np.int64(4), np.int64(3), np.int64(4), np.int64(4), np.int64(5), np.int64(1), np.int64(0)]
hetero_proportion: 	4:3:3
(0.4, 2, 2.120985)
Testing accuracy: 36.01
(0.4, 3, 2.646356)
Testing accuracy: 35.64
(0.4, 4, 4.64774)
Testing accuracy: 34.80
(0.66, 2, 5.159621)
Testing accuracy: 34.80
(0.66, 3, 5.528077)
Testing accuracy: 35.23
(0.66, 4, 6.945581)
Testing accuracy: 34.23
(1.0, 2, 11.424356)
Testing accuracy: 33.57

 13%|█▎        | 129/1000 [20:24<2:14:01,  9.23s/it]********************************************************************************
Round 129
this epoch cost time:0.6421418190002441
this epoch choose: [91, 47, 94, 91, 59, 12, 67, 31, 64, 75]
this epoch dispatch models: [3 5 3 6 5 2 3 0 1 4]
this epoch received models: [np.int64(3), np.int64(5), np.int64(3), np.int64(6), np.int64(5), np.int64(2), np.int64(3), np.int64(0), np.int64(1), np.int64(4)]
hetero_proportion: 	4:3:3
(0.4, 2, 2.120985)
Testing accuracy: 36.20
(0.4, 3, 2.646356)
Testing accuracy: 36.20
(0.4, 4, 4.64774)
Testing accuracy: 35.31
(0.66, 2, 5.159621)
Testing accuracy: 36.08
(0.66, 3, 5.528077)
Testing accuracy: 36.96
(0.66, 4, 6.945581)
Testing accuracy: 35.87
(1.0, 2, 11.424356)
Testing accuracy: 34.24

 13%|█▎        | 130/1000 [20:33<2:11:42,  9.08s/it]********************************************************************************
Round 130
this epoch cost time:0.6399064064025879
this epoch choose: [53, 61, 43, 72, 50, 97, 77, 85, 46, 16]
this epoch dispatch models: [4 5 0 3 1 5 4 6 4 1]
this epoch received models: [np.int64(4), np.int64(5), np.int64(0), np.int64(3), np.int64(1), np.int64(5), np.int64(4), np.int64(6), np.int64(4), np.int64(1)]
hetero_proportion: 	4:3:3
(0.4, 2, 2.120985)
Testing accuracy: 36.53
(0.4, 3, 2.646356)
Testing accuracy: 36.24
(0.4, 4, 4.64774)
Testing accuracy: 35.71
(0.66, 2, 5.159621)
Testing accuracy: 35.89
(0.66, 3, 5.528077)
Testing accuracy: 36.49
(0.66, 4, 6.945581)
Testing accuracy: 35.90
(1.0, 2, 11.424356)
Testing accuracy: 34.43

 13%|█▎        | 131/1000 [20:42<2:12:22,  9.14s/it]********************************************************************************
Round 131
this epoch cost time:0.6203064918518066
this epoch choose: [90, 57, 73, 87, 86, 94, 93, 77, 84, 73]
this epoch dispatch models: [6 1 3 6 4 3 3 4 5 4]
this epoch received models: [np.int64(6), np.int64(1), np.int64(3), np.int64(6), np.int64(4), np.int64(3), np.int64(3), np.int64(4), np.int64(5), np.int64(4)]
hetero_proportion: 	4:3:3
(0.4, 2, 2.120985)
Testing accuracy: 35.97
(0.4, 3, 2.646356)
Testing accuracy: 35.74
(0.4, 4, 4.64774)
Testing accuracy: 34.86
(0.66, 2, 5.159621)
Testing accuracy: 35.09
(0.66, 3, 5.528077)
Testing accuracy: 35.40
(0.66, 4, 6.945581)
Testing accuracy: 34.85
(1.0, 2, 11.424356)
Testing accuracy: 33.54

 13%|█▎        | 132/1000 [20:51<2:10:17,  9.01s/it]********************************************************************************
Round 132
this epoch cost time:0.5649688243865967
this epoch choose: [68, 3, 97, 93, 58, 87, 50, 52, 47, 82]
this epoch dispatch models: [0 2 3 4 3 4 4 4 2 6]
this epoch received models: [np.int64(0), np.int64(2), np.int64(3), np.int64(4), np.int64(3), np.int64(4), np.int64(4), np.int64(4), np.int64(2), np.int64(6)]
hetero_proportion: 	4:3:3
(0.4, 2, 2.120985)
Testing accuracy: 35.75
(0.4, 3, 2.646356)
Testing accuracy: 35.65
(0.4, 4, 4.64774)
Testing accuracy: 34.51
(0.66, 2, 5.159621)
Testing accuracy: 35.81
(0.66, 3, 5.528077)
Testing accuracy: 35.92
(0.66, 4, 6.945581)
Testing accuracy: 34.78
(1.0, 2, 11.424356)
Testing accuracy: 33.49

 13%|█▎        | 133/1000 [20:59<2:09:12,  8.94s/it]********************************************************************************
Round 133
this epoch cost time:0.7305953502655029
this epoch choose: [73, 41, 46, 52, 81, 16, 76, 8, 71, 59]
this epoch dispatch models: [3 0 4 2 6 2 4 1 6 3]
this epoch received models: [np.int64(3), np.int64(0), np.int64(4), np.int64(2), np.int64(6), np.int64(2), np.int64(4), np.int64(1), np.int64(6), np.int64(3)]
hetero_proportion: 	4:3:3
(0.4, 2, 2.120985)
Testing accuracy: 35.85
(0.4, 3, 2.646356)
Testing accuracy: 35.94
(0.4, 4, 4.64774)
Testing accuracy: 35.49
(0.66, 2, 5.159621)
Testing accuracy: 35.98
(0.66, 3, 5.528077)
Testing accuracy: 36.20
(0.66, 4, 6.945581)
Testing accuracy: 35.94
(1.0, 2, 11.424356)
Testing accuracy: 34.42

 13%|█▎        | 134/1000 [21:10<2:16:17,  9.44s/it]********************************************************************************
Round 134
this epoch cost time:0.6760787963867188
this epoch choose: [83, 87, 40, 53, 38, 40, 45, 34, 41, 95]
this epoch dispatch models: [0 6 2 1 2 1 0 2 1 2]
this epoch received models: [np.int64(0), np.int64(6), np.int64(2), np.int64(1), np.int64(2), np.int64(1), np.int64(0), np.int64(2), np.int64(1), np.int64(2)]
hetero_proportion: 	4:3:3
(0.4, 2, 2.120985)
Testing accuracy: 35.40
(0.4, 3, 2.646356)
Testing accuracy: 35.42
(0.4, 4, 4.64774)
Testing accuracy: 34.95
(0.66, 2, 5.159621)
Testing accuracy: 35.49
(0.66, 3, 5.528077)
Testing accuracy: 35.82
(0.66, 4, 6.945581)
Testing accuracy: 35.23
(1.0, 2, 11.424356)
Testing accuracy: 33.77

 14%|█▎        | 135/1000 [21:20<2:17:30,  9.54s/it]********************************************************************************
Round 135
this epoch cost time:0.6777338981628418
this epoch choose: [87, 86, 64, 70, 73, 47, 49, 40, 98, 93]
this epoch dispatch models: [4 6 0 6 5 4 5 0 3 0]
this epoch received models: [np.int64(4), np.int64(6), np.int64(0), np.int64(6), np.int64(5), np.int64(4), np.int64(5), np.int64(0), np.int64(3), np.int64(0)]
hetero_proportion: 	4:3:3
(0.4, 2, 2.120985)
Testing accuracy: 35.79
(0.4, 3, 2.646356)
Testing accuracy: 35.54
(0.4, 4, 4.64774)
Testing accuracy: 35.13
(0.66, 2, 5.159621)
Testing accuracy: 35.73
(0.66, 3, 5.528077)
Testing accuracy: 35.25
(0.66, 4, 6.945581)
Testing accuracy: 35.12
(1.0, 2, 11.424356)
Testing accuracy: 33.62

 14%|█▎        | 136/1000 [21:28<2:13:44,  9.29s/it]********************************************************************************
Round 136
this epoch cost time:0.7035655975341797
this epoch choose: [41, 41, 88, 44, 57, 35, 61, 69, 98, 46]
this epoch dispatch models: [2 2 6 4 2 2 1 5 5 0]
this epoch received models: [np.int64(2), np.int64(2), np.int64(6), np.int64(4), np.int64(2), np.int64(2), np.int64(1), np.int64(5), np.int64(5), np.int64(0)]
hetero_proportion: 	4:3:3
(0.4, 2, 2.120985)
Testing accuracy: 35.27
(0.4, 3, 2.646356)
Testing accuracy: 34.82
(0.4, 4, 4.64774)
Testing accuracy: 35.06
(0.66, 2, 5.159621)
Testing accuracy: 36.30
(0.66, 3, 5.528077)
Testing accuracy: 36.15
(0.66, 4, 6.945581)
Testing accuracy: 35.59
(1.0, 2, 11.424356)
Testing accuracy: 34.39

 14%|█▎        | 137/1000 [21:38<2:14:05,  9.32s/it]********************************************************************************
Round 137
this epoch cost time:0.622319221496582
this epoch choose: [94, 64, 92, 10, 99, 77, 91, 7, 74, 6]
this epoch dispatch models: [2 4 5 2 6 3 5 1 6 2]
this epoch received models: [np.int64(2), np.int64(4), np.int64(5), np.int64(2), np.int64(6), np.int64(3), np.int64(5), np.int64(1), np.int64(6), np.int64(2)]
hetero_proportion: 	4:3:3
(0.4, 2, 2.120985)
Testing accuracy: 35.97
(0.4, 3, 2.646356)
Testing accuracy: 36.08
(0.4, 4, 4.64774)
Testing accuracy: 36.31
(0.66, 2, 5.159621)
Testing accuracy: 36.40
(0.66, 3, 5.528077)
Testing accuracy: 36.73
(0.66, 4, 6.945581)
Testing accuracy: 36.52
(1.0, 2, 11.424356)
Testing accuracy: 35.01

 14%|█▍        | 138/1000 [21:47<2:12:43,  9.24s/it]********************************************************************************
Round 138
this epoch cost time:0.5783638954162598
this epoch choose: [86, 71, 76, 94, 32, 90, 55, 89, 76, 87]
this epoch dispatch models: [6 4 5 5 2 3 4 1 5 5]
this epoch received models: [np.int64(6), np.int64(4), np.int64(5), np.int64(5), np.int64(2), np.int64(3), np.int64(4), np.int64(1), np.int64(5), np.int64(5)]
hetero_proportion: 	4:3:3
(0.4, 2, 2.120985)
Testing accuracy: 36.18
(0.4, 3, 2.646356)
Testing accuracy: 36.21
(0.4, 4, 4.64774)
Testing accuracy: 35.72
(0.66, 2, 5.159621)
Testing accuracy: 36.53
(0.66, 3, 5.528077)
Testing accuracy: 36.63
(0.66, 4, 6.945581)
Testing accuracy: 35.89
(1.0, 2, 11.424356)
Testing accuracy: 34.72

 14%|█▍        | 139/1000 [21:57<2:15:10,  9.42s/it]********************************************************************************
Round 139
this epoch cost time:0.7251949310302734
this epoch choose: [43, 46, 91, 82, 47, 51, 39, 59, 78, 80]
this epoch dispatch models: [2 0 3 2 1 0 0 0 4 6]
this epoch received models: [np.int64(2), np.int64(0), np.int64(3), np.int64(2), np.int64(1), np.int64(0), np.int64(0), np.int64(0), np.int64(4), np.int64(6)]
hetero_proportion: 	4:3:3
(0.4, 2, 2.120985)
Testing accuracy: 36.41
(0.4, 3, 2.646356)
Testing accuracy: 36.10
(0.4, 4, 4.64774)
Testing accuracy: 35.86
(0.66, 2, 5.159621)
Testing accuracy: 35.95
(0.66, 3, 5.528077)
Testing accuracy: 36.81
(0.66, 4, 6.945581)
Testing accuracy: 35.90
(1.0, 2, 11.424356)
Testing accuracy: 34.28

 14%|█▍        | 140/1000 [22:06<2:16:37,  9.53s/it]********************************************************************************
Round 140
this epoch cost time:0.6723825931549072
this epoch choose: [74, 64, 75, 3, 49, 56, 87, 28, 88, 17]
this epoch dispatch models: [4 2 6 0 5 5 2 1 6 2]
this epoch received models: [np.int64(4), np.int64(2), np.int64(6), np.int64(0), np.int64(5), np.int64(5), np.int64(2), np.int64(1), np.int64(6), np.int64(2)]
hetero_proportion: 	4:3:3
(0.4, 2, 2.120985)
Testing accuracy: 36.71
(0.4, 3, 2.646356)
Testing accuracy: 36.62
(0.4, 4, 4.64774)
Testing accuracy: 36.18
(0.66, 2, 5.159621)
Testing accuracy: 36.27
(0.66, 3, 5.528077)
Testing accuracy: 36.86
(0.66, 4, 6.945581)
Testing accuracy: 35.88
(1.0, 2, 11.424356)
Testing accuracy: 34.39

 14%|█▍        | 141/1000 [22:16<2:16:00,  9.50s/it]********************************************************************************
Round 141
this epoch cost time:0.568626880645752
this epoch choose: [98, 73, 51, 98, 52, 93, 79, 6, 91, 46]
this epoch dispatch models: [5 6 3 2 2 0 0 1 4 3]
this epoch received models: [np.int64(5), np.int64(6), np.int64(3), np.int64(2), np.int64(2), np.int64(0), np.int64(0), np.int64(1), np.int64(4), np.int64(3)]
hetero_proportion: 	4:3:3
(0.4, 2, 2.120985)
Testing accuracy: 36.07
(0.4, 3, 2.646356)
Testing accuracy: 35.58
(0.4, 4, 4.64774)
Testing accuracy: 35.48
(0.66, 2, 5.159621)
Testing accuracy: 36.20
(0.66, 3, 5.528077)
Testing accuracy: 36.42
(0.66, 4, 6.945581)
Testing accuracy: 36.12
(1.0, 2, 11.424356)
Testing accuracy: 34.44

 14%|█▍        | 142/1000 [22:25<2:14:12,  9.39s/it]********************************************************************************
Round 142
this epoch cost time:0.6841917037963867
this epoch choose: [74, 87, 57, 92, 13, 53, 56, 8, 80, 76]
this epoch dispatch models: [3 1 5 6 2 3 5 2 4 4]
this epoch received models: [np.int64(3), np.int64(1), np.int64(5), np.int64(6), np.int64(2), np.int64(3), np.int64(5), np.int64(2), np.int64(4), np.int64(4)]
hetero_proportion: 	4:3:3
(0.4, 2, 2.120985)
Testing accuracy: 35.93
(0.4, 3, 2.646356)
Testing accuracy: 36.23
(0.4, 4, 4.64774)
Testing accuracy: 35.70
(0.66, 2, 5.159621)
Testing accuracy: 35.73
(0.66, 3, 5.528077)
Testing accuracy: 36.41
(0.66, 4, 6.945581)
Testing accuracy: 35.44
(1.0, 2, 11.424356)
Testing accuracy: 34.46

 14%|█▍        | 143/1000 [22:36<2:20:29,  9.84s/it]********************************************************************************
Round 143
this epoch cost time:0.7105300426483154
this epoch choose: [73, 81, 10, 97, 44, 95, 97, 27, 90, 93]
this epoch dispatch models: [3 5 2 6 5 6 6 1 6 3]
this epoch received models: [np.int64(3), np.int64(5), np.int64(2), np.int64(6), np.int64(5), np.int64(6), np.int64(6), np.int64(1), np.int64(6), np.int64(3)]
hetero_proportion: 	4:3:3
(0.4, 2, 2.120985)
Testing accuracy: 36.45
(0.4, 3, 2.646356)
Testing accuracy: 36.41
(0.4, 4, 4.64774)
Testing accuracy: 35.88
(0.66, 2, 5.159621)
Testing accuracy: 36.28
(0.66, 3, 5.528077)
Testing accuracy: 36.70
(0.66, 4, 6.945581)
Testing accuracy: 36.23
(1.0, 2, 11.424356)
Testing accuracy: 34.52

 14%|█▍        | 144/1000 [22:45<2:18:39,  9.72s/it]********************************************************************************
Round 144
this epoch cost time:0.8409667015075684
this epoch choose: [22, 72, 95, 83, 41, 75, 47, 62, 90, 36]
this epoch dispatch models: [0 4 3 6 5 0 2 2 1 1]
this epoch received models: [np.int64(0), np.int64(4), np.int64(3), np.int64(6), np.int64(5), np.int64(0), np.int64(2), np.int64(2), np.int64(1), np.int64(1)]
hetero_proportion: 	4:3:3
(0.4, 2, 2.120985)
Testing accuracy: 36.64
(0.4, 3, 2.646356)
Testing accuracy: 37.00
(0.4, 4, 4.64774)
Testing accuracy: 36.04
(0.66, 2, 5.159621)
Testing accuracy: 36.34
(0.66, 3, 5.528077)
Testing accuracy: 36.63
(0.66, 4, 6.945581)
Testing accuracy: 36.02
(1.0, 2, 11.424356)
Testing accuracy: 34.53

 14%|█▍        | 145/1000 [22:55<2:20:07,  9.83s/it]********************************************************************************
Round 145
this epoch cost time:0.7311604022979736
this epoch choose: [54, 97, 25, 78, 63, 30, 54, 68, 86, 81]
this epoch dispatch models: [4 3 2 5 1 1 0 3 1 6]
this epoch received models: [np.int64(4), np.int64(3), np.int64(2), np.int64(5), np.int64(1), np.int64(1), np.int64(0), np.int64(3), np.int64(1), np.int64(6)]
hetero_proportion: 	4:3:3
(0.4, 2, 2.120985)
Testing accuracy: 36.70
(0.4, 3, 2.646356)
Testing accuracy: 37.21
(0.4, 4, 4.64774)
Testing accuracy: 35.81
(0.66, 2, 5.159621)
Testing accuracy: 36.26
(0.66, 3, 5.528077)
Testing accuracy: 36.74
(0.66, 4, 6.945581)
Testing accuracy: 35.60
(1.0, 2, 11.424356)
Testing accuracy: 34.63

 15%|█▍        | 146/1000 [23:05<2:19:39,  9.81s/it]********************************************************************************
Round 146
this epoch cost time:0.5597853660583496
this epoch choose: [74, 98, 52, 91, 61, 86, 44, 32, 52, 52]
this epoch dispatch models: [3 5 5 3 1 3 3 0 2 4]
this epoch received models: [np.int64(3), np.int64(5), np.int64(5), np.int64(3), np.int64(1), np.int64(3), np.int64(3), np.int64(0), np.int64(2), np.int64(4)]
hetero_proportion: 	4:3:3
(0.4, 2, 2.120985)
Testing accuracy: 36.53
(0.4, 3, 2.646356)
Testing accuracy: 36.59
(0.4, 4, 4.64774)
Testing accuracy: 35.15
(0.66, 2, 5.159621)
Testing accuracy: 35.77
(0.66, 3, 5.528077)
Testing accuracy: 36.15
(0.66, 4, 6.945581)
Testing accuracy: 34.85
(1.0, 2, 11.424356)
Testing accuracy: 33.43

 15%|█▍        | 147/1000 [23:15<2:18:29,  9.74s/it]********************************************************************************
Round 147
this epoch cost time:0.5406863689422607
this epoch choose: [40, 93, 68, 98, 82, 65, 62, 44, 82, 78]
this epoch dispatch models: [5 6 1 0 6 1 2 5 6 0]
this epoch received models: [np.int64(5), np.int64(6), np.int64(1), np.int64(0), np.int64(6), np.int64(1), np.int64(2), np.int64(5), np.int64(6), np.int64(0)]
hetero_proportion: 	4:3:3
(0.4, 2, 2.120985)
Testing accuracy: 36.68
(0.4, 3, 2.646356)
Testing accuracy: 36.54
(0.4, 4, 4.64774)
Testing accuracy: 35.26
(0.66, 2, 5.159621)
Testing accuracy: 35.46
(0.66, 3, 5.528077)
Testing accuracy: 35.55
(0.66, 4, 6.945581)
Testing accuracy: 34.73
(1.0, 2, 11.424356)
Testing accuracy: 33.62

 15%|█▍        | 148/1000 [23:24<2:13:57,  9.43s/it]********************************************************************************
Round 148
this epoch cost time:0.6012365818023682
this epoch choose: [96, 72, 90, 77, 74, 54, 71, 45, 94, 84]
this epoch dispatch models: [3 3 5 3 1 0 6 2 5 6]
this epoch received models: [np.int64(3), np.int64(3), np.int64(5), np.int64(3), np.int64(1), np.int64(0), np.int64(6), np.int64(2), np.int64(5), np.int64(6)]
hetero_proportion: 	4:3:3
(0.4, 2, 2.120985)
Testing accuracy: 36.82
(0.4, 3, 2.646356)
Testing accuracy: 37.12
(0.4, 4, 4.64774)
Testing accuracy: 35.56
(0.66, 2, 5.159621)
Testing accuracy: 35.92
(0.66, 3, 5.528077)
Testing accuracy: 36.06
(0.66, 4, 6.945581)
Testing accuracy: 35.31
(1.0, 2, 11.424356)
Testing accuracy: 34.42

 15%|█▍        | 149/1000 [23:34<2:16:50,  9.65s/it]********************************************************************************
Round 149
this epoch cost time:0.6613960266113281
this epoch choose: [0, 52, 38, 84, 84, 90, 0, 69, 15, 38]
this epoch dispatch models: [2 3 2 3 5 6 0 2 2 0]
this epoch received models: [np.int64(2), np.int64(3), np.int64(2), np.int64(3), np.int64(5), np.int64(6), np.int64(0), np.int64(2), np.int64(2), np.int64(0)]
hetero_proportion: 	4:3:3
(0.4, 2, 2.120985)
Testing accuracy: 36.63
(0.4, 3, 2.646356)
Testing accuracy: 36.66
(0.4, 4, 4.64774)
Testing accuracy: 35.13
(0.66, 2, 5.159621)
Testing accuracy: 36.37
(0.66, 3, 5.528077)
Testing accuracy: 36.71
(0.66, 4, 6.945581)
Testing accuracy: 35.64
(1.0, 2, 11.424356)
Testing accuracy: 34.53

 15%|█▌        | 150/1000 [23:44<2:18:44,  9.79s/it]********************************************************************************
Round 150
this epoch cost time:0.6006550788879395
this epoch choose: [72, 95, 40, 89, 87, 82, 88, 75, 58, 67]
this epoch dispatch models: [4 2 0 5 6 2 6 3 3 0]
this epoch received models: [np.int64(4), np.int64(2), np.int64(0), np.int64(5), np.int64(6), np.int64(2), np.int64(6), np.int64(3), np.int64(3), np.int64(0)]
hetero_proportion: 	4:3:3
(0.4, 2, 2.120985)
Testing accuracy: 36.54
(0.4, 3, 2.646356)
Testing accuracy: 36.69
(0.4, 4, 4.64774)
Testing accuracy: 35.21
(0.66, 2, 5.159621)
Testing accuracy: 36.04
(0.66, 3, 5.528077)
Testing accuracy: 36.07
(0.66, 4, 6.945581)
Testing accuracy: 35.56
(1.0, 2, 11.424356)
Testing accuracy: 34.25

 15%|█▌        | 151/1000 [23:53<2:15:45,  9.59s/it]********************************************************************************
Round 151
this epoch cost time:0.6255369186401367
this epoch choose: [52, 74, 66, 52, 89, 90, 74, 39, 57, 59]
this epoch dispatch models: [2 4 0 0 6 6 2 1 2 4]
this epoch received models: [np.int64(2), np.int64(4), np.int64(0), np.int64(0), np.int64(6), np.int64(6), np.int64(2), np.int64(1), np.int64(2), np.int64(4)]
hetero_proportion: 	4:3:3
(0.4, 2, 2.120985)
Testing accuracy: 37.04
(0.4, 3, 2.646356)
Testing accuracy: 36.82
(0.4, 4, 4.64774)
Testing accuracy: 35.35
(0.66, 2, 5.159621)
Testing accuracy: 36.07
(0.66, 3, 5.528077)
Testing accuracy: 36.60
(0.66, 4, 6.945581)
Testing accuracy: 35.78
(1.0, 2, 11.424356)
Testing accuracy: 34.39

 15%|█▌        | 152/1000 [24:02<2:13:03,  9.41s/it]********************************************************************************
Round 152
this epoch cost time:0.6766431331634521
this epoch choose: [16, 72, 56, 77, 48, 70, 98, 75, 32, 81]
this epoch dispatch models: [2 5 0 3 4 0 2 6 1 0]
this epoch received models: [np.int64(2), np.int64(5), np.int64(0), np.int64(3), np.int64(4), np.int64(0), np.int64(2), np.int64(6), np.int64(1), np.int64(0)]
hetero_proportion: 	4:3:3
(0.4, 2, 2.120985)
Testing accuracy: 36.47
(0.4, 3, 2.646356)
Testing accuracy: 36.68
(0.4, 4, 4.64774)
Testing accuracy: 35.73
(0.66, 2, 5.159621)
Testing accuracy: 35.78
(0.66, 3, 5.528077)
Testing accuracy: 36.36
(0.66, 4, 6.945581)
Testing accuracy: 35.77
(1.0, 2, 11.424356)
Testing accuracy: 34.42

 15%|█▌        | 153/1000 [24:11<2:12:25,  9.38s/it]********************************************************************************
Round 153
this epoch cost time:0.6130619049072266
this epoch choose: [1, 67, 94, 82, 72, 71, 63, 53, 82, 58]
this epoch dispatch models: [1 4 0 3 1 6 4 2 6 4]
this epoch received models: [np.int64(1), np.int64(4), np.int64(0), np.int64(3), np.int64(1), np.int64(6), np.int64(4), np.int64(2), np.int64(6), np.int64(4)]
hetero_proportion: 	4:3:3
(0.4, 2, 2.120985)
Testing accuracy: 36.48
(0.4, 3, 2.646356)
Testing accuracy: 37.12
(0.4, 4, 4.64774)
Testing accuracy: 35.53
(0.66, 2, 5.159621)
Testing accuracy: 35.59
(0.66, 3, 5.528077)
Testing accuracy: 36.41
(0.66, 4, 6.945581)
Testing accuracy: 35.60
(1.0, 2, 11.424356)
Testing accuracy: 34.17

 15%|█▌        | 154/1000 [24:20<2:10:35,  9.26s/it]********************************************************************************
Round 154
this epoch cost time:0.541461706161499
this epoch choose: [84, 96, 85, 2, 97, 45, 11, 0, 64, 78]
this epoch dispatch models: [1 0 1 2 5 3 2 0 3 6]
this epoch received models: [np.int64(1), np.int64(0), np.int64(1), np.int64(2), np.int64(5), np.int64(3), np.int64(2), np.int64(0), np.int64(3), np.int64(6)]
hetero_proportion: 	4:3:3
(0.4, 2, 2.120985)
Testing accuracy: 36.86
(0.4, 3, 2.646356)
Testing accuracy: 37.26
(0.4, 4, 4.64774)
Testing accuracy: 36.16
(0.66, 2, 5.159621)
Testing accuracy: 36.24
(0.66, 3, 5.528077)
Testing accuracy: 36.92
(0.66, 4, 6.945581)
Testing accuracy: 36.14
(1.0, 2, 11.424356)
Testing accuracy: 35.15

 16%|█▌        | 155/1000 [24:29<2:09:07,  9.17s/it]********************************************************************************
Round 155
this epoch cost time:0.7198364734649658
this epoch choose: [69, 57, 47, 80, 95, 94, 85, 98, 43, 49]
this epoch dispatch models: [3 4 1 5 0 3 6 1 1 1]
this epoch received models: [np.int64(3), np.int64(4), np.int64(1), np.int64(5), np.int64(0), np.int64(3), np.int64(6), np.int64(1), np.int64(1), np.int64(1)]
hetero_proportion: 	4:3:3
(0.4, 2, 2.120985)
Testing accuracy: 37.09
(0.4, 3, 2.646356)
Testing accuracy: 37.05
(0.4, 4, 4.64774)
Testing accuracy: 35.88
(0.66, 2, 5.159621)
Testing accuracy: 36.06
(0.66, 3, 5.528077)
Testing accuracy: 36.57
(0.66, 4, 6.945581)
Testing accuracy: 36.05
(1.0, 2, 11.424356)
Testing accuracy: 34.88

 16%|█▌        | 156/1000 [24:39<2:12:41,  9.43s/it]********************************************************************************
Round 156
this epoch cost time:0.6703014373779297
this epoch choose: [84, 14, 61, 45, 74, 66, 49, 41, 75, 33]
this epoch dispatch models: [6 0 2 1 6 4 3 4 6 1]
this epoch received models: [np.int64(6), np.int64(0), np.int64(2), np.int64(1), np.int64(6), np.int64(4), np.int64(3), np.int64(4), np.int64(6), np.int64(1)]
hetero_proportion: 	4:3:3
(0.4, 2, 2.120985)
Testing accuracy: 37.27
(0.4, 3, 2.646356)
Testing accuracy: 37.37
(0.4, 4, 4.64774)
Testing accuracy: 36.15
(0.66, 2, 5.159621)
Testing accuracy: 36.84
(0.66, 3, 5.528077)
Testing accuracy: 36.98
(0.66, 4, 6.945581)
Testing accuracy: 36.79
(1.0, 2, 11.424356)
Testing accuracy: 35.28

 16%|█▌        | 157/1000 [24:49<2:13:11,  9.48s/it]********************************************************************************
Round 157
this epoch cost time:0.5842230319976807
this epoch choose: [47, 94, 16, 77, 95, 79, 52, 56, 72, 36]
this epoch dispatch models: [2 3 1 3 6 6 2 5 4 1]
this epoch received models: [np.int64(2), np.int64(3), np.int64(1), np.int64(3), np.int64(6), np.int64(6), np.int64(2), np.int64(5), np.int64(4), np.int64(1)]
hetero_proportion: 	4:3:3
(0.4, 2, 2.120985)
Testing accuracy: 36.90
(0.4, 3, 2.646356)
Testing accuracy: 37.56
(0.4, 4, 4.64774)
Testing accuracy: 36.44
(0.66, 2, 5.159621)
Testing accuracy: 36.54
(0.66, 3, 5.528077)
Testing accuracy: 37.20
(0.66, 4, 6.945581)
Testing accuracy: 36.42
(1.0, 2, 11.424356)
Testing accuracy: 35.00

 16%|█▌        | 158/1000 [24:58<2:10:43,  9.32s/it]********************************************************************************
Round 158
this epoch cost time:0.8425192832946777
this epoch choose: [87, 83, 84, 35, 55, 80, 89, 62, 27, 85]
this epoch dispatch models: [3 6 5 0 2 6 4 0 2 3]
this epoch received models: [np.int64(3), np.int64(6), np.int64(5), np.int64(0), np.int64(2), np.int64(6), np.int64(4), np.int64(0), np.int64(2), np.int64(3)]
hetero_proportion: 	4:3:3
(0.4, 2, 2.120985)
Testing accuracy: 37.38
(0.4, 3, 2.646356)
Testing accuracy: 37.91
(0.4, 4, 4.64774)
Testing accuracy: 36.24
(0.66, 2, 5.159621)
Testing accuracy: 36.74
(0.66, 3, 5.528077)
Testing accuracy: 37.34
(0.66, 4, 6.945581)
Testing accuracy: 36.18
(1.0, 2, 11.424356)
Testing accuracy: 34.81

 16%|█▌        | 159/1000 [25:07<2:11:33,  9.39s/it]********************************************************************************
Round 159
this epoch cost time:0.633450984954834
this epoch choose: [62, 65, 91, 54, 11, 44, 74, 76, 49, 54]
this epoch dispatch models: [1 3 0 2 0 4 6 6 4 3]
this epoch received models: [np.int64(1), np.int64(3), np.int64(0), np.int64(2), np.int64(0), np.int64(4), np.int64(6), np.int64(6), np.int64(4), np.int64(3)]
hetero_proportion: 	4:3:3
(0.4, 2, 2.120985)
Testing accuracy: 37.28
(0.4, 3, 2.646356)
Testing accuracy: 37.51
(0.4, 4, 4.64774)
Testing accuracy: 35.96
(0.66, 2, 5.159621)
Testing accuracy: 36.56
(0.66, 3, 5.528077)
Testing accuracy: 36.88
(0.66, 4, 6.945581)
Testing accuracy: 36.07
(1.0, 2, 11.424356)
Testing accuracy: 34.82

 16%|█▌        | 160/1000 [25:17<2:12:23,  9.46s/it]********************************************************************************
Round 160
this epoch cost time:0.7228727340698242
this epoch choose: [86, 41, 46, 78, 19, 70, 99, 12, 51, 83]
this epoch dispatch models: [5 5 4 6 2 5 2 2 0 1]
this epoch received models: [np.int64(5), np.int64(5), np.int64(4), np.int64(6), np.int64(2), np.int64(5), np.int64(2), np.int64(2), np.int64(0), np.int64(1)]
hetero_proportion: 	4:3:3
(0.4, 2, 2.120985)
Testing accuracy: 36.91
(0.4, 3, 2.646356)
Testing accuracy: 37.43
(0.4, 4, 4.64774)
Testing accuracy: 36.18
(0.66, 2, 5.159621)
Testing accuracy: 36.39
(0.66, 3, 5.528077)
Testing accuracy: 36.80
(0.66, 4, 6.945581)
Testing accuracy: 35.99
(1.0, 2, 11.424356)
Testing accuracy: 34.74

 16%|█▌        | 161/1000 [25:27<2:14:41,  9.63s/it]********************************************************************************
Round 161
this epoch cost time:0.6175625324249268
this epoch choose: [92, 51, 0, 45, 54, 78, 6, 75, 53, 68]
this epoch dispatch models: [1 5 2 5 1 0 1 3 3 2]
this epoch received models: [np.int64(1), np.int64(5), np.int64(2), np.int64(5), np.int64(1), np.int64(0), np.int64(1), np.int64(3), np.int64(3), np.int64(2)]
hetero_proportion: 	4:3:3
(0.4, 2, 2.120985)
Testing accuracy: 37.03
(0.4, 3, 2.646356)
Testing accuracy: 37.57
(0.4, 4, 4.64774)
Testing accuracy: 36.04
(0.66, 2, 5.159621)
Testing accuracy: 36.64
(0.66, 3, 5.528077)
Testing accuracy: 36.80
(0.66, 4, 6.945581)
Testing accuracy: 36.40
(1.0, 2, 11.424356)
Testing accuracy: 35.15

 16%|█▌        | 162/1000 [25:37<2:15:46,  9.72s/it]********************************************************************************
Round 162
this epoch cost time:0.8500914573669434
this epoch choose: [54, 44, 6, 81, 13, 94, 75, 83, 83, 93]
this epoch dispatch models: [2 0 2 3 2 2 3 4 6 3]
this epoch received models: [np.int64(2), np.int64(0), np.int64(2), np.int64(3), np.int64(2), np.int64(2), np.int64(3), np.int64(4), np.int64(6), np.int64(3)]
hetero_proportion: 	4:3:3
(0.4, 2, 2.120985)
Testing accuracy: 36.76
(0.4, 3, 2.646356)
Testing accuracy: 37.23
(0.4, 4, 4.64774)
Testing accuracy: 35.86
(0.66, 2, 5.159621)
Testing accuracy: 35.78
(0.66, 3, 5.528077)
Testing accuracy: 36.69
(0.66, 4, 6.945581)
Testing accuracy: 35.88
(1.0, 2, 11.424356)
Testing accuracy: 34.37

 16%|█▋        | 163/1000 [25:47<2:15:48,  9.74s/it]********************************************************************************
Round 163
this epoch cost time:0.8191773891448975
this epoch choose: [82, 87, 73, 78, 83, 57, 22, 70, 90, 94]
this epoch dispatch models: [4 4 6 6 5 4 2 5 2 5]
this epoch received models: [np.int64(4), np.int64(4), np.int64(6), np.int64(6), np.int64(5), np.int64(4), np.int64(2), np.int64(5), np.int64(2), np.int64(5)]
hetero_proportion: 	4:3:3
(0.4, 2, 2.120985)
Testing accuracy: 36.73
(0.4, 3, 2.646356)
Testing accuracy: 37.25
(0.4, 4, 4.64774)
Testing accuracy: 36.14
(0.66, 2, 5.159621)
Testing accuracy: 36.52
(0.66, 3, 5.528077)
Testing accuracy: 36.78
(0.66, 4, 6.945581)
Testing accuracy: 36.15
(1.0, 2, 11.424356)
Testing accuracy: 34.76

 16%|█▋        | 164/1000 [25:56<2:16:04,  9.77s/it]********************************************************************************
Round 164
this epoch cost time:0.694324254989624
this epoch choose: [71, 27, 86, 81, 45, 95, 49, 15, 91, 68]
this epoch dispatch models: [6 0 1 4 3 4 2 2 6 5]
this epoch received models: [np.int64(6), np.int64(0), np.int64(1), np.int64(4), np.int64(3), np.int64(4), np.int64(2), np.int64(2), np.int64(6), np.int64(5)]
hetero_proportion: 	4:3:3
(0.4, 2, 2.120985)
Testing accuracy: 36.93
(0.4, 3, 2.646356)
Testing accuracy: 37.11
(0.4, 4, 4.64774)
Testing accuracy: 36.45
(0.66, 2, 5.159621)
Testing accuracy: 36.31
(0.66, 3, 5.528077)
Testing accuracy: 36.84
(0.66, 4, 6.945581)
Testing accuracy: 36.10
(1.0, 2, 11.424356)
Testing accuracy: 34.69

 16%|█▋        | 165/1000 [26:06<2:16:12,  9.79s/it]********************************************************************************
Round 165
this epoch cost time:0.7961397171020508
this epoch choose: [37, 83, 72, 85, 97, 50, 47, 89, 94, 85]
this epoch dispatch models: [1 4 4 6 4 1 3 6 3 6]
this epoch received models: [np.int64(1), np.int64(4), np.int64(4), np.int64(6), np.int64(4), np.int64(1), np.int64(3), np.int64(6), np.int64(3), np.int64(6)]
hetero_proportion: 	4:3:3
(0.4, 2, 2.120985)
Testing accuracy: 37.03
(0.4, 3, 2.646356)
Testing accuracy: 37.30
(0.4, 4, 4.64774)
Testing accuracy: 36.23
(0.66, 2, 5.159621)
Testing accuracy: 36.18
(0.66, 3, 5.528077)
Testing accuracy: 36.67
(0.66, 4, 6.945581)
Testing accuracy: 35.61
(1.0, 2, 11.424356)
Testing accuracy: 34.04

 17%|█▋        | 166/1000 [26:16<2:14:14,  9.66s/it]********************************************************************************
Round 166
this epoch cost time:0.6189196109771729
this epoch choose: [13, 74, 49, 79, 97, 89, 25, 50, 73, 56]
this epoch dispatch models: [0 6 1 4 4 0 0 5 5 3]
this epoch received models: [np.int64(0), np.int64(6), np.int64(1), np.int64(4), np.int64(4), np.int64(0), np.int64(0), np.int64(5), np.int64(5), np.int64(3)]
hetero_proportion: 	4:3:3
(0.4, 2, 2.120985)
Testing accuracy: 36.96
(0.4, 3, 2.646356)
Testing accuracy: 36.73
(0.4, 4, 4.64774)
Testing accuracy: 35.74
(0.66, 2, 5.159621)
Testing accuracy: 36.04
(0.66, 3, 5.528077)
Testing accuracy: 36.02
(0.66, 4, 6.945581)
Testing accuracy: 35.51
(1.0, 2, 11.424356)
Testing accuracy: 34.01

 17%|█▋        | 167/1000 [26:25<2:12:22,  9.54s/it]********************************************************************************
Round 167
this epoch cost time:0.8393902778625488
this epoch choose: [83, 95, 96, 68, 58, 63, 90, 97, 91, 69]
this epoch dispatch models: [6 2 4 2 5 0 6 3 3 1]
this epoch received models: [np.int64(6), np.int64(2), np.int64(4), np.int64(2), np.int64(5), np.int64(0), np.int64(6), np.int64(3), np.int64(3), np.int64(1)]
hetero_proportion: 	4:3:3
(0.4, 2, 2.120985)
Testing accuracy: 37.53
(0.4, 3, 2.646356)
Testing accuracy: 37.67
(0.4, 4, 4.64774)
Testing accuracy: 36.60
(0.66, 2, 5.159621)
Testing accuracy: 36.55
(0.66, 3, 5.528077)
Testing accuracy: 36.47
(0.66, 4, 6.945581)
Testing accuracy: 36.21
(1.0, 2, 11.424356)
Testing accuracy: 34.97

 17%|█▋        | 168/1000 [26:35<2:15:05,  9.74s/it]********************************************************************************
Round 168
this epoch cost time:0.5630123615264893
this epoch choose: [27, 97, 79, 43, 95, 62, 13, 40, 94, 93]
this epoch dispatch models: [2 0 5 2 4 1 2 4 6 0]
this epoch received models: [np.int64(2), np.int64(0), np.int64(5), np.int64(2), np.int64(4), np.int64(1), np.int64(2), np.int64(4), np.int64(6), np.int64(0)]
hetero_proportion: 	4:3:3
(0.4, 2, 2.120985)
Testing accuracy: 36.47
(0.4, 3, 2.646356)
Testing accuracy: 36.67
(0.4, 4, 4.64774)
Testing accuracy: 35.42
(0.66, 2, 5.159621)
Testing accuracy: 35.83
(0.66, 3, 5.528077)
Testing accuracy: 35.97
(0.66, 4, 6.945581)
Testing accuracy: 35.77
(1.0, 2, 11.424356)
Testing accuracy: 34.89

 17%|█▋        | 169/1000 [26:44<2:11:31,  9.50s/it]********************************************************************************
Round 169
this epoch cost time:0.691840410232544
this epoch choose: [82, 44, 99, 90, 57, 7, 74, 80, 56, 38]
this epoch dispatch models: [4 2 4 1 3 1 5 4 0 2]
this epoch received models: [np.int64(4), np.int64(2), np.int64(4), np.int64(1), np.int64(3), np.int64(1), np.int64(5), np.int64(4), np.int64(0), np.int64(2)]
hetero_proportion: 	4:3:3
(0.4, 2, 2.120985)
Testing accuracy: 37.08
(0.4, 3, 2.646356)
Testing accuracy: 37.15
(0.4, 4, 4.64774)
Testing accuracy: 36.15
(0.66, 2, 5.159621)
Testing accuracy: 35.87
(0.66, 3, 5.528077)
Testing accuracy: 36.64
(0.66, 4, 6.945581)
Testing accuracy: 35.88
(1.0, 2, 11.424356)
Testing accuracy: 34.83

 17%|█▋        | 170/1000 [26:54<2:12:27,  9.58s/it]********************************************************************************
Round 170
this epoch cost time:0.6348714828491211
this epoch choose: [97, 97, 93, 12, 54, 72, 78, 57, 85, 55]
this epoch dispatch models: [2 3 4 0 5 4 6 4 4 4]
this epoch received models: [np.int64(2), np.int64(3), np.int64(4), np.int64(0), np.int64(5), np.int64(4), np.int64(6), np.int64(4), np.int64(4), np.int64(4)]
hetero_proportion: 	4:3:3
(0.4, 2, 2.120985)
Testing accuracy: 37.32
(0.4, 3, 2.646356)
Testing accuracy: 37.50
(0.4, 4, 4.64774)
Testing accuracy: 35.83
(0.66, 2, 5.159621)
Testing accuracy: 36.14
(0.66, 3, 5.528077)
Testing accuracy: 36.56
(0.66, 4, 6.945581)
Testing accuracy: 35.79
(1.0, 2, 11.424356)
Testing accuracy: 34.38

 17%|█▋        | 171/1000 [27:03<2:12:07,  9.56s/it]********************************************************************************
Round 171
this epoch cost time:0.6688637733459473
this epoch choose: [52, 49, 16, 56, 52, 66, 71, 80, 78, 97]
this epoch dispatch models: [2 3 2 4 4 3 0 2 3 5]
this epoch received models: [np.int64(2), np.int64(3), np.int64(2), np.int64(4), np.int64(4), np.int64(3), np.int64(0), np.int64(2), np.int64(3), np.int64(5)]
hetero_proportion: 	4:3:3
(0.4, 2, 2.120985)
Testing accuracy: 37.64
(0.4, 3, 2.646356)
Testing accuracy: 37.64
(0.4, 4, 4.64774)
Testing accuracy: 36.12
(0.66, 2, 5.159621)
Testing accuracy: 36.18
(0.66, 3, 5.528077)
Testing accuracy: 36.80
(0.66, 4, 6.945581)
Testing accuracy: 35.82
(1.0, 2, 11.424356)
Testing accuracy: 34.62

 17%|█▋        | 172/1000 [27:13<2:11:37,  9.54s/it]********************************************************************************
Round 172
this epoch cost time:0.6281459331512451
this epoch choose: [7, 68, 77, 72, 19, 66, 78, 57, 70, 84]
this epoch dispatch models: [1 0 1 3 0 4 6 3 4 3]
this epoch received models: [np.int64(1), np.int64(0), np.int64(1), np.int64(3), np.int64(0), np.int64(4), np.int64(6), np.int64(3), np.int64(4), np.int64(3)]
hetero_proportion: 	4:3:3
(0.4, 2, 2.120985)
Testing accuracy: 37.60
(0.4, 3, 2.646356)
Testing accuracy: 37.53
(0.4, 4, 4.64774)
Testing accuracy: 36.03
(0.66, 2, 5.159621)
Testing accuracy: 35.47
(0.66, 3, 5.528077)
Testing accuracy: 36.50
(0.66, 4, 6.945581)
Testing accuracy: 35.68
(1.0, 2, 11.424356)
Testing accuracy: 34.34

 17%|█▋        | 173/1000 [27:22<2:09:22,  9.39s/it]********************************************************************************
Round 173
this epoch cost time:0.5751559734344482
this epoch choose: [79, 34, 62, 27, 71, 63, 76, 60, 55, 61]
this epoch dispatch models: [6 0 0 0 5 4 0 0 3 3]
this epoch received models: [np.int64(6), np.int64(0), np.int64(0), np.int64(0), np.int64(5), np.int64(4), np.int64(0), np.int64(0), np.int64(3), np.int64(3)]
hetero_proportion: 	4:3:3
(0.4, 2, 2.120985)
Testing accuracy: 37.76
(0.4, 3, 2.646356)
Testing accuracy: 37.64
(0.4, 4, 4.64774)
Testing accuracy: 36.18
(0.66, 2, 5.159621)
Testing accuracy: 36.53
(0.66, 3, 5.528077)
Testing accuracy: 36.79
(0.66, 4, 6.945581)
Testing accuracy: 36.13
(1.0, 2, 11.424356)
Testing accuracy: 34.43

 17%|█▋        | 174/1000 [27:32<2:12:00,  9.59s/it]********************************************************************************
Round 174
this epoch cost time:0.6217446327209473
this epoch choose: [22, 89, 97, 23, 87, 74, 84, 84, 74, 49]
this epoch dispatch models: [2 6 1 2 4 2 5 6 4 3]
this epoch received models: [np.int64(2), np.int64(6), np.int64(1), np.int64(2), np.int64(4), np.int64(2), np.int64(5), np.int64(6), np.int64(4), np.int64(3)]
hetero_proportion: 	4:3:3
(0.4, 2, 2.120985)
Testing accuracy: 37.92
(0.4, 3, 2.646356)
Testing accuracy: 37.57
(0.4, 4, 4.64774)
Testing accuracy: 36.43
(0.66, 2, 5.159621)
Testing accuracy: 36.58
(0.66, 3, 5.528077)
Testing accuracy: 36.84
(0.66, 4, 6.945581)
Testing accuracy: 36.26
(1.0, 2, 11.424356)
Testing accuracy: 34.39

 18%|█▊        | 175/1000 [27:42<2:12:30,  9.64s/it]********************************************************************************
Round 175
this epoch cost time:0.6079361438751221
this epoch choose: [7, 72, 60, 73, 88, 48, 82, 88, 27, 60]
this epoch dispatch models: [0 3 3 3 1 3 2 5 0 3]
this epoch received models: [np.int64(0), np.int64(3), np.int64(3), np.int64(3), np.int64(1), np.int64(3), np.int64(2), np.int64(5), np.int64(0), np.int64(3)]
hetero_proportion: 	4:3:3
(0.4, 2, 2.120985)
Testing accuracy: 36.72
(0.4, 3, 2.646356)
Testing accuracy: 36.32
(0.4, 4, 4.64774)
Testing accuracy: 35.67
(0.66, 2, 5.159621)
Testing accuracy: 35.22
(0.66, 3, 5.528077)
Testing accuracy: 35.79
(0.66, 4, 6.945581)
Testing accuracy: 35.66
(1.0, 2, 11.424356)
Testing accuracy: 33.96

 18%|█▊        | 176/1000 [27:51<2:09:17,  9.41s/it]********************************************************************************
Round 176
this epoch cost time:0.6504309177398682
this epoch choose: [79, 71, 70, 42, 15, 74, 96, 17, 84, 56]
this epoch dispatch models: [4 5 5 0 0 6 4 1 5 4]
this epoch received models: [np.int64(4), np.int64(5), np.int64(5), np.int64(0), np.int64(0), np.int64(6), np.int64(4), np.int64(1), np.int64(5), np.int64(4)]
hetero_proportion: 	4:3:3
(0.4, 2, 2.120985)
Testing accuracy: 37.73
(0.4, 3, 2.646356)
Testing accuracy: 37.67
(0.4, 4, 4.64774)
Testing accuracy: 36.79
(0.66, 2, 5.159621)
Testing accuracy: 37.01
(0.66, 3, 5.528077)
Testing accuracy: 37.66
(0.66, 4, 6.945581)
Testing accuracy: 36.69
(1.0, 2, 11.424356)
Testing accuracy: 34.83

 18%|█▊        | 177/1000 [28:01<2:12:07,  9.63s/it]********************************************************************************
Round 177
this epoch cost time:0.6856558322906494
this epoch choose: [28, 45, 80, 87, 96, 89, 71, 76, 51, 87]
this epoch dispatch models: [2 4 4 6 6 0 6 4 3 0]
this epoch received models: [np.int64(2), np.int64(4), np.int64(4), np.int64(6), np.int64(6), np.int64(0), np.int64(6), np.int64(4), np.int64(3), np.int64(0)]
hetero_proportion: 	4:3:3
(0.4, 2, 2.120985)
Testing accuracy: 38.00
(0.4, 3, 2.646356)
Testing accuracy: 37.75
(0.4, 4, 4.64774)
Testing accuracy: 36.57
(0.66, 2, 5.159621)
Testing accuracy: 37.28
(0.66, 3, 5.528077)
Testing accuracy: 37.80
(0.66, 4, 6.945581)
Testing accuracy: 36.66
(1.0, 2, 11.424356)
Testing accuracy: 35.25

 18%|█▊        | 178/1000 [28:10<2:10:38,  9.54s/it]********************************************************************************
Round 178
this epoch cost time:0.5644903182983398
this epoch choose: [14, 28, 88, 76, 64, 76, 84, 96, 39, 54]
this epoch dispatch models: [0 0 6 6 0 5 1 3 1 2]
this epoch received models: [np.int64(0), np.int64(0), np.int64(6), np.int64(6), np.int64(0), np.int64(5), np.int64(1), np.int64(3), np.int64(1), np.int64(2)]
hetero_proportion: 	4:3:3
(0.4, 2, 2.120985)
Testing accuracy: 38.27
(0.4, 3, 2.646356)
Testing accuracy: 38.19
(0.4, 4, 4.64774)
Testing accuracy: 36.44
(0.66, 2, 5.159621)
Testing accuracy: 37.27
(0.66, 3, 5.528077)
Testing accuracy: 37.01
(0.66, 4, 6.945581)
Testing accuracy: 36.23
(1.0, 2, 11.424356)
Testing accuracy: 34.63

 18%|█▊        | 179/1000 [28:19<2:08:24,  9.38s/it]********************************************************************************
Round 179
this epoch cost time:0.7334344387054443
this epoch choose: [80, 0, 89, 2, 96, 59, 92, 78, 28, 45]
this epoch dispatch models: [6 1 5 0 6 5 3 1 1 3]
this epoch received models: [np.int64(6), np.int64(1), np.int64(5), np.int64(0), np.int64(6), np.int64(5), np.int64(3), np.int64(1), np.int64(1), np.int64(3)]
hetero_proportion: 	4:3:3
(0.4, 2, 2.120985)
Testing accuracy: 37.95
(0.4, 3, 2.646356)
Testing accuracy: 38.13
(0.4, 4, 4.64774)
Testing accuracy: 36.77
(0.66, 2, 5.159621)
Testing accuracy: 36.99
(0.66, 3, 5.528077)
Testing accuracy: 37.13
(0.66, 4, 6.945581)
Testing accuracy: 36.71
(1.0, 2, 11.424356)
Testing accuracy: 35.47

 18%|█▊        | 180/1000 [28:29<2:12:22,  9.69s/it]********************************************************************************
Round 180
this epoch cost time:0.6189484596252441
this epoch choose: [95, 54, 57, 87, 90, 43, 57, 78, 93, 66]
this epoch dispatch models: [1 5 3 2 6 1 3 5 6 0]
this epoch received models: [np.int64(1), np.int64(5), np.int64(3), np.int64(2), np.int64(6), np.int64(1), np.int64(3), np.int64(5), np.int64(6), np.int64(0)]
hetero_proportion: 	4:3:3
(0.4, 2, 2.120985)
Testing accuracy: 37.91
(0.4, 3, 2.646356)
Testing accuracy: 37.57
(0.4, 4, 4.64774)
Testing accuracy: 36.51
(0.66, 2, 5.159621)
Testing accuracy: 36.07
(0.66, 3, 5.528077)
Testing accuracy: 36.46
(0.66, 4, 6.945581)
Testing accuracy: 36.15
(1.0, 2, 11.424356)
Testing accuracy: 35.18

 18%|█▊        | 181/1000 [28:39<2:10:42,  9.58s/it]********************************************************************************
Round 181
this epoch cost time:0.6195452213287354
this epoch choose: [64, 41, 15, 42, 44, 74, 14, 56, 97, 89]
this epoch dispatch models: [3 3 0 1 0 6 1 5 4 3]
this epoch received models: [np.int64(3), np.int64(3), np.int64(0), np.int64(1), np.int64(0), np.int64(6), np.int64(1), np.int64(5), np.int64(4), np.int64(3)]
hetero_proportion: 	4:3:3
(0.4, 2, 2.120985)
Testing accuracy: 37.78
(0.4, 3, 2.646356)
Testing accuracy: 37.95
(0.4, 4, 4.64774)
Testing accuracy: 36.90
(0.66, 2, 5.159621)
Testing accuracy: 37.07
(0.66, 3, 5.528077)
Testing accuracy: 37.19
(0.66, 4, 6.945581)
Testing accuracy: 36.54
(1.0, 2, 11.424356)
Testing accuracy: 35.65

 18%|█▊        | 182/1000 [28:48<2:09:29,  9.50s/it]********************************************************************************
Round 182
this epoch cost time:0.7980163097381592
this epoch choose: [49, 83, 73, 5, 44, 72, 72, 92, 73, 79]
this epoch dispatch models: [4 4 2 0 0 6 6 0 6 6]
this epoch received models: [np.int64(4), np.int64(4), np.int64(2), np.int64(0), np.int64(0), np.int64(6), np.int64(6), np.int64(0), np.int64(6), np.int64(6)]
hetero_proportion: 	4:3:3
(0.4, 2, 2.120985)
Testing accuracy: 38.11
(0.4, 3, 2.646356)
Testing accuracy: 37.63
(0.4, 4, 4.64774)
Testing accuracy: 36.23
(0.66, 2, 5.159621)
Testing accuracy: 36.98
(0.66, 3, 5.528077)
Testing accuracy: 37.17
(0.66, 4, 6.945581)
Testing accuracy: 36.13
(1.0, 2, 11.424356)
Testing accuracy: 34.59

 18%|█▊        | 183/1000 [28:59<2:14:10,  9.85s/it]********************************************************************************
Round 183
this epoch cost time:0.5684380531311035
this epoch choose: [60, 31, 34, 86, 43, 63, 3, 72, 17, 99]
this epoch dispatch models: [3 0 2 6 5 3 2 6 2 3]
this epoch received models: [np.int64(3), np.int64(0), np.int64(2), np.int64(6), np.int64(5), np.int64(3), np.int64(2), np.int64(6), np.int64(2), np.int64(3)]
hetero_proportion: 	4:3:3
(0.4, 2, 2.120985)
Testing accuracy: 38.40
(0.4, 3, 2.646356)
Testing accuracy: 37.58
(0.4, 4, 4.64774)
Testing accuracy: 37.01
(0.66, 2, 5.159621)
Testing accuracy: 37.35
(0.66, 3, 5.528077)
Testing accuracy: 37.36
(0.66, 4, 6.945581)
Testing accuracy: 36.94
(1.0, 2, 11.424356)
Testing accuracy: 35.30

 18%|█▊        | 184/1000 [29:08<2:12:03,  9.71s/it]********************************************************************************
Round 184
this epoch cost time:0.8001928329467773
this epoch choose: [51, 63, 92, 81, 84, 55, 12, 83, 42, 78]
this epoch dispatch models: [1 5 1 1 4 5 1 4 0 6]
this epoch received models: [np.int64(1), np.int64(5), np.int64(1), np.int64(1), np.int64(4), np.int64(5), np.int64(1), np.int64(4), np.int64(0), np.int64(6)]
hetero_proportion: 	4:3:3
(0.4, 2, 2.120985)
Testing accuracy: 37.73
(0.4, 3, 2.646356)
Testing accuracy: 37.33
(0.4, 4, 4.64774)
Testing accuracy: 36.66
(0.66, 2, 5.159621)
Testing accuracy: 36.48
(0.66, 3, 5.528077)
Testing accuracy: 36.42
(0.66, 4, 6.945581)
Testing accuracy: 35.89
(1.0, 2, 11.424356)
Testing accuracy: 34.39

 18%|█▊        | 185/1000 [29:18<2:13:52,  9.86s/it]********************************************************************************
Round 185
this epoch cost time:0.5558018684387207
this epoch choose: [40, 72, 96, 41, 14, 62, 99, 95, 95, 82]
this epoch dispatch models: [5 3 5 0 0 5 6 6 6 0]
this epoch received models: [np.int64(5), np.int64(3), np.int64(5), np.int64(0), np.int64(0), np.int64(5), np.int64(6), np.int64(6), np.int64(6), np.int64(0)]
hetero_proportion: 	4:3:3
(0.4, 2, 2.120985)
Testing accuracy: 37.32
(0.4, 3, 2.646356)
Testing accuracy: 37.04
(0.4, 4, 4.64774)
Testing accuracy: 36.75
(0.66, 2, 5.159621)
Testing accuracy: 36.27
(0.66, 3, 5.528077)
Testing accuracy: 36.91
(0.66, 4, 6.945581)
Testing accuracy: 35.84
(1.0, 2, 11.424356)
Testing accuracy: 34.57

 19%|█▊        | 186/1000 [29:28<2:14:38,  9.92s/it]********************************************************************************
Round 186
this epoch cost time:0.8136506080627441
this epoch choose: [93, 16, 78, 34, 65, 45, 83, 76, 79, 92]
this epoch dispatch models: [6 2 4 0 4 4 5 4 1 2]
this epoch received models: [np.int64(6), np.int64(2), np.int64(4), np.int64(0), np.int64(4), np.int64(4), np.int64(5), np.int64(4), np.int64(1), np.int64(2)]
hetero_proportion: 	4:3:3
(0.4, 2, 2.120985)
Testing accuracy: 37.57
(0.4, 3, 2.646356)
Testing accuracy: 37.17
(0.4, 4, 4.64774)
Testing accuracy: 36.57
(0.66, 2, 5.159621)
Testing accuracy: 36.39
(0.66, 3, 5.528077)
Testing accuracy: 36.84
(0.66, 4, 6.945581)
Testing accuracy: 36.48
(1.0, 2, 11.424356)
Testing accuracy: 34.60

 19%|█▊        | 187/1000 [29:38<2:12:04,  9.75s/it]********************************************************************************
Round 187
this epoch cost time:0.8470261096954346
this epoch choose: [67, 60, 76, 83, 68, 50, 38, 97, 28, 90]
this epoch dispatch models: [0 2 3 6 0 2 1 3 1 6]
this epoch received models: [np.int64(0), np.int64(2), np.int64(3), np.int64(6), np.int64(0), np.int64(2), np.int64(1), np.int64(3), np.int64(1), np.int64(6)]
hetero_proportion: 	4:3:3
(0.4, 2, 2.120985)
Testing accuracy: 37.99
(0.4, 3, 2.646356)
Testing accuracy: 37.39
(0.4, 4, 4.64774)
Testing accuracy: 36.63
(0.66, 2, 5.159621)
Testing accuracy: 36.51
(0.66, 3, 5.528077)
Testing accuracy: 36.57
(0.66, 4, 6.945581)
Testing accuracy: 36.46
(1.0, 2, 11.424356)
Testing accuracy: 34.91

 19%|█▉        | 188/1000 [29:47<2:11:41,  9.73s/it]********************************************************************************
Round 188
this epoch cost time:0.616940975189209
this epoch choose: [38, 70, 48, 6, 78, 65, 73, 22, 55, 27]
this epoch dispatch models: [2 2 3 1 5 2 6 2 4 2]
this epoch received models: [np.int64(2), np.int64(2), np.int64(3), np.int64(1), np.int64(5), np.int64(2), np.int64(6), np.int64(2), np.int64(4), np.int64(2)]
hetero_proportion: 	4:3:3
(0.4, 2, 2.120985)
Testing accuracy: 37.95
(0.4, 3, 2.646356)
Testing accuracy: 37.91
(0.4, 4, 4.64774)
Testing accuracy: 36.24
(0.66, 2, 5.159621)
Testing accuracy: 36.64
(0.66, 3, 5.528077)
Testing accuracy: 36.57
(0.66, 4, 6.945581)
Testing accuracy: 35.84
(1.0, 2, 11.424356)
Testing accuracy: 34.57

 19%|█▉        | 189/1000 [29:57<2:09:48,  9.60s/it]********************************************************************************
Round 189
this epoch cost time:0.6572983264923096
this epoch choose: [55, 35, 69, 41, 56, 68, 57, 86, 33, 70]
this epoch dispatch models: [1 1 1 5 4 0 4 6 2 3]
this epoch received models: [np.int64(1), np.int64(1), np.int64(1), np.int64(5), np.int64(4), np.int64(0), np.int64(4), np.int64(6), np.int64(2), np.int64(3)]
hetero_proportion: 	4:3:3
(0.4, 2, 2.120985)
Testing accuracy: 38.06
(0.4, 3, 2.646356)
Testing accuracy: 38.14
(0.4, 4, 4.64774)
Testing accuracy: 36.36
(0.66, 2, 5.159621)
Testing accuracy: 36.32
(0.66, 3, 5.528077)
Testing accuracy: 36.49
(0.66, 4, 6.945581)
Testing accuracy: 36.20
(1.0, 2, 11.424356)
Testing accuracy: 34.94

 19%|█▉        | 190/1000 [30:07<2:11:46,  9.76s/it]********************************************************************************
Round 190
this epoch cost time:0.6169919967651367
this epoch choose: [16, 65, 92, 13, 95, 47, 44, 90, 69, 46]
this epoch dispatch models: [0 5 6 0 2 1 4 6 0 0]
this epoch received models: [np.int64(0), np.int64(5), np.int64(6), np.int64(0), np.int64(2), np.int64(1), np.int64(4), np.int64(6), np.int64(0), np.int64(0)]
hetero_proportion: 	4:3:3
(0.4, 2, 2.120985)
Testing accuracy: 37.92
(0.4, 3, 2.646356)
Testing accuracy: 37.37
(0.4, 4, 4.64774)
Testing accuracy: 36.67
(0.66, 2, 5.159621)
Testing accuracy: 36.26
(0.66, 3, 5.528077)
Testing accuracy: 36.49
(0.66, 4, 6.945581)
Testing accuracy: 36.33
(1.0, 2, 11.424356)
Testing accuracy: 35.15

 19%|█▉        | 191/1000 [30:16<2:10:06,  9.65s/it]********************************************************************************
Round 191
this epoch cost time:0.6053617000579834
this epoch choose: [74, 75, 94, 92, 86, 91, 74, 3, 79, 79]
this epoch dispatch models: [3 3 4 1 6 6 0 0 0 6]
this epoch received models: [np.int64(3), np.int64(3), np.int64(4), np.int64(1), np.int64(6), np.int64(6), np.int64(0), np.int64(0), np.int64(0), np.int64(6)]
hetero_proportion: 	4:3:3
(0.4, 2, 2.120985)
Testing accuracy: 37.89
(0.4, 3, 2.646356)
Testing accuracy: 37.26
(0.4, 4, 4.64774)
Testing accuracy: 36.42
(0.66, 2, 5.159621)
Testing accuracy: 36.14
(0.66, 3, 5.528077)
Testing accuracy: 36.42
(0.66, 4, 6.945581)
Testing accuracy: 36.07
(1.0, 2, 11.424356)
Testing accuracy: 34.73

 19%|█▉        | 192/1000 [30:26<2:09:39,  9.63s/it]********************************************************************************
Round 192
this epoch cost time:0.8146967887878418
this epoch choose: [57, 83, 16, 19, 44, 74, 74, 86, 27, 70]
this epoch dispatch models: [0 5 2 0 4 0 6 1 1 5]
this epoch received models: [np.int64(0), np.int64(5), np.int64(2), np.int64(0), np.int64(4), np.int64(0), np.int64(6), np.int64(1), np.int64(1), np.int64(5)]
hetero_proportion: 	4:3:3
(0.4, 2, 2.120985)
Testing accuracy: 37.77
(0.4, 3, 2.646356)
Testing accuracy: 37.08
(0.4, 4, 4.64774)
Testing accuracy: 36.02
(0.66, 2, 5.159621)
Testing accuracy: 35.75
(0.66, 3, 5.528077)
Testing accuracy: 35.90
(0.66, 4, 6.945581)
Testing accuracy: 35.89
(1.0, 2, 11.424356)
Testing accuracy: 34.29

 19%|█▉        | 193/1000 [30:36<2:10:25,  9.70s/it]********************************************************************************
Round 193
this epoch cost time:0.6057288646697998
this epoch choose: [98, 61, 46, 37, 20, 49, 97, 90, 48, 56]
this epoch dispatch models: [0 4 0 0 1 3 6 5 1 2]
this epoch received models: [np.int64(0), np.int64(4), np.int64(0), np.int64(0), np.int64(1), np.int64(3), np.int64(6), np.int64(5), np.int64(1), np.int64(2)]
hetero_proportion: 	4:3:3
(0.4, 2, 2.120985)
Testing accuracy: 38.34
(0.4, 3, 2.646356)
Testing accuracy: 38.17
(0.4, 4, 4.64774)
Testing accuracy: 36.72
(0.66, 2, 5.159621)
Testing accuracy: 36.26
(0.66, 3, 5.528077)
Testing accuracy: 36.21
(0.66, 4, 6.945581)
Testing accuracy: 36.15
(1.0, 2, 11.424356)
Testing accuracy: 34.78

 19%|█▉        | 194/1000 [30:45<2:08:17,  9.55s/it]********************************************************************************
Round 194
this epoch cost time:0.8140866756439209
this epoch choose: [82, 73, 78, 18, 34, 37, 91, 83, 81, 77]
this epoch dispatch models: [6 6 3 2 1 0 6 5 2 1]
this epoch received models: [np.int64(6), np.int64(6), np.int64(3), np.int64(2), np.int64(1), np.int64(0), np.int64(6), np.int64(5), np.int64(2), np.int64(1)]
hetero_proportion: 	4:3:3
(0.4, 2, 2.120985)
Testing accuracy: 38.19
(0.4, 3, 2.646356)
Testing accuracy: 37.55
(0.4, 4, 4.64774)
Testing accuracy: 36.90
(0.66, 2, 5.159621)
Testing accuracy: 36.53
(0.66, 3, 5.528077)
Testing accuracy: 36.73
(0.66, 4, 6.945581)
Testing accuracy: 36.76
(1.0, 2, 11.424356)
Testing accuracy: 34.94

 20%|█▉        | 195/1000 [30:54<2:07:52,  9.53s/it]********************************************************************************
Round 195
this epoch cost time:0.594313383102417
this epoch choose: [1, 74, 40, 82, 16, 82, 87, 75, 96, 12]
this epoch dispatch models: [1 4 5 1 2 6 4 3 4 0]
this epoch received models: [np.int64(1), np.int64(4), np.int64(5), np.int64(1), np.int64(2), np.int64(6), np.int64(4), np.int64(3), np.int64(4), np.int64(0)]
hetero_proportion: 	4:3:3
(0.4, 2, 2.120985)
Testing accuracy: 37.81
(0.4, 3, 2.646356)
Testing accuracy: 36.98
(0.4, 4, 4.64774)
Testing accuracy: 36.14
(0.66, 2, 5.159621)
Testing accuracy: 36.24
(0.66, 3, 5.528077)
Testing accuracy: 36.18
(0.66, 4, 6.945581)
Testing accuracy: 36.30
(1.0, 2, 11.424356)
Testing accuracy: 34.79

 20%|█▉        | 196/1000 [31:04<2:06:54,  9.47s/it]********************************************************************************
Round 196
this epoch cost time:0.8411810398101807
this epoch choose: [69, 41, 89, 83, 78, 86, 67, 57, 47, 66]
this epoch dispatch models: [5 4 5 6 3 2 4 4 1 4]
this epoch received models: [np.int64(5), np.int64(4), np.int64(5), np.int64(6), np.int64(3), np.int64(2), np.int64(4), np.int64(4), np.int64(1), np.int64(4)]
hetero_proportion: 	4:3:3
(0.4, 2, 2.120985)
Testing accuracy: 38.03
(0.4, 3, 2.646356)
Testing accuracy: 37.50
(0.4, 4, 4.64774)
Testing accuracy: 36.53
(0.66, 2, 5.159621)
Testing accuracy: 36.10
(0.66, 3, 5.528077)
Testing accuracy: 36.79
(0.66, 4, 6.945581)
Testing accuracy: 36.70
(1.0, 2, 11.424356)
Testing accuracy: 35.13

 20%|█▉        | 197/1000 [31:14<2:10:46,  9.77s/it]********************************************************************************
Round 197
this epoch cost time:0.7028112411499023
this epoch choose: [65, 89, 69, 43, 46, 60, 99, 4, 81, 85]
this epoch dispatch models: [3 6 5 4 4 1 1 1 4 3]
this epoch received models: [np.int64(3), np.int64(6), np.int64(5), np.int64(4), np.int64(4), np.int64(1), np.int64(1), np.int64(1), np.int64(4), np.int64(3)]
hetero_proportion: 	4:3:3
(0.4, 2, 2.120985)
Testing accuracy: 37.96
(0.4, 3, 2.646356)
Testing accuracy: 37.66
(0.4, 4, 4.64774)
Testing accuracy: 36.87
(0.66, 2, 5.159621)
Testing accuracy: 36.47
(0.66, 3, 5.528077)
Testing accuracy: 36.80
(0.66, 4, 6.945581)
Testing accuracy: 36.44
(1.0, 2, 11.424356)
Testing accuracy: 34.83

 20%|█▉        | 198/1000 [31:25<2:14:57, 10.10s/it]********************************************************************************
Round 198
this epoch cost time:0.6588692665100098
this epoch choose: [92, 0, 5, 93, 73, 88, 48, 86, 65, 88]
this epoch dispatch models: [6 0 1 5 6 6 5 6 2 4]
this epoch received models: [np.int64(6), np.int64(0), np.int64(1), np.int64(5), np.int64(6), np.int64(6), np.int64(5), np.int64(6), np.int64(2), np.int64(4)]
hetero_proportion: 	4:3:3
(0.4, 2, 2.120985)
Testing accuracy: 38.02
(0.4, 3, 2.646356)
Testing accuracy: 37.41
(0.4, 4, 4.64774)
Testing accuracy: 36.27
(0.66, 2, 5.159621)
Testing accuracy: 36.72
(0.66, 3, 5.528077)
Testing accuracy: 36.80
(0.66, 4, 6.945581)
Testing accuracy: 36.40
(1.0, 2, 11.424356)
Testing accuracy: 35.01

 20%|█▉        | 199/1000 [31:34<2:11:30,  9.85s/it]********************************************************************************
Round 199
this epoch cost time:0.642946720123291
this epoch choose: [62, 75, 57, 72, 98, 90, 45, 91, 85, 89]
this epoch dispatch models: [5 3 4 1 5 6 1 4 6 2]
this epoch received models: [np.int64(5), np.int64(3), np.int64(4), np.int64(1), np.int64(5), np.int64(6), np.int64(1), np.int64(4), np.int64(6), np.int64(2)]
hetero_proportion: 	4:3:3
(0.4, 2, 2.120985)
Testing accuracy: 38.21
(0.4, 3, 2.646356)
Testing accuracy: 38.00
(0.4, 4, 4.64774)
Testing accuracy: 36.72
(0.66, 2, 5.159621)
Testing accuracy: 36.53
(0.66, 3, 5.528077)
Testing accuracy: 37.16
(0.66, 4, 6.945581)
Testing accuracy: 36.43
(1.0, 2, 11.424356)
Testing accuracy: 35.15

 20%|██        | 200/1000 [31:44<2:09:28,  9.71s/it]********************************************************************************
Round 200
this epoch cost time:0.6727397441864014
this epoch choose: [31, 99, 79, 55, 13, 71, 45, 95, 75, 47]
this epoch dispatch models: [0 4 0 4 1 1 0 4 6 5]
this epoch received models: [np.int64(0), np.int64(4), np.int64(0), np.int64(4), np.int64(1), np.int64(1), np.int64(0), np.int64(4), np.int64(6), np.int64(5)]
hetero_proportion: 	4:3:3
(0.4, 2, 2.120985)
Testing accuracy: 37.64
(0.4, 3, 2.646356)
Testing accuracy: 37.75
(0.4, 4, 4.64774)
Testing accuracy: 36.66
(0.66, 2, 5.159621)
Testing accuracy: 36.05
(0.66, 3, 5.528077)
Testing accuracy: 36.69
(0.66, 4, 6.945581)
Testing accuracy: 36.13
(1.0, 2, 11.424356)
Testing accuracy: 35.00

 20%|██        | 201/1000 [31:53<2:09:03,  9.69s/it]********************************************************************************
Round 201
this epoch cost time:0.5664525032043457
this epoch choose: [99, 5, 90, 60, 67, 96, 86, 44, 32, 91]
this epoch dispatch models: [1 1 0 3 4 3 3 2 2 6]
this epoch received models: [np.int64(1), np.int64(1), np.int64(0), np.int64(3), np.int64(4), np.int64(3), np.int64(3), np.int64(2), np.int64(2), np.int64(6)]
hetero_proportion: 	4:3:3
(0.4, 2, 2.120985)
Testing accuracy: 37.95
(0.4, 3, 2.646356)
Testing accuracy: 37.57
(0.4, 4, 4.64774)
Testing accuracy: 36.53
(0.66, 2, 5.159621)
Testing accuracy: 35.80
(0.66, 3, 5.528077)
Testing accuracy: 36.18
(0.66, 4, 6.945581)
Testing accuracy: 35.99
(1.0, 2, 11.424356)
Testing accuracy: 34.87

 20%|██        | 202/1000 [32:03<2:07:22,  9.58s/it]********************************************************************************
Round 202
this epoch cost time:0.6417081356048584
this epoch choose: [80, 98, 7, 78, 67, 66, 64, 62, 58, 96]
this epoch dispatch models: [1 2 2 1 5 3 5 5 3 2]
this epoch received models: [np.int64(1), np.int64(2), np.int64(2), np.int64(1), np.int64(5), np.int64(3), np.int64(5), np.int64(5), np.int64(3), np.int64(2)]
hetero_proportion: 	4:3:3
(0.4, 2, 2.120985)
Testing accuracy: 38.16
(0.4, 3, 2.646356)
Testing accuracy: 38.30
(0.4, 4, 4.64774)
Testing accuracy: 37.03
(0.66, 2, 5.159621)
Testing accuracy: 35.88
(0.66, 3, 5.528077)
Testing accuracy: 36.15
(0.66, 4, 6.945581)
Testing accuracy: 36.12
(1.0, 2, 11.424356)
Testing accuracy: 35.10

 20%|██        | 203/1000 [32:12<2:08:00,  9.64s/it]********************************************************************************
Round 203
this epoch cost time:0.7123072147369385
this epoch choose: [92, 61, 68, 91, 84, 30, 80, 79, 73, 49]
this epoch dispatch models: [3 3 3 3 3 0 5 5 3 3]
this epoch received models: [np.int64(3), np.int64(3), np.int64(3), np.int64(3), np.int64(3), np.int64(0), np.int64(5), np.int64(5), np.int64(3), np.int64(3)]
hetero_proportion: 	4:3:3
(0.4, 2, 2.120985)
Testing accuracy: 38.21
(0.4, 3, 2.646356)
Testing accuracy: 38.26
(0.4, 4, 4.64774)
Testing accuracy: 36.86
(0.66, 2, 5.159621)
Testing accuracy: 36.91
(0.66, 3, 5.528077)
Testing accuracy: 36.68
(0.66, 4, 6.945581)
Testing accuracy: 36.33
(1.0, 2, 11.424356)
Testing accuracy: 35.02

 20%|██        | 204/1000 [32:23<2:10:19,  9.82s/it]********************************************************************************
Round 204
this epoch cost time:0.6992805004119873
this epoch choose: [7, 43, 91, 73, 97, 72, 22, 69, 81, 80]
this epoch dispatch models: [1 0 6 6 4 3 1 2 5 3]
this epoch received models: [np.int64(1), np.int64(0), np.int64(6), np.int64(6), np.int64(4), np.int64(3), np.int64(1), np.int64(2), np.int64(5), np.int64(3)]
hetero_proportion: 	4:3:3
(0.4, 2, 2.120985)
Testing accuracy: 38.67
(0.4, 3, 2.646356)
Testing accuracy: 37.59
(0.4, 4, 4.64774)
Testing accuracy: 36.80
(0.66, 2, 5.159621)
Testing accuracy: 36.74
(0.66, 3, 5.528077)
Testing accuracy: 37.14
(0.66, 4, 6.945581)
Testing accuracy: 36.27
(1.0, 2, 11.424356)
Testing accuracy: 35.03

 20%|██        | 205/1000 [32:32<2:09:44,  9.79s/it]********************************************************************************
Round 205
this epoch cost time:0.6829941272735596
this epoch choose: [71, 43, 94, 90, 47, 74, 70, 61, 26, 49]
this epoch dispatch models: [5 1 6 2 5 0 6 2 2 0]
this epoch received models: [np.int64(5), np.int64(1), np.int64(6), np.int64(2), np.int64(5), np.int64(0), np.int64(6), np.int64(2), np.int64(2), np.int64(0)]
hetero_proportion: 	4:3:3
(0.4, 2, 2.120985)
Testing accuracy: 38.31
(0.4, 3, 2.646356)
Testing accuracy: 37.47
(0.4, 4, 4.64774)
Testing accuracy: 36.58
(0.66, 2, 5.159621)
Testing accuracy: 36.51
(0.66, 3, 5.528077)
Testing accuracy: 36.83
(0.66, 4, 6.945581)
Testing accuracy: 36.47
(1.0, 2, 11.424356)
Testing accuracy: 34.91

 21%|██        | 206/1000 [32:42<2:09:43,  9.80s/it]********************************************************************************
Round 206
this epoch cost time:0.6742541790008545
this epoch choose: [80, 22, 65, 91, 54, 12, 31, 42, 42, 84]
this epoch dispatch models: [2 0 5 0 4 0 2 2 2 0]
this epoch received models: [np.int64(2), np.int64(0), np.int64(5), np.int64(0), np.int64(4), np.int64(0), np.int64(2), np.int64(2), np.int64(2), np.int64(0)]
hetero_proportion: 	4:3:3
(0.4, 2, 2.120985)
Testing accuracy: 38.42
(0.4, 3, 2.646356)
Testing accuracy: 37.93
(0.4, 4, 4.64774)
Testing accuracy: 36.81
(0.66, 2, 5.159621)
Testing accuracy: 36.39
(0.66, 3, 5.528077)
Testing accuracy: 36.90
(0.66, 4, 6.945581)
Testing accuracy: 36.07
(1.0, 2, 11.424356)
Testing accuracy: 35.08

 21%|██        | 207/1000 [32:51<2:07:09,  9.62s/it]********************************************************************************
Round 207
this epoch cost time:0.736738920211792
this epoch choose: [31, 90, 86, 59, 95, 85, 81, 71, 81, 98]
this epoch dispatch models: [1 4 1 2 1 6 6 5 5 0]
this epoch received models: [np.int64(1), np.int64(4), np.int64(1), np.int64(2), np.int64(1), np.int64(6), np.int64(6), np.int64(5), np.int64(5), np.int64(0)]
hetero_proportion: 	4:3:3
(0.4, 2, 2.120985)
Testing accuracy: 38.43
(0.4, 3, 2.646356)
Testing accuracy: 37.70
(0.4, 4, 4.64774)
Testing accuracy: 36.36
(0.66, 2, 5.159621)
Testing accuracy: 36.25
(0.66, 3, 5.528077)
Testing accuracy: 36.51
(0.66, 4, 6.945581)
Testing accuracy: 35.68
(1.0, 2, 11.424356)
Testing accuracy: 34.65

 21%|██        | 208/1000 [33:01<2:07:06,  9.63s/it]********************************************************************************
Round 208
this epoch cost time:0.5707910060882568
this epoch choose: [91, 92, 99, 24, 55, 68, 82, 87, 15, 76]
this epoch dispatch models: [6 1 6 0 1 3 6 6 2 5]
this epoch received models: [np.int64(6), np.int64(1), np.int64(6), np.int64(0), np.int64(1), np.int64(3), np.int64(6), np.int64(6), np.int64(2), np.int64(5)]
hetero_proportion: 	4:3:3
(0.4, 2, 2.120985)
Testing accuracy: 38.49
(0.4, 3, 2.646356)
Testing accuracy: 37.85
(0.4, 4, 4.64774)
Testing accuracy: 37.05
(0.66, 2, 5.159621)
Testing accuracy: 36.72
(0.66, 3, 5.528077)
Testing accuracy: 36.97
(0.66, 4, 6.945581)
Testing accuracy: 36.32
(1.0, 2, 11.424356)
Testing accuracy: 35.31

 21%|██        | 209/1000 [33:10<2:05:31,  9.52s/it]********************************************************************************
Round 209
this epoch cost time:0.6164205074310303
this epoch choose: [71, 99, 57, 93, 16, 19, 40, 48, 53, 73]
this epoch dispatch models: [4 6 3 4 2 1 3 2 0 6]
this epoch received models: [np.int64(4), np.int64(6), np.int64(3), np.int64(4), np.int64(2), np.int64(1), np.int64(3), np.int64(2), np.int64(0), np.int64(6)]
hetero_proportion: 	4:3:3
(0.4, 2, 2.120985)
Testing accuracy: 38.25
(0.4, 3, 2.646356)
Testing accuracy: 37.91
(0.4, 4, 4.64774)
Testing accuracy: 36.71
(0.66, 2, 5.159621)
Testing accuracy: 36.74
(0.66, 3, 5.528077)
Testing accuracy: 36.98
(0.66, 4, 6.945581)
Testing accuracy: 36.18
(1.0, 2, 11.424356)
Testing accuracy: 35.24

 21%|██        | 210/1000 [33:20<2:05:03,  9.50s/it]********************************************************************************
Round 210
this epoch cost time:0.6626389026641846
this epoch choose: [91, 3, 81, 44, 51, 58, 89, 48, 85, 86]
this epoch dispatch models: [5 2 3 4 5 2 5 1 2 6]
this epoch received models: [np.int64(5), np.int64(2), np.int64(3), np.int64(4), np.int64(5), np.int64(2), np.int64(5), np.int64(1), np.int64(2), np.int64(6)]
hetero_proportion: 	4:3:3
(0.4, 2, 2.120985)
Testing accuracy: 38.41
(0.4, 3, 2.646356)
Testing accuracy: 37.97
(0.4, 4, 4.64774)
Testing accuracy: 36.99
(0.66, 2, 5.159621)
Testing accuracy: 36.57
(0.66, 3, 5.528077)
Testing accuracy: 36.71
(0.66, 4, 6.945581)
Testing accuracy: 36.76
(1.0, 2, 11.424356)
Testing accuracy: 35.32

 21%|██        | 211/1000 [33:30<2:06:26,  9.62s/it]********************************************************************************
Round 211
this epoch cost time:0.6517369747161865
this epoch choose: [95, 36, 98, 49, 49, 73, 92, 46, 56, 41]
this epoch dispatch models: [6 2 5 3 5 3 4 3 3 4]
this epoch received models: [np.int64(6), np.int64(2), np.int64(5), np.int64(3), np.int64(5), np.int64(3), np.int64(4), np.int64(3), np.int64(3), np.int64(4)]
hetero_proportion: 	4:3:3
(0.4, 2, 2.120985)
Testing accuracy: 38.66
(0.4, 3, 2.646356)
Testing accuracy: 38.29
(0.4, 4, 4.64774)
Testing accuracy: 37.67
(0.66, 2, 5.159621)
Testing accuracy: 36.78
(0.66, 3, 5.528077)
Testing accuracy: 37.57
(0.66, 4, 6.945581)
Testing accuracy: 36.72
(1.0, 2, 11.424356)
Testing accuracy: 35.70

 21%|██        | 212/1000 [33:39<2:06:41,  9.65s/it]********************************************************************************
Round 212
this epoch cost time:0.6654694080352783
this epoch choose: [59, 65, 81, 90, 87, 29, 74, 89, 82, 40]
this epoch dispatch models: [2 3 2 0 3 1 3 1 6 4]
this epoch received models: [np.int64(2), np.int64(3), np.int64(2), np.int64(0), np.int64(3), np.int64(1), np.int64(3), np.int64(1), np.int64(6), np.int64(4)]
hetero_proportion: 	4:3:3
(0.4, 2, 2.120985)
Testing accuracy: 38.90
(0.4, 3, 2.646356)
Testing accuracy: 38.17
(0.4, 4, 4.64774)
Testing accuracy: 37.41
(0.66, 2, 5.159621)
Testing accuracy: 36.60
(0.66, 3, 5.528077)
Testing accuracy: 37.15
(0.66, 4, 6.945581)
Testing accuracy: 36.65
(1.0, 2, 11.424356)
Testing accuracy: 35.33

 21%|██▏       | 213/1000 [33:49<2:04:20,  9.48s/it]********************************************************************************
Round 213
this epoch cost time:0.5851719379425049
this epoch choose: [87, 91, 55, 67, 20, 82, 51, 43, 84, 55]
this epoch dispatch models: [6 3 4 4 0 3 3 0 1 3]
this epoch received models: [np.int64(6), np.int64(3), np.int64(4), np.int64(4), np.int64(0), np.int64(3), np.int64(3), np.int64(0), np.int64(1), np.int64(3)]
hetero_proportion: 	4:3:3
(0.4, 2, 2.120985)
Testing accuracy: 38.47
(0.4, 3, 2.646356)
Testing accuracy: 37.97
(0.4, 4, 4.64774)
Testing accuracy: 36.96
(0.66, 2, 5.159621)
Testing accuracy: 36.07
(0.66, 3, 5.528077)
Testing accuracy: 36.48
(0.66, 4, 6.945581)
Testing accuracy: 36.15
(1.0, 2, 11.424356)
Testing accuracy: 34.94

 21%|██▏       | 214/1000 [33:58<2:02:22,  9.34s/it]********************************************************************************
Round 214
this epoch cost time:0.5922079086303711
this epoch choose: [72, 89, 74, 71, 20, 51, 64, 77, 2, 65]
this epoch dispatch models: [6 4 4 0 2 3 3 4 2 0]
this epoch received models: [np.int64(6), np.int64(4), np.int64(4), np.int64(0), np.int64(2), np.int64(3), np.int64(3), np.int64(4), np.int64(2), np.int64(0)]
hetero_proportion: 	4:3:3
(0.4, 2, 2.120985)
Testing accuracy: 38.64
(0.4, 3, 2.646356)
Testing accuracy: 38.14
(0.4, 4, 4.64774)
Testing accuracy: 37.13
(0.66, 2, 5.159621)
Testing accuracy: 36.48
(0.66, 3, 5.528077)
Testing accuracy: 36.51
(0.66, 4, 6.945581)
Testing accuracy: 36.40
(1.0, 2, 11.424356)
Testing accuracy: 35.37

 22%|██▏       | 215/1000 [34:06<1:59:55,  9.17s/it]********************************************************************************
Round 215
this epoch cost time:0.6126079559326172
this epoch choose: [53, 54, 55, 95, 5, 99, 66, 92, 24, 84]
this epoch dispatch models: [3 2 4 6 2 5 0 0 0 4]
this epoch received models: [np.int64(3), np.int64(2), np.int64(4), np.int64(6), np.int64(2), np.int64(5), np.int64(0), np.int64(0), np.int64(0), np.int64(4)]
hetero_proportion: 	4:3:3
(0.4, 2, 2.120985)
Testing accuracy: 38.34
(0.4, 3, 2.646356)
Testing accuracy: 38.23
(0.4, 4, 4.64774)
Testing accuracy: 37.92
(0.66, 2, 5.159621)
Testing accuracy: 36.28
(0.66, 3, 5.528077)
Testing accuracy: 37.13
(0.66, 4, 6.945581)
Testing accuracy: 36.77
(1.0, 2, 11.424356)
Testing accuracy: 35.68

 22%|██▏       | 216/1000 [34:16<2:00:34,  9.23s/it]********************************************************************************
Round 216
this epoch cost time:0.686936616897583
this epoch choose: [86, 84, 79, 81, 74, 9, 55, 65, 89, 59]
this epoch dispatch models: [6 3 4 4 5 1 4 4 5 2]
this epoch received models: [np.int64(6), np.int64(3), np.int64(4), np.int64(4), np.int64(5), np.int64(1), np.int64(4), np.int64(4), np.int64(5), np.int64(2)]
hetero_proportion: 	4:3:3
(0.4, 2, 2.120985)
Testing accuracy: 38.69
(0.4, 3, 2.646356)
Testing accuracy: 38.15
(0.4, 4, 4.64774)
Testing accuracy: 37.71
(0.66, 2, 5.159621)
Testing accuracy: 36.63
(0.66, 3, 5.528077)
Testing accuracy: 36.74
(0.66, 4, 6.945581)
Testing accuracy: 36.77
(1.0, 2, 11.424356)
Testing accuracy: 35.16

 22%|██▏       | 217/1000 [34:25<2:01:17,  9.29s/it]********************************************************************************
Round 217
this epoch cost time:0.71366286277771
this epoch choose: [47, 72, 81, 71, 64, 11, 75, 46, 90, 96]
this epoch dispatch models: [4 0 5 6 3 0 4 3 6 6]
this epoch received models: [np.int64(4), np.int64(0), np.int64(5), np.int64(6), np.int64(3), np.int64(0), np.int64(4), np.int64(3), np.int64(6), np.int64(6)]
hetero_proportion: 	4:3:3
(0.4, 2, 2.120985)
Testing accuracy: 39.03
(0.4, 3, 2.646356)
Testing accuracy: 38.52
(0.4, 4, 4.64774)
Testing accuracy: 37.92
(0.66, 2, 5.159621)
Testing accuracy: 36.58
(0.66, 3, 5.528077)
Testing accuracy: 37.01
(0.66, 4, 6.945581)
Testing accuracy: 36.78
(1.0, 2, 11.424356)
Testing accuracy: 35.57

 22%|██▏       | 218/1000 [34:36<2:05:52,  9.66s/it]********************************************************************************
Round 218
this epoch cost time:0.6567187309265137
this epoch choose: [70, 5, 73, 55, 94, 40, 41, 39, 59, 35]
this epoch dispatch models: [5 0 3 5 6 3 5 0 2 1]
this epoch received models: [np.int64(5), np.int64(0), np.int64(3), np.int64(5), np.int64(6), np.int64(3), np.int64(5), np.int64(0), np.int64(2), np.int64(1)]
hetero_proportion: 	4:3:3
(0.4, 2, 2.120985)
Testing accuracy: 38.81
(0.4, 3, 2.646356)
Testing accuracy: 38.22
(0.4, 4, 4.64774)
Testing accuracy: 37.47
(0.66, 2, 5.159621)
Testing accuracy: 36.19
(0.66, 3, 5.528077)
Testing accuracy: 36.95
(0.66, 4, 6.945581)
Testing accuracy: 36.83
(1.0, 2, 11.424356)
Testing accuracy: 35.53

 22%|██▏       | 219/1000 [34:46<2:09:59,  9.99s/it]********************************************************************************
Round 219
this epoch cost time:0.5146880149841309
this epoch choose: [93, 66, 21, 78, 17, 71, 90, 40, 89, 87]
this epoch dispatch models: [6 4 1 3 1 2 0 1 3 6]
this epoch received models: [np.int64(6), np.int64(4), np.int64(1), np.int64(3), np.int64(1), np.int64(2), np.int64(0), np.int64(1), np.int64(3), np.int64(6)]
hetero_proportion: 	4:3:3
(0.4, 2, 2.120985)
Testing accuracy: 38.93
(0.4, 3, 2.646356)
Testing accuracy: 38.14
(0.4, 4, 4.64774)
Testing accuracy: 37.55
(0.66, 2, 5.159621)
Testing accuracy: 36.23
(0.66, 3, 5.528077)
Testing accuracy: 36.90
(0.66, 4, 6.945581)
Testing accuracy: 36.80
(1.0, 2, 11.424356)
Testing accuracy: 35.22

 22%|██▏       | 220/1000 [34:56<2:07:06,  9.78s/it]********************************************************************************
Round 220
this epoch cost time:0.6332197189331055
this epoch choose: [81, 68, 64, 91, 66, 70, 50, 89, 50, 84]
this epoch dispatch models: [1 5 1 4 5 2 5 0 2 4]
this epoch received models: [np.int64(1), np.int64(5), np.int64(1), np.int64(4), np.int64(5), np.int64(2), np.int64(5), np.int64(0), np.int64(2), np.int64(4)]
hetero_proportion: 	4:3:3
(0.4, 2, 2.120985)
Testing accuracy: 38.75
(0.4, 3, 2.646356)
Testing accuracy: 38.18
(0.4, 4, 4.64774)
Testing accuracy: 37.16
(0.66, 2, 5.159621)
Testing accuracy: 35.49
(0.66, 3, 5.528077)
Testing accuracy: 36.33
(0.66, 4, 6.945581)
Testing accuracy: 35.61
(1.0, 2, 11.424356)
Testing accuracy: 34.88

 22%|██▏       | 221/1000 [35:05<2:03:52,  9.54s/it]********************************************************************************
Round 221
this epoch cost time:0.5899837017059326
this epoch choose: [49, 25, 85, 92, 35, 46, 99, 19, 56, 76]
this epoch dispatch models: [1 0 6 3 1 0 6 2 3 3]
this epoch received models: [np.int64(1), np.int64(0), np.int64(6), np.int64(3), np.int64(1), np.int64(0), np.int64(6), np.int64(2), np.int64(3), np.int64(3)]
hetero_proportion: 	4:3:3
(0.4, 2, 2.120985)
Testing accuracy: 38.57
(0.4, 3, 2.646356)
Testing accuracy: 38.01
(0.4, 4, 4.64774)
Testing accuracy: 37.54
(0.66, 2, 5.159621)
Testing accuracy: 35.73
(0.66, 3, 5.528077)
Testing accuracy: 36.41
(0.66, 4, 6.945581)
Testing accuracy: 36.40
(1.0, 2, 11.424356)
Testing accuracy: 35.37

 22%|██▏       | 222/1000 [35:14<2:02:15,  9.43s/it]********************************************************************************
Round 222
this epoch cost time:0.7308712005615234
this epoch choose: [78, 94, 22, 99, 86, 79, 45, 93, 63, 80]
this epoch dispatch models: [6 5 2 2 5 1 4 1 4 6]
this epoch received models: [np.int64(6), np.int64(5), np.int64(2), np.int64(2), np.int64(5), np.int64(1), np.int64(4), np.int64(1), np.int64(4), np.int64(6)]
hetero_proportion: 	4:3:3
(0.4, 2, 2.120985)
Testing accuracy: 38.67
(0.4, 3, 2.646356)
Testing accuracy: 37.75
(0.4, 4, 4.64774)
Testing accuracy: 37.86
(0.66, 2, 5.159621)
Testing accuracy: 36.12
(0.66, 3, 5.528077)
Testing accuracy: 36.38
(0.66, 4, 6.945581)
Testing accuracy: 36.99
(1.0, 2, 11.424356)
Testing accuracy: 35.36

 22%|██▏       | 223/1000 [35:23<2:01:21,  9.37s/it]********************************************************************************
Round 223
this epoch cost time:0.7069821357727051
this epoch choose: [18, 56, 56, 56, 44, 64, 57, 76, 69, 1]
this epoch dispatch models: [0 3 5 5 2 4 3 5 5 0]
this epoch received models: [np.int64(0), np.int64(3), np.int64(5), np.int64(5), np.int64(2), np.int64(4), np.int64(3), np.int64(5), np.int64(5), np.int64(0)]
hetero_proportion: 	4:3:3
(0.4, 2, 2.120985)
Testing accuracy: 38.97
(0.4, 3, 2.646356)
Testing accuracy: 38.14
(0.4, 4, 4.64774)
Testing accuracy: 37.73
(0.66, 2, 5.159621)
Testing accuracy: 36.10
(0.66, 3, 5.528077)
Testing accuracy: 36.26
(0.66, 4, 6.945581)
Testing accuracy: 36.65
(1.0, 2, 11.424356)
Testing accuracy: 35.53

 22%|██▏       | 224/1000 [35:33<2:03:12,  9.53s/it]********************************************************************************
Round 224
this epoch cost time:0.6067931652069092
this epoch choose: [19, 48, 56, 77, 52, 9, 74, 87, 79, 76]
this epoch dispatch models: [1 3 3 6 3 0 0 6 4 6]
this epoch received models: [np.int64(1), np.int64(3), np.int64(3), np.int64(6), np.int64(3), np.int64(0), np.int64(0), np.int64(6), np.int64(4), np.int64(6)]
hetero_proportion: 	4:3:3
(0.4, 2, 2.120985)
Testing accuracy: 38.66
(0.4, 3, 2.646356)
Testing accuracy: 37.76
(0.4, 4, 4.64774)
Testing accuracy: 37.13
(0.66, 2, 5.159621)
Testing accuracy: 35.73
(0.66, 3, 5.528077)
Testing accuracy: 36.08
(0.66, 4, 6.945581)
Testing accuracy: 36.11
(1.0, 2, 11.424356)
Testing accuracy: 35.18

 22%|██▎       | 225/1000 [35:42<2:00:41,  9.34s/it]********************************************************************************
Round 225
this epoch cost time:0.8375170230865479
this epoch choose: [69, 83, 85, 95, 55, 73, 74, 87, 69, 50]
this epoch dispatch models: [1 6 5 4 4 0 6 6 4 2]
this epoch received models: [np.int64(1), np.int64(6), np.int64(5), np.int64(4), np.int64(4), np.int64(0), np.int64(6), np.int64(6), np.int64(4), np.int64(2)]
hetero_proportion: 	4:3:3
(0.4, 2, 2.120985)
Testing accuracy: 38.68
(0.4, 3, 2.646356)
Testing accuracy: 37.38
(0.4, 4, 4.64774)
Testing accuracy: 36.75
(0.66, 2, 5.159621)
Testing accuracy: 35.89
(0.66, 3, 5.528077)
Testing accuracy: 36.11
(0.66, 4, 6.945581)
Testing accuracy: 36.30
(1.0, 2, 11.424356)
Testing accuracy: 35.14

 23%|██▎       | 226/1000 [35:52<2:02:12,  9.47s/it]********************************************************************************
Round 226
this epoch cost time:0.7027029991149902
this epoch choose: [85, 25, 10, 80, 99, 72, 19, 85, 43, 70]
this epoch dispatch models: [3 0 2 5 5 6 2 2 3 6]
this epoch received models: [np.int64(3), np.int64(0), np.int64(2), np.int64(5), np.int64(5), np.int64(6), np.int64(2), np.int64(2), np.int64(3), np.int64(6)]
hetero_proportion: 	4:3:3
(0.4, 2, 2.120985)
Testing accuracy: 38.92
(0.4, 3, 2.646356)
Testing accuracy: 37.93
(0.4, 4, 4.64774)
Testing accuracy: 37.28
(0.66, 2, 5.159621)
Testing accuracy: 36.72
(0.66, 3, 5.528077)
Testing accuracy: 36.28
(0.66, 4, 6.945581)
Testing accuracy: 36.56
(1.0, 2, 11.424356)
Testing accuracy: 35.56

 23%|██▎       | 227/1000 [36:02<2:03:36,  9.59s/it]********************************************************************************
Round 227
this epoch cost time:0.7619636058807373
this epoch choose: [95, 65, 64, 66, 83, 74, 75, 76, 74, 86]
this epoch dispatch models: [0 5 4 5 3 6 1 2 6 2]
this epoch received models: [np.int64(0), np.int64(5), np.int64(4), np.int64(5), np.int64(3), np.int64(6), np.int64(1), np.int64(2), np.int64(6), np.int64(2)]
hetero_proportion: 	4:3:3
(0.4, 2, 2.120985)
Testing accuracy: 38.47
(0.4, 3, 2.646356)
Testing accuracy: 37.65
(0.4, 4, 4.64774)
Testing accuracy: 37.43
(0.66, 2, 5.159621)
Testing accuracy: 36.52
(0.66, 3, 5.528077)
Testing accuracy: 36.58
(0.66, 4, 6.945581)
Testing accuracy: 36.79
(1.0, 2, 11.424356)
Testing accuracy: 35.14

 23%|██▎       | 228/1000 [36:11<2:03:18,  9.58s/it]********************************************************************************
Round 228
this epoch cost time:0.6802172660827637
this epoch choose: [74, 69, 44, 99, 55, 97, 48, 48, 79, 76]
this epoch dispatch models: [5 2 5 3 4 6 0 4 6 6]
this epoch received models: [np.int64(5), np.int64(2), np.int64(5), np.int64(3), np.int64(4), np.int64(6), np.int64(0), np.int64(4), np.int64(6), np.int64(6)]
hetero_proportion: 	4:3:3
(0.4, 2, 2.120985)
Testing accuracy: 38.38
(0.4, 3, 2.646356)
Testing accuracy: 37.61
(0.4, 4, 4.64774)
Testing accuracy: 37.46
(0.66, 2, 5.159621)
Testing accuracy: 36.22
(0.66, 3, 5.528077)
Testing accuracy: 36.08
(0.66, 4, 6.945581)
Testing accuracy: 36.65
(1.0, 2, 11.424356)
Testing accuracy: 35.43

 23%|██▎       | 229/1000 [36:21<2:03:58,  9.65s/it]********************************************************************************
Round 229
this epoch cost time:0.6704814434051514
this epoch choose: [84, 86, 65, 45, 95, 96, 75, 54, 38, 90]
this epoch dispatch models: [2 5 4 2 1 6 6 4 1 0]
this epoch received models: [np.int64(2), np.int64(5), np.int64(4), np.int64(2), np.int64(1), np.int64(6), np.int64(6), np.int64(4), np.int64(1), np.int64(0)]
hetero_proportion: 	4:3:3
(0.4, 2, 2.120985)
Testing accuracy: 38.33
(0.4, 3, 2.646356)
Testing accuracy: 37.74
(0.4, 4, 4.64774)
Testing accuracy: 37.44
(0.66, 2, 5.159621)
Testing accuracy: 36.48
(0.66, 3, 5.528077)
Testing accuracy: 36.36
(0.66, 4, 6.945581)
Testing accuracy: 36.75
(1.0, 2, 11.424356)
Testing accuracy: 35.64

 23%|██▎       | 230/1000 [36:31<2:04:36,  9.71s/it]********************************************************************************
Round 230
this epoch cost time:0.6002457141876221
this epoch choose: [18, 62, 62, 74, 58, 72, 72, 96, 59, 26]
this epoch dispatch models: [1 4 1 5 4 6 5 6 3 2]
this epoch received models: [np.int64(1), np.int64(4), np.int64(1), np.int64(5), np.int64(4), np.int64(6), np.int64(5), np.int64(6), np.int64(3), np.int64(2)]
hetero_proportion: 	4:3:3
(0.4, 2, 2.120985)
Testing accuracy: 38.65
(0.4, 3, 2.646356)
Testing accuracy: 38.30
(0.4, 4, 4.64774)
Testing accuracy: 37.61
(0.66, 2, 5.159621)
Testing accuracy: 37.25
(0.66, 3, 5.528077)
Testing accuracy: 37.16
(0.66, 4, 6.945581)
Testing accuracy: 37.30
(1.0, 2, 11.424356)
Testing accuracy: 36.45

 23%|██▎       | 231/1000 [36:41<2:04:51,  9.74s/it]********************************************************************************
Round 231
this epoch cost time:0.6101818084716797
this epoch choose: [92, 59, 41, 58, 79, 75, 46, 78, 47, 88]
this epoch dispatch models: [6 1 3 5 2 0 5 0 2 5]
this epoch received models: [np.int64(6), np.int64(1), np.int64(3), np.int64(5), np.int64(2), np.int64(0), np.int64(5), np.int64(0), np.int64(2), np.int64(5)]
hetero_proportion: 	4:3:3
(0.4, 2, 2.120985)
Testing accuracy: 38.97
(0.4, 3, 2.646356)
Testing accuracy: 38.34
(0.4, 4, 4.64774)
Testing accuracy: 37.83
(0.66, 2, 5.159621)
Testing accuracy: 36.67
(0.66, 3, 5.528077)
Testing accuracy: 37.13
(0.66, 4, 6.945581)
Testing accuracy: 37.27
(1.0, 2, 11.424356)
Testing accuracy: 36.35

 23%|██▎       | 232/1000 [36:51<2:08:07, 10.01s/it]********************************************************************************
Round 232
this epoch cost time:0.626751184463501
this epoch choose: [56, 56, 79, 71, 6, 40, 20, 16, 80, 13]
this epoch dispatch models: [0 3 4 6 1 0 2 0 1 0]
this epoch received models: [np.int64(0), np.int64(3), np.int64(4), np.int64(6), np.int64(1), np.int64(0), np.int64(2), np.int64(0), np.int64(1), np.int64(0)]
hetero_proportion: 	4:3:3
(0.4, 2, 2.120985)
Testing accuracy: 38.55
(0.4, 3, 2.646356)
Testing accuracy: 38.23
(0.4, 4, 4.64774)
Testing accuracy: 37.64
(0.66, 2, 5.159621)
Testing accuracy: 36.80
(0.66, 3, 5.528077)
Testing accuracy: 37.03
(0.66, 4, 6.945581)
Testing accuracy: 37.18
(1.0, 2, 11.424356)
Testing accuracy: 35.90

 23%|██▎       | 233/1000 [37:00<2:04:25,  9.73s/it]********************************************************************************
Round 233
this epoch cost time:0.685927152633667
this epoch choose: [73, 55, 80, 88, 31, 87, 53, 64, 86, 65]
this epoch dispatch models: [6 0 4 6 1 3 5 2 6 3]
this epoch received models: [np.int64(6), np.int64(0), np.int64(4), np.int64(6), np.int64(1), np.int64(3), np.int64(5), np.int64(2), np.int64(6), np.int64(3)]
hetero_proportion: 	4:3:3
(0.4, 2, 2.120985)
Testing accuracy: 38.38
(0.4, 3, 2.646356)
Testing accuracy: 37.91
(0.4, 4, 4.64774)
Testing accuracy: 37.46
(0.66, 2, 5.159621)
Testing accuracy: 36.56
(0.66, 3, 5.528077)
Testing accuracy: 36.80
(0.66, 4, 6.945581)
Testing accuracy: 36.67
(1.0, 2, 11.424356)
Testing accuracy: 35.85

 23%|██▎       | 234/1000 [37:10<2:02:39,  9.61s/it]********************************************************************************
Round 234
this epoch cost time:0.612159252166748
this epoch choose: [15, 90, 53, 49, 82, 66, 17, 92, 92, 74]
this epoch dispatch models: [2 2 3 0 5 1 1 3 6 2]
this epoch received models: [np.int64(2), np.int64(2), np.int64(3), np.int64(0), np.int64(5), np.int64(1), np.int64(1), np.int64(3), np.int64(6), np.int64(2)]
hetero_proportion: 	4:3:3
(0.4, 2, 2.120985)
Testing accuracy: 38.49
(0.4, 3, 2.646356)
Testing accuracy: 37.98
(0.4, 4, 4.64774)
Testing accuracy: 37.75
(0.66, 2, 5.159621)
Testing accuracy: 36.28
(0.66, 3, 5.528077)
Testing accuracy: 36.56
(0.66, 4, 6.945581)
Testing accuracy: 36.73
(1.0, 2, 11.424356)
Testing accuracy: 35.52

 24%|██▎       | 235/1000 [37:20<2:06:37,  9.93s/it]********************************************************************************
Round 235
this epoch cost time:0.5866618156433105
this epoch choose: [78, 92, 0, 91, 73, 25, 94, 72, 48, 82]
this epoch dispatch models: [6 0 1 2 6 1 6 1 0 4]
this epoch received models: [np.int64(6), np.int64(0), np.int64(1), np.int64(2), np.int64(6), np.int64(1), np.int64(6), np.int64(1), np.int64(0), np.int64(4)]
hetero_proportion: 	4:3:3
(0.4, 2, 2.120985)
Testing accuracy: 38.20
(0.4, 3, 2.646356)
Testing accuracy: 38.20
(0.4, 4, 4.64774)
Testing accuracy: 37.55
(0.66, 2, 5.159621)
Testing accuracy: 36.27
(0.66, 3, 5.528077)
Testing accuracy: 36.76
(0.66, 4, 6.945581)
Testing accuracy: 36.99
(1.0, 2, 11.424356)
Testing accuracy: 35.50

 24%|██▎       | 236/1000 [37:29<2:02:10,  9.59s/it]********************************************************************************
Round 236
this epoch cost time:0.6184031963348389
this epoch choose: [85, 74, 79, 54, 78, 4, 90, 50, 91, 85]
this epoch dispatch models: [6 5 4 5 6 0 6 4 6 0]
this epoch received models: [np.int64(6), np.int64(5), np.int64(4), np.int64(5), np.int64(6), np.int64(0), np.int64(6), np.int64(4), np.int64(6), np.int64(0)]
hetero_proportion: 	4:3:3
(0.4, 2, 2.120985)
Testing accuracy: 38.47
(0.4, 3, 2.646356)
Testing accuracy: 38.32
(0.4, 4, 4.64774)
Testing accuracy: 37.57
(0.66, 2, 5.159621)
Testing accuracy: 36.63
(0.66, 3, 5.528077)
Testing accuracy: 37.26
(0.66, 4, 6.945581)
Testing accuracy: 37.17
(1.0, 2, 11.424356)
Testing accuracy: 35.67

 24%|██▎       | 237/1000 [37:40<2:05:51,  9.90s/it]********************************************************************************
Round 237
this epoch cost time:0.593153715133667
this epoch choose: [98, 87, 72, 54, 52, 35, 89, 84, 66, 82]
this epoch dispatch models: [5 6 3 5 1 0 4 0 5 6]
this epoch received models: [np.int64(5), np.int64(6), np.int64(3), np.int64(5), np.int64(1), np.int64(0), np.int64(4), np.int64(0), np.int64(5), np.int64(6)]
hetero_proportion: 	4:3:3
(0.4, 2, 2.120985)
Testing accuracy: 38.68
(0.4, 3, 2.646356)
Testing accuracy: 38.38
(0.4, 4, 4.64774)
Testing accuracy: 37.38
(0.66, 2, 5.159621)
Testing accuracy: 36.63
(0.66, 3, 5.528077)
Testing accuracy: 37.07
(0.66, 4, 6.945581)
Testing accuracy: 36.86
(1.0, 2, 11.424356)
Testing accuracy: 35.47

 24%|██▍       | 238/1000 [37:49<2:03:19,  9.71s/it]********************************************************************************
Round 238
this epoch cost time:0.6560578346252441
this epoch choose: [34, 71, 46, 85, 93, 93, 16, 23, 75, 41]
this epoch dispatch models: [1 4 4 0 5 5 1 0 5 5]
this epoch received models: [np.int64(1), np.int64(4), np.int64(4), np.int64(0), np.int64(5), np.int64(5), np.int64(1), np.int64(0), np.int64(5), np.int64(5)]
hetero_proportion: 	4:3:3
(0.4, 2, 2.120985)
Testing accuracy: 38.74
(0.4, 3, 2.646356)
Testing accuracy: 38.63
(0.4, 4, 4.64774)
Testing accuracy: 37.18
(0.66, 2, 5.159621)
Testing accuracy: 36.49
(0.66, 3, 5.528077)
Testing accuracy: 36.91
(0.66, 4, 6.945581)
Testing accuracy: 36.32
(1.0, 2, 11.424356)
Testing accuracy: 35.45

 24%|██▍       | 239/1000 [37:58<2:01:29,  9.58s/it]********************************************************************************
Round 239
this epoch cost time:0.7098214626312256
this epoch choose: [69, 88, 71, 62, 76, 50, 93, 74, 96, 43]
this epoch dispatch models: [5 4 6 0 6 0 1 3 6 0]
this epoch received models: [np.int64(5), np.int64(4), np.int64(6), np.int64(0), np.int64(6), np.int64(0), np.int64(1), np.int64(3), np.int64(6), np.int64(0)]
hetero_proportion: 	4:3:3
(0.4, 2, 2.120985)
Testing accuracy: 38.56
(0.4, 3, 2.646356)
Testing accuracy: 38.12
(0.4, 4, 4.64774)
Testing accuracy: 37.07
(0.66, 2, 5.159621)
Testing accuracy: 36.45
(0.66, 3, 5.528077)
Testing accuracy: 36.96
(0.66, 4, 6.945581)
Testing accuracy: 36.72
(1.0, 2, 11.424356)
Testing accuracy: 35.32

 24%|██▍       | 240/1000 [38:07<1:59:20,  9.42s/it]********************************************************************************
Round 240
this epoch cost time:0.8415036201477051
this epoch choose: [99, 31, 46, 44, 86, 95, 42, 97, 83, 93]
this epoch dispatch models: [6 1 4 5 2 1 3 6 6 4]
this epoch received models: [np.int64(6), np.int64(1), np.int64(4), np.int64(5), np.int64(2), np.int64(1), np.int64(3), np.int64(6), np.int64(6), np.int64(4)]
hetero_proportion: 	4:3:3
(0.4, 2, 2.120985)
Testing accuracy: 38.59
(0.4, 3, 2.646356)
Testing accuracy: 38.38
(0.4, 4, 4.64774)
Testing accuracy: 37.45
(0.66, 2, 5.159621)
Testing accuracy: 36.78
(0.66, 3, 5.528077)
Testing accuracy: 37.51
(0.66, 4, 6.945581)
Testing accuracy: 37.04
(1.0, 2, 11.424356)
Testing accuracy: 35.77

 24%|██▍       | 241/1000 [38:17<1:59:22,  9.44s/it]********************************************************************************
Round 241
this epoch cost time:0.6756870746612549
this epoch choose: [68, 52, 75, 76, 86, 24, 65, 64, 73, 63]
this epoch dispatch models: [5 4 6 2 6 0 2 4 5 4]
this epoch received models: [np.int64(5), np.int64(4), np.int64(6), np.int64(2), np.int64(6), np.int64(0), np.int64(2), np.int64(4), np.int64(5), np.int64(4)]
hetero_proportion: 	4:3:3
(0.4, 2, 2.120985)
Testing accuracy: 38.79
(0.4, 3, 2.646356)
Testing accuracy: 38.43
(0.4, 4, 4.64774)
Testing accuracy: 37.55
(0.66, 2, 5.159621)
Testing accuracy: 36.67
(0.66, 3, 5.528077)
Testing accuracy: 37.39
(0.66, 4, 6.945581)
Testing accuracy: 37.21
(1.0, 2, 11.424356)
Testing accuracy: 35.99

 24%|██▍       | 242/1000 [38:26<1:58:43,  9.40s/it]********************************************************************************
Round 242
this epoch cost time:0.5613682270050049
this epoch choose: [52, 29, 63, 84, 98, 77, 94, 99, 8, 43]
this epoch dispatch models: [3 0 5 2 6 3 6 0 2 1]
this epoch received models: [np.int64(3), np.int64(0), np.int64(5), np.int64(2), np.int64(6), np.int64(3), np.int64(6), np.int64(0), np.int64(2), np.int64(1)]
hetero_proportion: 	4:3:3
(0.4, 2, 2.120985)
Testing accuracy: 38.96
(0.4, 3, 2.646356)
Testing accuracy: 38.01
(0.4, 4, 4.64774)
Testing accuracy: 37.21
(0.66, 2, 5.159621)
Testing accuracy: 36.61
(0.66, 3, 5.528077)
Testing accuracy: 36.78
(0.66, 4, 6.945581)
Testing accuracy: 36.53
(1.0, 2, 11.424356)
Testing accuracy: 35.94

 24%|██▍       | 243/1000 [38:36<2:01:57,  9.67s/it]********************************************************************************
Round 243
this epoch cost time:0.6773760318756104
this epoch choose: [6, 69, 42, 78, 75, 98, 49, 97, 36, 60]
this epoch dispatch models: [0 3 3 1 6 6 5 6 1 0]
this epoch received models: [np.int64(0), np.int64(3), np.int64(3), np.int64(1), np.int64(6), np.int64(6), np.int64(5), np.int64(6), np.int64(1), np.int64(0)]
hetero_proportion: 	4:3:3
(0.4, 2, 2.120985)
Testing accuracy: 39.55
(0.4, 3, 2.646356)
Testing accuracy: 38.81
(0.4, 4, 4.64774)
Testing accuracy: 37.39
(0.66, 2, 5.159621)
Testing accuracy: 37.27
(0.66, 3, 5.528077)
Testing accuracy: 37.25
(0.66, 4, 6.945581)
Testing accuracy: 37.13
(1.0, 2, 11.424356)
Testing accuracy: 36.09

 24%|██▍       | 244/1000 [38:47<2:06:09, 10.01s/it]********************************************************************************
Round 244
this epoch cost time:0.5396740436553955
this epoch choose: [42, 77, 64, 8, 97, 93, 76, 82, 45, 82]
this epoch dispatch models: [3 3 2 1 6 4 4 6 3 6]
this epoch received models: [np.int64(3), np.int64(3), np.int64(2), np.int64(1), np.int64(6), np.int64(4), np.int64(4), np.int64(6), np.int64(3), np.int64(6)]
hetero_proportion: 	4:3:3
(0.4, 2, 2.120985)
Testing accuracy: 39.56
(0.4, 3, 2.646356)
Testing accuracy: 38.34
(0.4, 4, 4.64774)
Testing accuracy: 37.32
(0.66, 2, 5.159621)
Testing accuracy: 36.73
(0.66, 3, 5.528077)
Testing accuracy: 37.65
(0.66, 4, 6.945581)
Testing accuracy: 36.92
(1.0, 2, 11.424356)
Testing accuracy: 35.86

 24%|██▍       | 245/1000 [38:57<2:04:03,  9.86s/it]********************************************************************************
Round 245
this epoch cost time:0.6350467205047607
this epoch choose: [90, 65, 73, 90, 38, 82, 34, 45, 70, 6]
this epoch dispatch models: [5 0 2 6 1 6 2 2 4 1]
this epoch received models: [np.int64(5), np.int64(0), np.int64(2), np.int64(6), np.int64(1), np.int64(6), np.int64(2), np.int64(2), np.int64(4), np.int64(1)]
hetero_proportion: 	4:3:3
(0.4, 2, 2.120985)
Testing accuracy: 39.29
(0.4, 3, 2.646356)
Testing accuracy: 38.62
(0.4, 4, 4.64774)
Testing accuracy: 37.22
(0.66, 2, 5.159621)
Testing accuracy: 36.87
(0.66, 3, 5.528077)
Testing accuracy: 37.37
(0.66, 4, 6.945581)
Testing accuracy: 36.67
(1.0, 2, 11.424356)
Testing accuracy: 35.60

 25%|██▍       | 246/1000 [39:07<2:06:19, 10.05s/it]********************************************************************************
Round 246
this epoch cost time:0.6779592037200928
this epoch choose: [70, 61, 70, 54, 38, 75, 87, 60, 19, 78]
this epoch dispatch models: [2 2 6 2 1 0 4 5 0 4]
this epoch received models: [np.int64(2), np.int64(2), np.int64(6), np.int64(2), np.int64(1), np.int64(0), np.int64(4), np.int64(5), np.int64(0), np.int64(4)]
hetero_proportion: 	4:3:3
(0.4, 2, 2.120985)
Testing accuracy: 38.95
(0.4, 3, 2.646356)
Testing accuracy: 38.64
(0.4, 4, 4.64774)
Testing accuracy: 36.84
(0.66, 2, 5.159621)
Testing accuracy: 36.52
(0.66, 3, 5.528077)
Testing accuracy: 36.93
(0.66, 4, 6.945581)
Testing accuracy: 36.09
(1.0, 2, 11.424356)
Testing accuracy: 35.29

 25%|██▍       | 247/1000 [39:17<2:04:11,  9.90s/it]********************************************************************************
Round 247
this epoch cost time:0.597611665725708
this epoch choose: [75, 87, 35, 44, 77, 99, 63, 66, 65, 73]
this epoch dispatch models: [1 6 1 3 2 0 3 4 3 5]
this epoch received models: [np.int64(1), np.int64(6), np.int64(1), np.int64(3), np.int64(2), np.int64(0), np.int64(3), np.int64(4), np.int64(3), np.int64(5)]
hetero_proportion: 	4:3:3
(0.4, 2, 2.120985)
Testing accuracy: 38.75
(0.4, 3, 2.646356)
Testing accuracy: 37.68
(0.4, 4, 4.64774)
Testing accuracy: 36.90
(0.66, 2, 5.159621)
Testing accuracy: 36.37
(0.66, 3, 5.528077)
Testing accuracy: 36.51
(0.66, 4, 6.945581)
Testing accuracy: 36.22
(1.0, 2, 11.424356)
Testing accuracy: 35.14

 25%|██▍       | 248/1000 [39:26<1:59:59,  9.57s/it]********************************************************************************
Round 248
this epoch cost time:0.6145627498626709
this epoch choose: [3, 73, 88, 14, 42, 73, 67, 40, 12, 42]
this epoch dispatch models: [0 2 6 2 5 1 2 5 2 2]
this epoch received models: [np.int64(0), np.int64(2), np.int64(6), np.int64(2), np.int64(5), np.int64(1), np.int64(2), np.int64(5), np.int64(2), np.int64(2)]
hetero_proportion: 	4:3:3
(0.4, 2, 2.120985)
Testing accuracy: 39.32
(0.4, 3, 2.646356)
Testing accuracy: 38.66
(0.4, 4, 4.64774)
Testing accuracy: 37.77
(0.66, 2, 5.159621)
Testing accuracy: 36.97
(0.66, 3, 5.528077)
Testing accuracy: 37.32
(0.66, 4, 6.945581)
Testing accuracy: 37.11
(1.0, 2, 11.424356)
Testing accuracy: 36.10

 25%|██▍       | 249/1000 [39:36<2:03:35,  9.87s/it]********************************************************************************
Round 249
this epoch cost time:0.6907620429992676
this epoch choose: [43, 47, 96, 75, 4, 80, 63, 74, 9, 71]
this epoch dispatch models: [0 1 1 3 1 4 4 1 0 3]
this epoch received models: [np.int64(0), np.int64(1), np.int64(1), np.int64(3), np.int64(1), np.int64(4), np.int64(4), np.int64(1), np.int64(0), np.int64(3)]
hetero_proportion: 	4:3:3
(0.4, 2, 2.120985)
Testing accuracy: 39.53
(0.4, 3, 2.646356)
Testing accuracy: 39.12
(0.4, 4, 4.64774)
Testing accuracy: 37.49
(0.66, 2, 5.159621)
Testing accuracy: 36.97
(0.66, 3, 5.528077)
Testing accuracy: 37.29
(0.66, 4, 6.945581)
Testing accuracy: 36.87
(1.0, 2, 11.424356)
Testing accuracy: 35.55

 25%|██▌       | 250/1000 [39:46<2:04:17,  9.94s/it]********************************************************************************
Round 250
this epoch cost time:0.6291623115539551
this epoch choose: [97, 90, 45, 97, 74, 57, 61, 64, 99, 69]
this epoch dispatch models: [5 6 3 6 4 0 4 1 6 1]
this epoch received models: [np.int64(5), np.int64(6), np.int64(3), np.int64(6), np.int64(4), np.int64(0), np.int64(4), np.int64(1), np.int64(6), np.int64(1)]
hetero_proportion: 	4:3:3
(0.4, 2, 2.120985)
Testing accuracy: 39.86
(0.4, 3, 2.646356)
Testing accuracy: 39.04
(0.4, 4, 4.64774)
Testing accuracy: 37.39
(0.66, 2, 5.159621)
Testing accuracy: 37.11
(0.66, 3, 5.528077)
Testing accuracy: 37.42
(0.66, 4, 6.945581)
Testing accuracy: 36.88
(1.0, 2, 11.424356)
Testing accuracy: 35.91

 25%|██▌       | 251/1000 [39:57<2:06:12, 10.11s/it]********************************************************************************
Round 251
this epoch cost time:0.7339248657226562
this epoch choose: [40, 99, 20, 41, 81, 27, 18, 97, 74, 49]
this epoch dispatch models: [5 3 0 0 6 0 0 5 0 4]
this epoch received models: [np.int64(5), np.int64(3), np.int64(0), np.int64(0), np.int64(6), np.int64(0), np.int64(0), np.int64(5), np.int64(0), np.int64(4)]
hetero_proportion: 	4:3:3
(0.4, 2, 2.120985)
Testing accuracy: 39.11
(0.4, 3, 2.646356)
Testing accuracy: 38.40
(0.4, 4, 4.64774)
Testing accuracy: 37.07
(0.66, 2, 5.159621)
Testing accuracy: 36.76
(0.66, 3, 5.528077)
Testing accuracy: 36.98
(0.66, 4, 6.945581)
Testing accuracy: 36.64
(1.0, 2, 11.424356)
Testing accuracy: 35.49

 25%|██▌       | 252/1000 [40:07<2:05:26, 10.06s/it]********************************************************************************
Round 252
this epoch cost time:0.7305471897125244
this epoch choose: [77, 46, 51, 80, 95, 65, 53, 46, 61, 94]
this epoch dispatch models: [4 4 2 6 4 1 2 2 5 4]
this epoch received models: [np.int64(4), np.int64(4), np.int64(2), np.int64(6), np.int64(4), np.int64(1), np.int64(2), np.int64(2), np.int64(5), np.int64(4)]
hetero_proportion: 	4:3:3
(0.4, 2, 2.120985)
Testing accuracy: 39.22
(0.4, 3, 2.646356)
Testing accuracy: 38.42
(0.4, 4, 4.64774)
Testing accuracy: 37.12
(0.66, 2, 5.159621)
Testing accuracy: 36.73
(0.66, 3, 5.528077)
Testing accuracy: 36.97
(0.66, 4, 6.945581)
Testing accuracy: 36.44
(1.0, 2, 11.424356)
Testing accuracy: 35.35

 25%|██▌       | 253/1000 [40:16<2:04:14,  9.98s/it]********************************************************************************
Round 253
this epoch cost time:0.6221814155578613
this epoch choose: [33, 78, 47, 42, 85, 8, 98, 90, 31, 92]
this epoch dispatch models: [1 5 2 3 3 0 2 6 0 5]
this epoch received models: [np.int64(1), np.int64(5), np.int64(2), np.int64(3), np.int64(3), np.int64(0), np.int64(2), np.int64(6), np.int64(0), np.int64(5)]
hetero_proportion: 	4:3:3
(0.4, 2, 2.120985)
Testing accuracy: 39.15
(0.4, 3, 2.646356)
Testing accuracy: 38.35
(0.4, 4, 4.64774)
Testing accuracy: 36.97
(0.66, 2, 5.159621)
Testing accuracy: 36.82
(0.66, 3, 5.528077)
Testing accuracy: 36.98
(0.66, 4, 6.945581)
Testing accuracy: 36.65
(1.0, 2, 11.424356)
Testing accuracy: 35.39

 25%|██▌       | 254/1000 [40:25<2:00:24,  9.68s/it]********************************************************************************
Round 254
this epoch cost time:0.5439403057098389
this epoch choose: [33, 94, 50, 87, 58, 88, 79, 45, 9, 90]
this epoch dispatch models: [1 6 2 6 5 6 0 3 1 1]
this epoch received models: [np.int64(1), np.int64(6), np.int64(2), np.int64(6), np.int64(5), np.int64(6), np.int64(0), np.int64(3), np.int64(1), np.int64(1)]
hetero_proportion: 	4:3:3
(0.4, 2, 2.120985)
Testing accuracy: 39.12
(0.4, 3, 2.646356)
Testing accuracy: 38.28
(0.4, 4, 4.64774)
Testing accuracy: 37.34
(0.66, 2, 5.159621)
Testing accuracy: 36.47
(0.66, 3, 5.528077)
Testing accuracy: 37.13
(0.66, 4, 6.945581)
Testing accuracy: 36.73
(1.0, 2, 11.424356)
Testing accuracy: 35.67

 26%|██▌       | 255/1000 [40:34<1:56:03,  9.35s/it]********************************************************************************
Round 255
this epoch cost time:0.6329150199890137
this epoch choose: [21, 97, 99, 34, 52, 45, 16, 58, 75, 86]
this epoch dispatch models: [1 5 3 1 2 4 1 4 4 4]
this epoch received models: [np.int64(1), np.int64(5), np.int64(3), np.int64(1), np.int64(2), np.int64(4), np.int64(1), np.int64(4), np.int64(4), np.int64(4)]
hetero_proportion: 	4:3:3
(0.4, 2, 2.120985)
Testing accuracy: 39.08
(0.4, 3, 2.646356)
Testing accuracy: 38.13
(0.4, 4, 4.64774)
Testing accuracy: 36.98
(0.66, 2, 5.159621)
Testing accuracy: 36.42
(0.66, 3, 5.528077)
Testing accuracy: 36.75
(0.66, 4, 6.945581)
Testing accuracy: 36.72
(1.0, 2, 11.424356)
Testing accuracy: 35.40

 26%|██▌       | 256/1000 [40:43<1:55:01,  9.28s/it]********************************************************************************
Round 256
this epoch cost time:0.7133746147155762
this epoch choose: [81, 33, 77, 53, 12, 78, 86, 70, 43, 87]
this epoch dispatch models: [5 2 6 5 1 6 3 5 3 3]
this epoch received models: [np.int64(5), np.int64(2), np.int64(6), np.int64(5), np.int64(1), np.int64(6), np.int64(3), np.int64(5), np.int64(3), np.int64(3)]
hetero_proportion: 	4:3:3
(0.4, 2, 2.120985)
Testing accuracy: 38.89
(0.4, 3, 2.646356)
Testing accuracy: 38.66
(0.4, 4, 4.64774)
Testing accuracy: 37.12
(0.66, 2, 5.159621)
Testing accuracy: 36.38
(0.66, 3, 5.528077)
Testing accuracy: 37.09
(0.66, 4, 6.945581)
Testing accuracy: 36.79
(1.0, 2, 11.424356)
Testing accuracy: 35.54

 26%|██▌       | 257/1000 [40:52<1:54:51,  9.28s/it]********************************************************************************
Round 257
this epoch cost time:0.6297290325164795
this epoch choose: [86, 79, 95, 97, 91, 26, 92, 69, 9, 70]
this epoch dispatch models: [6 6 6 6 5 2 3 1 1 0]
this epoch received models: [np.int64(6), np.int64(6), np.int64(6), np.int64(6), np.int64(5), np.int64(2), np.int64(3), np.int64(1), np.int64(1), np.int64(0)]
hetero_proportion: 	4:3:3
(0.4, 2, 2.120985)
Testing accuracy: 38.89
(0.4, 3, 2.646356)
Testing accuracy: 38.20
(0.4, 4, 4.64774)
Testing accuracy: 37.23
(0.66, 2, 5.159621)
Testing accuracy: 36.53
(0.66, 3, 5.528077)
Testing accuracy: 36.94
(0.66, 4, 6.945581)
Testing accuracy: 36.73
(1.0, 2, 11.424356)
Testing accuracy: 35.45

 26%|██▌       | 258/1000 [41:02<1:56:00,  9.38s/it]********************************************************************************
Round 258
this epoch cost time:0.7340035438537598
this epoch choose: [60, 80, 99, 58, 95, 66, 74, 4, 68, 92]
this epoch dispatch models: [5 6 4 4 3 1 6 1 4 5]
this epoch received models: [np.int64(5), np.int64(6), np.int64(4), np.int64(4), np.int64(3), np.int64(1), np.int64(6), np.int64(1), np.int64(4), np.int64(5)]
hetero_proportion: 	4:3:3
(0.4, 2, 2.120985)
Testing accuracy: 39.20
(0.4, 3, 2.646356)
Testing accuracy: 38.82
(0.4, 4, 4.64774)
Testing accuracy: 37.25
(0.66, 2, 5.159621)
Testing accuracy: 36.91
(0.66, 3, 5.528077)
Testing accuracy: 37.13
(0.66, 4, 6.945581)
Testing accuracy: 37.31
(1.0, 2, 11.424356)
Testing accuracy: 36.00

 26%|██▌       | 259/1000 [41:12<1:56:46,  9.46s/it]********************************************************************************
Round 259
this epoch cost time:0.728065013885498
this epoch choose: [46, 91, 95, 4, 3, 80, 53, 93, 50, 98]
this epoch dispatch models: [1 5 1 1 2 6 2 6 5 6]
this epoch received models: [np.int64(1), np.int64(5), np.int64(1), np.int64(1), np.int64(2), np.int64(6), np.int64(2), np.int64(6), np.int64(5), np.int64(6)]
hetero_proportion: 	4:3:3
(0.4, 2, 2.120985)
Testing accuracy: 38.16
(0.4, 3, 2.646356)
Testing accuracy: 38.46
(0.4, 4, 4.64774)
Testing accuracy: 37.26
(0.66, 2, 5.159621)
Testing accuracy: 36.72
(0.66, 3, 5.528077)
Testing accuracy: 36.89
(0.66, 4, 6.945581)
Testing accuracy: 37.22
(1.0, 2, 11.424356)
Testing accuracy: 35.86

 26%|██▌       | 260/1000 [41:21<1:57:32,  9.53s/it]********************************************************************************
Round 260
this epoch cost time:0.6204636096954346
this epoch choose: [75, 5, 90, 75, 84, 84, 80, 67, 54, 51]
this epoch dispatch models: [3 0 2 2 3 1 0 0 2 4]
this epoch received models: [np.int64(3), np.int64(0), np.int64(2), np.int64(2), np.int64(3), np.int64(1), np.int64(0), np.int64(0), np.int64(2), np.int64(4)]
hetero_proportion: 	4:3:3
(0.4, 2, 2.120985)
Testing accuracy: 38.29
(0.4, 3, 2.646356)
Testing accuracy: 38.10
(0.4, 4, 4.64774)
Testing accuracy: 37.25
(0.66, 2, 5.159621)
Testing accuracy: 36.63
(0.66, 3, 5.528077)
Testing accuracy: 36.57
(0.66, 4, 6.945581)
Testing accuracy: 36.71
(1.0, 2, 11.424356)
Testing accuracy: 35.61

 26%|██▌       | 261/1000 [41:31<1:58:08,  9.59s/it]********************************************************************************
Round 261
this epoch cost time:0.619715690612793
this epoch choose: [97, 25, 29, 73, 77, 74, 77, 72, 47, 93]
this epoch dispatch models: [3 0 2 6 4 6 4 4 5 6]
this epoch received models: [np.int64(3), np.int64(0), np.int64(2), np.int64(6), np.int64(4), np.int64(6), np.int64(4), np.int64(4), np.int64(5), np.int64(6)]
hetero_proportion: 	4:3:3
(0.4, 2, 2.120985)
Testing accuracy: 39.03
(0.4, 3, 2.646356)
Testing accuracy: 38.52
(0.4, 4, 4.64774)
Testing accuracy: 37.09
(0.66, 2, 5.159621)
Testing accuracy: 36.94
(0.66, 3, 5.528077)
Testing accuracy: 37.11
(0.66, 4, 6.945581)
Testing accuracy: 36.88
(1.0, 2, 11.424356)
Testing accuracy: 35.70

 26%|██▌       | 262/1000 [41:40<1:53:53,  9.26s/it]********************************************************************************
Round 262
this epoch cost time:0.5567970275878906
this epoch choose: [34, 84, 52, 90, 43, 63, 58, 42, 99, 78]
this epoch dispatch models: [0 6 5 3 5 3 0 2 6 0]
this epoch received models: [np.int64(0), np.int64(6), np.int64(5), np.int64(3), np.int64(5), np.int64(3), np.int64(0), np.int64(2), np.int64(6), np.int64(0)]
hetero_proportion: 	4:3:3
(0.4, 2, 2.120985)
Testing accuracy: 38.78
(0.4, 3, 2.646356)
Testing accuracy: 38.61
(0.4, 4, 4.64774)
Testing accuracy: 37.38
(0.66, 2, 5.159621)
Testing accuracy: 36.89
(0.66, 3, 5.528077)
Testing accuracy: 36.60
(0.66, 4, 6.945581)
Testing accuracy: 36.95
(1.0, 2, 11.424356)
Testing accuracy: 35.76

 26%|██▋       | 263/1000 [41:48<1:51:49,  9.10s/it]********************************************************************************
Round 263
this epoch cost time:0.5883209705352783
this epoch choose: [86, 62, 54, 99, 99, 81, 40, 1, 62, 42]
this epoch dispatch models: [4 5 3 4 6 0 4 2 0 3]
this epoch received models: [np.int64(4), np.int64(5), np.int64(3), np.int64(4), np.int64(6), np.int64(0), np.int64(4), np.int64(2), np.int64(0), np.int64(3)]
hetero_proportion: 	4:3:3
(0.4, 2, 2.120985)
Testing accuracy: 39.07
(0.4, 3, 2.646356)
Testing accuracy: 38.42
(0.4, 4, 4.64774)
Testing accuracy: 37.40
(0.66, 2, 5.159621)
Testing accuracy: 36.99
(0.66, 3, 5.528077)
Testing accuracy: 36.88
(0.66, 4, 6.945581)
Testing accuracy: 36.65
(1.0, 2, 11.424356)
Testing accuracy: 35.56

 26%|██▋       | 264/1000 [41:57<1:51:21,  9.08s/it]********************************************************************************
Round 264
this epoch cost time:0.5770676136016846
this epoch choose: [50, 56, 70, 42, 40, 54, 97, 96, 45, 67]
this epoch dispatch models: [5 4 0 4 4 4 1 5 5 0]
this epoch received models: [np.int64(5), np.int64(4), np.int64(0), np.int64(4), np.int64(4), np.int64(4), np.int64(1), np.int64(5), np.int64(5), np.int64(0)]
hetero_proportion: 	4:3:3
(0.4, 2, 2.120985)
Testing accuracy: 38.79
(0.4, 3, 2.646356)
Testing accuracy: 38.66
(0.4, 4, 4.64774)
Testing accuracy: 37.40
(0.66, 2, 5.159621)
Testing accuracy: 36.71
(0.66, 3, 5.528077)
Testing accuracy: 37.00
(0.66, 4, 6.945581)
Testing accuracy: 36.62
(1.0, 2, 11.424356)
Testing accuracy: 35.58

 26%|██▋       | 265/1000 [42:08<1:55:16,  9.41s/it]********************************************************************************
Round 265
this epoch cost time:0.6154036521911621
this epoch choose: [22, 42, 73, 52, 26, 68, 36, 55, 62, 72]
this epoch dispatch models: [1 4 4 5 0 5 2 4 2 3]
this epoch received models: [np.int64(1), np.int64(4), np.int64(4), np.int64(5), np.int64(0), np.int64(5), np.int64(2), np.int64(4), np.int64(2), np.int64(3)]
hetero_proportion: 	4:3:3
(0.4, 2, 2.120985)
Testing accuracy: 39.67
(0.4, 3, 2.646356)
Testing accuracy: 39.09
(0.4, 4, 4.64774)
Testing accuracy: 37.55
(0.66, 2, 5.159621)
Testing accuracy: 37.25
(0.66, 3, 5.528077)
Testing accuracy: 37.48
(0.66, 4, 6.945581)
Testing accuracy: 37.11
(1.0, 2, 11.424356)
Testing accuracy: 36.23

 27%|██▋       | 266/1000 [42:17<1:54:30,  9.36s/it]********************************************************************************
Round 266
this epoch cost time:0.7931511402130127
this epoch choose: [81, 60, 50, 81, 44, 52, 76, 51, 24, 83]
this epoch dispatch models: [6 4 1 4 5 3 0 4 0 4]
this epoch received models: [np.int64(6), np.int64(4), np.int64(1), np.int64(4), np.int64(5), np.int64(3), np.int64(0), np.int64(4), np.int64(0), np.int64(4)]
hetero_proportion: 	4:3:3
(0.4, 2, 2.120985)
Testing accuracy: 39.72
(0.4, 3, 2.646356)
Testing accuracy: 39.08
(0.4, 4, 4.64774)
Testing accuracy: 37.54
(0.66, 2, 5.159621)
Testing accuracy: 37.26
(0.66, 3, 5.528077)
Testing accuracy: 37.36
(0.66, 4, 6.945581)
Testing accuracy: 37.33
(1.0, 2, 11.424356)
Testing accuracy: 36.11

 27%|██▋       | 267/1000 [42:28<1:59:28,  9.78s/it]********************************************************************************
Round 267
this epoch cost time:0.7294049263000488
this epoch choose: [79, 59, 74, 54, 79, 60, 81, 2, 85, 41]
this epoch dispatch models: [4 4 0 2 5 1 6 2 6 5]
this epoch received models: [np.int64(4), np.int64(4), np.int64(0), np.int64(2), np.int64(5), np.int64(1), np.int64(6), np.int64(2), np.int64(6), np.int64(5)]
hetero_proportion: 	4:3:3
(0.4, 2, 2.120985)
Testing accuracy: 39.67
(0.4, 3, 2.646356)
Testing accuracy: 39.08
(0.4, 4, 4.64774)
Testing accuracy: 38.03
(0.66, 2, 5.159621)
Testing accuracy: 36.98
(0.66, 3, 5.528077)
Testing accuracy: 37.55
(0.66, 4, 6.945581)
Testing accuracy: 37.47
(1.0, 2, 11.424356)
Testing accuracy: 36.22

 27%|██▋       | 268/1000 [42:39<2:04:17, 10.19s/it]********************************************************************************
Round 268
this epoch cost time:0.63775634765625
this epoch choose: [13, 91, 80, 76, 82, 79, 55, 92, 85, 77]
this epoch dispatch models: [2 6 1 5 4 1 2 5 5 4]
this epoch received models: [np.int64(2), np.int64(6), np.int64(1), np.int64(5), np.int64(4), np.int64(1), np.int64(2), np.int64(5), np.int64(5), np.int64(4)]
hetero_proportion: 	4:3:3
(0.4, 2, 2.120985)
Testing accuracy: 39.59
(0.4, 3, 2.646356)
Testing accuracy: 38.86
(0.4, 4, 4.64774)
Testing accuracy: 37.69
(0.66, 2, 5.159621)
Testing accuracy: 36.80
(0.66, 3, 5.528077)
Testing accuracy: 37.11
(0.66, 4, 6.945581)
Testing accuracy: 37.27
(1.0, 2, 11.424356)
Testing accuracy: 35.93

 27%|██▋       | 269/1000 [42:48<2:02:27, 10.05s/it]********************************************************************************
Round 269
this epoch cost time:0.8436365127563477
this epoch choose: [61, 61, 9, 82, 83, 52, 84, 65, 63, 93]
this epoch dispatch models: [4 4 1 2 6 3 4 2 1 4]
this epoch received models: [np.int64(4), np.int64(4), np.int64(1), np.int64(2), np.int64(6), np.int64(3), np.int64(4), np.int64(2), np.int64(1), np.int64(4)]
hetero_proportion: 	4:3:3
(0.4, 2, 2.120985)
Testing accuracy: 39.14
(0.4, 3, 2.646356)
Testing accuracy: 38.53
(0.4, 4, 4.64774)
Testing accuracy: 37.58
(0.66, 2, 5.159621)
Testing accuracy: 36.33
(0.66, 3, 5.528077)
Testing accuracy: 36.87
(0.66, 4, 6.945581)
Testing accuracy: 36.85
(1.0, 2, 11.424356)
Testing accuracy: 35.37

 27%|██▋       | 270/1000 [42:57<1:57:11,  9.63s/it]********************************************************************************
Round 270
this epoch cost time:0.7866544723510742
this epoch choose: [77, 76, 82, 70, 72, 97, 61, 76, 83, 94]
this epoch dispatch models: [0 5 3 1 4 6 0 0 4 1]
this epoch received models: [np.int64(0), np.int64(5), np.int64(3), np.int64(1), np.int64(4), np.int64(6), np.int64(0), np.int64(0), np.int64(4), np.int64(1)]
hetero_proportion: 	4:3:3
(0.4, 2, 2.120985)
Testing accuracy: 38.71
(0.4, 3, 2.646356)
Testing accuracy: 38.35
(0.4, 4, 4.64774)
Testing accuracy: 36.97
(0.66, 2, 5.159621)
Testing accuracy: 35.91
(0.66, 3, 5.528077)
Testing accuracy: 36.51
(0.66, 4, 6.945581)
Testing accuracy: 36.50
(1.0, 2, 11.424356)
Testing accuracy: 35.06

 27%|██▋       | 271/1000 [43:06<1:54:29,  9.42s/it]********************************************************************************
Round 271
this epoch cost time:0.7903282642364502
this epoch choose: [88, 97, 94, 98, 84, 78, 85, 50, 34, 83]
this epoch dispatch models: [6 3 4 1 6 3 6 4 2 4]
this epoch received models: [np.int64(6), np.int64(3), np.int64(4), np.int64(1), np.int64(6), np.int64(3), np.int64(6), np.int64(4), np.int64(2), np.int64(4)]
hetero_proportion: 	4:3:3
(0.4, 2, 2.120985)
Testing accuracy: 38.86
(0.4, 3, 2.646356)
Testing accuracy: 38.33
(0.4, 4, 4.64774)
Testing accuracy: 36.76
(0.66, 2, 5.159621)
Testing accuracy: 36.01
(0.66, 3, 5.528077)
Testing accuracy: 36.61
(0.66, 4, 6.945581)
Testing accuracy: 36.40
(1.0, 2, 11.424356)
Testing accuracy: 34.94

 27%|██▋       | 272/1000 [43:17<2:00:43,  9.95s/it]********************************************************************************
Round 272
this epoch cost time:0.580120325088501
this epoch choose: [96, 67, 38, 88, 97, 50, 77, 74, 33, 32]
this epoch dispatch models: [6 2 2 6 1 0 0 4 0 2]
this epoch received models: [np.int64(6), np.int64(2), np.int64(2), np.int64(6), np.int64(1), np.int64(0), np.int64(0), np.int64(4), np.int64(0), np.int64(2)]
hetero_proportion: 	4:3:3
(0.4, 2, 2.120985)
Testing accuracy: 38.91
(0.4, 3, 2.646356)
Testing accuracy: 38.51
(0.4, 4, 4.64774)
Testing accuracy: 37.08
(0.66, 2, 5.159621)
Testing accuracy: 36.25
(0.66, 3, 5.528077)
Testing accuracy: 36.75
(0.66, 4, 6.945581)
Testing accuracy: 36.74
(1.0, 2, 11.424356)
Testing accuracy: 35.11

 27%|██▋       | 273/1000 [43:28<2:02:31, 10.11s/it]********************************************************************************
Round 273
this epoch cost time:0.5961310863494873
this epoch choose: [59, 40, 77, 96, 42, 90, 84, 58, 97, 45]
this epoch dispatch models: [3 5 2 1 5 5 6 2 3 0]
this epoch received models: [np.int64(3), np.int64(5), np.int64(2), np.int64(1), np.int64(5), np.int64(5), np.int64(6), np.int64(2), np.int64(3), np.int64(0)]
hetero_proportion: 	4:3:3
(0.4, 2, 2.120985)
Testing accuracy: 39.30
(0.4, 3, 2.646356)
Testing accuracy: 38.74
(0.4, 4, 4.64774)
Testing accuracy: 37.39
(0.66, 2, 5.159621)
Testing accuracy: 36.57
(0.66, 3, 5.528077)
Testing accuracy: 37.06
(0.66, 4, 6.945581)
Testing accuracy: 36.84
(1.0, 2, 11.424356)
Testing accuracy: 35.59

 27%|██▋       | 274/1000 [43:37<1:57:55,  9.75s/it]********************************************************************************
Round 274
this epoch cost time:0.7301268577575684
this epoch choose: [29, 72, 56, 26, 89, 70, 99, 80, 84, 80]
this epoch dispatch models: [0 3 2 2 0 3 5 6 5 5]
this epoch received models: [np.int64(0), np.int64(3), np.int64(2), np.int64(2), np.int64(0), np.int64(3), np.int64(5), np.int64(6), np.int64(5), np.int64(5)]
hetero_proportion: 	4:3:3
(0.4, 2, 2.120985)
Testing accuracy: 39.42
(0.4, 3, 2.646356)
Testing accuracy: 38.93
(0.4, 4, 4.64774)
Testing accuracy: 37.60
(0.66, 2, 5.159621)
Testing accuracy: 37.02
(0.66, 3, 5.528077)
Testing accuracy: 37.26
(0.66, 4, 6.945581)
Testing accuracy: 36.72
(1.0, 2, 11.424356)
Testing accuracy: 35.71

 28%|██▊       | 275/1000 [43:48<2:02:13, 10.12s/it]********************************************************************************
Round 275
this epoch cost time:0.5840237140655518
this epoch choose: [18, 82, 55, 43, 82, 14, 45, 97, 90, 98]
this epoch dispatch models: [0 6 0 3 0 1 1 6 3 4]
this epoch received models: [np.int64(0), np.int64(6), np.int64(0), np.int64(3), np.int64(0), np.int64(1), np.int64(1), np.int64(6), np.int64(3), np.int64(4)]
hetero_proportion: 	4:3:3
(0.4, 2, 2.120985)
Testing accuracy: 38.96
(0.4, 3, 2.646356)
Testing accuracy: 38.69
(0.4, 4, 4.64774)
Testing accuracy: 37.84
(0.66, 2, 5.159621)
Testing accuracy: 36.51
(0.66, 3, 5.528077)
Testing accuracy: 37.01
(0.66, 4, 6.945581)
Testing accuracy: 36.56
(1.0, 2, 11.424356)
Testing accuracy: 35.75

 28%|██▊       | 276/1000 [43:59<2:05:21, 10.39s/it]********************************************************************************
Round 276
this epoch cost time:0.7279386520385742
this epoch choose: [1, 56, 88, 69, 87, 6, 39, 82, 1, 80]
this epoch dispatch models: [0 3 5 1 5 2 0 6 0 6]
this epoch received models: [np.int64(0), np.int64(3), np.int64(5), np.int64(1), np.int64(5), np.int64(2), np.int64(0), np.int64(6), np.int64(0), np.int64(6)]
hetero_proportion: 	4:3:3
(0.4, 2, 2.120985)
Testing accuracy: 39.50
(0.4, 3, 2.646356)
Testing accuracy: 38.56
(0.4, 4, 4.64774)
Testing accuracy: 37.78
(0.66, 2, 5.159621)
Testing accuracy: 36.99
(0.66, 3, 5.528077)
Testing accuracy: 37.00
(0.66, 4, 6.945581)
Testing accuracy: 36.78
(1.0, 2, 11.424356)
Testing accuracy: 35.57

 28%|██▊       | 277/1000 [44:09<2:04:20, 10.32s/it]********************************************************************************
Round 277
this epoch cost time:0.5787537097930908
this epoch choose: [61, 59, 75, 96, 95, 6, 76, 91, 72, 42]
this epoch dispatch models: [4 5 1 5 6 2 6 0 6 1]
this epoch received models: [np.int64(4), np.int64(5), np.int64(1), np.int64(5), np.int64(6), np.int64(2), np.int64(6), np.int64(0), np.int64(6), np.int64(1)]
hetero_proportion: 	4:3:3
(0.4, 2, 2.120985)
Testing accuracy: 39.49
(0.4, 3, 2.646356)
Testing accuracy: 38.70
(0.4, 4, 4.64774)
Testing accuracy: 37.82
(0.66, 2, 5.159621)
Testing accuracy: 36.79
(0.66, 3, 5.528077)
Testing accuracy: 37.11
(0.66, 4, 6.945581)
Testing accuracy: 36.95
(1.0, 2, 11.424356)
Testing accuracy: 35.71

 28%|██▊       | 278/1000 [44:19<2:02:57, 10.22s/it]********************************************************************************
Round 278
this epoch cost time:0.5115163326263428
this epoch choose: [73, 82, 82, 8, 16, 99, 88, 37, 66, 78]
this epoch dispatch models: [6 5 2 0 2 1 0 1 5 4]
this epoch received models: [np.int64(6), np.int64(5), np.int64(2), np.int64(0), np.int64(2), np.int64(1), np.int64(0), np.int64(1), np.int64(5), np.int64(4)]
hetero_proportion: 	4:3:3
(0.4, 2, 2.120985)
Testing accuracy: 39.32
(0.4, 3, 2.646356)
Testing accuracy: 39.11
(0.4, 4, 4.64774)
Testing accuracy: 38.07
(0.66, 2, 5.159621)
Testing accuracy: 36.79
(0.66, 3, 5.528077)
Testing accuracy: 37.14
(0.66, 4, 6.945581)
Testing accuracy: 37.11
(1.0, 2, 11.424356)
Testing accuracy: 35.66

 28%|██▊       | 279/1000 [44:28<2:00:43, 10.05s/it]********************************************************************************
Round 279
this epoch cost time:0.6515142917633057
this epoch choose: [43, 29, 3, 81, 84, 88, 51, 88, 89, 88]
this epoch dispatch models: [2 1 1 3 3 2 4 3 5 4]
this epoch received models: [np.int64(2), np.int64(1), np.int64(1), np.int64(3), np.int64(3), np.int64(2), np.int64(4), np.int64(3), np.int64(5), np.int64(4)]
hetero_proportion: 	4:3:3
(0.4, 2, 2.120985)
Testing accuracy: 39.20
(0.4, 3, 2.646356)
Testing accuracy: 38.83
(0.4, 4, 4.64774)
Testing accuracy: 37.12
(0.66, 2, 5.159621)
Testing accuracy: 36.45
(0.66, 3, 5.528077)
Testing accuracy: 36.57
(0.66, 4, 6.945581)
Testing accuracy: 36.45
(1.0, 2, 11.424356)
Testing accuracy: 35.57

 28%|██▊       | 280/1000 [44:38<1:59:28,  9.96s/it]********************************************************************************
Round 280
this epoch cost time:0.7321970462799072
this epoch choose: [72, 87, 73, 81, 81, 59, 37, 82, 53, 99]
this epoch dispatch models: [3 4 1 4 6 5 1 6 1 3]
this epoch received models: [np.int64(3), np.int64(4), np.int64(1), np.int64(4), np.int64(6), np.int64(5), np.int64(1), np.int64(6), np.int64(1), np.int64(3)]
hetero_proportion: 	4:3:3
(0.4, 2, 2.120985)
Testing accuracy: 39.40
(0.4, 3, 2.646356)
Testing accuracy: 38.62
(0.4, 4, 4.64774)
Testing accuracy: 37.23
(0.66, 2, 5.159621)
Testing accuracy: 36.37
(0.66, 3, 5.528077)
Testing accuracy: 36.57
(0.66, 4, 6.945581)
Testing accuracy: 36.56
(1.0, 2, 11.424356)
Testing accuracy: 35.42

 28%|██▊       | 281/1000 [44:48<1:58:32,  9.89s/it]********************************************************************************
Round 281
this epoch cost time:0.6886289119720459
this epoch choose: [67, 69, 91, 9, 25, 66, 54, 78, 42, 79]
this epoch dispatch models: [0 4 5 2 1 4 4 4 3 5]
this epoch received models: [np.int64(0), np.int64(4), np.int64(5), np.int64(2), np.int64(1), np.int64(4), np.int64(4), np.int64(4), np.int64(3), np.int64(5)]
hetero_proportion: 	4:3:3
(0.4, 2, 2.120985)
Testing accuracy: 39.63
(0.4, 3, 2.646356)
Testing accuracy: 39.16
(0.4, 4, 4.64774)
Testing accuracy: 37.97
(0.66, 2, 5.159621)
Testing accuracy: 36.92
(0.66, 3, 5.528077)
Testing accuracy: 37.27
(0.66, 4, 6.945581)
Testing accuracy: 37.26
(1.0, 2, 11.424356)
Testing accuracy: 36.11

 28%|██▊       | 282/1000 [44:58<1:57:38,  9.83s/it]********************************************************************************
Round 282
this epoch cost time:0.658336877822876
this epoch choose: [30, 80, 54, 77, 91, 50, 64, 26, 79, 19]
this epoch dispatch models: [1 3 5 6 2 0 4 1 2 0]
this epoch received models: [np.int64(1), np.int64(3), np.int64(5), np.int64(6), np.int64(2), np.int64(0), np.int64(4), np.int64(1), np.int64(2), np.int64(0)]
hetero_proportion: 	4:3:3
(0.4, 2, 2.120985)
Testing accuracy: 40.00
(0.4, 3, 2.646356)
Testing accuracy: 39.62
(0.4, 4, 4.64774)
Testing accuracy: 37.71
(0.66, 2, 5.159621)
Testing accuracy: 37.10
(0.66, 3, 5.528077)
Testing accuracy: 37.34
(0.66, 4, 6.945581)
Testing accuracy: 37.48
(1.0, 2, 11.424356)
Testing accuracy: 36.27

 28%|██▊       | 283/1000 [45:07<1:55:48,  9.69s/it]********************************************************************************
Round 283
this epoch cost time:0.8145856857299805
this epoch choose: [86, 59, 95, 93, 46, 0, 92, 85, 83, 79]
this epoch dispatch models: [3 3 2 6 1 0 6 3 5 6]
this epoch received models: [np.int64(3), np.int64(3), np.int64(2), np.int64(6), np.int64(1), np.int64(0), np.int64(6), np.int64(3), np.int64(5), np.int64(6)]
hetero_proportion: 	4:3:3
(0.4, 2, 2.120985)
Testing accuracy: 39.49
(0.4, 3, 2.646356)
Testing accuracy: 39.70
(0.4, 4, 4.64774)
Testing accuracy: 37.91
(0.66, 2, 5.159621)
Testing accuracy: 36.81
(0.66, 3, 5.528077)
Testing accuracy: 36.86
(0.66, 4, 6.945581)
Testing accuracy: 37.22
(1.0, 2, 11.424356)
Testing accuracy: 35.78

 28%|██▊       | 284/1000 [45:16<1:54:38,  9.61s/it]********************************************************************************
Round 284
this epoch cost time:0.637059211730957
this epoch choose: [68, 71, 50, 86, 49, 41, 63, 67, 70, 61]
this epoch dispatch models: [3 5 4 2 4 3 3 4 1 3]
this epoch received models: [np.int64(3), np.int64(5), np.int64(4), np.int64(2), np.int64(4), np.int64(3), np.int64(3), np.int64(4), np.int64(1), np.int64(3)]
hetero_proportion: 	4:3:3
(0.4, 2, 2.120985)
Testing accuracy: 39.69
(0.4, 3, 2.646356)
Testing accuracy: 39.33
(0.4, 4, 4.64774)
Testing accuracy: 37.35
(0.66, 2, 5.159621)
Testing accuracy: 36.73
(0.66, 3, 5.528077)
Testing accuracy: 36.82
(0.66, 4, 6.945581)
Testing accuracy: 36.87
(1.0, 2, 11.424356)
Testing accuracy: 35.48

 28%|██▊       | 285/1000 [45:26<1:55:32,  9.70s/it]********************************************************************************
Round 285
this epoch cost time:0.618077278137207
this epoch choose: [65, 71, 40, 77, 14, 74, 90, 58, 91, 87]
this epoch dispatch models: [1 4 1 0 1 2 6 3 5 6]
this epoch received models: [np.int64(1), np.int64(4), np.int64(1), np.int64(0), np.int64(1), np.int64(2), np.int64(6), np.int64(3), np.int64(5), np.int64(6)]
hetero_proportion: 	4:3:3
(0.4, 2, 2.120985)
Testing accuracy: 39.59
(0.4, 3, 2.646356)
Testing accuracy: 39.14
(0.4, 4, 4.64774)
Testing accuracy: 37.05
(0.66, 2, 5.159621)
Testing accuracy: 36.76
(0.66, 3, 5.528077)
Testing accuracy: 36.63
(0.66, 4, 6.945581)
Testing accuracy: 36.85
(1.0, 2, 11.424356)
Testing accuracy: 35.07

 29%|██▊       | 286/1000 [45:35<1:53:09,  9.51s/it]********************************************************************************
Round 286
this epoch cost time:0.7004528045654297
this epoch choose: [84, 57, 67, 40, 93, 79, 88, 45, 80, 62]
this epoch dispatch models: [0 3 4 3 5 6 3 4 5 1]
this epoch received models: [np.int64(0), np.int64(3), np.int64(4), np.int64(3), np.int64(5), np.int64(6), np.int64(3), np.int64(4), np.int64(5), np.int64(1)]
hetero_proportion: 	4:3:3
(0.4, 2, 2.120985)
Testing accuracy: 39.77
(0.4, 3, 2.646356)
Testing accuracy: 38.74
(0.4, 4, 4.64774)
Testing accuracy: 37.15
(0.66, 2, 5.159621)
Testing accuracy: 36.75
(0.66, 3, 5.528077)
Testing accuracy: 36.92
(0.66, 4, 6.945581)
Testing accuracy: 36.64
(1.0, 2, 11.424356)
Testing accuracy: 35.12

 29%|██▊       | 287/1000 [45:45<1:52:36,  9.48s/it]********************************************************************************
Round 287
this epoch cost time:0.7402615547180176
this epoch choose: [47, 72, 77, 77, 95, 82, 95, 33, 67, 81]
this epoch dispatch models: [4 5 6 2 1 1 2 0 5 6]
this epoch received models: [np.int64(4), np.int64(5), np.int64(6), np.int64(2), np.int64(1), np.int64(1), np.int64(2), np.int64(0), np.int64(5), np.int64(6)]
hetero_proportion: 	4:3:3
(0.4, 2, 2.120985)
Testing accuracy: 39.38
(0.4, 3, 2.646356)
Testing accuracy: 38.76
(0.4, 4, 4.64774)
Testing accuracy: 37.08
(0.66, 2, 5.159621)
Testing accuracy: 36.35
(0.66, 3, 5.528077)
Testing accuracy: 36.73
(0.66, 4, 6.945581)
Testing accuracy: 36.33
(1.0, 2, 11.424356)
Testing accuracy: 34.90

 29%|██▉       | 288/1000 [45:53<1:49:55,  9.26s/it]********************************************************************************
Round 288
this epoch cost time:0.6149060726165771
this epoch choose: [29, 6, 13, 78, 72, 65, 65, 50, 74, 58]
this epoch dispatch models: [0 2 1 4 5 0 1 3 6 4]
this epoch received models: [np.int64(0), np.int64(2), np.int64(1), np.int64(4), np.int64(5), np.int64(0), np.int64(1), np.int64(3), np.int64(6), np.int64(4)]
hetero_proportion: 	4:3:3
(0.4, 2, 2.120985)
Testing accuracy: 38.92
(0.4, 3, 2.646356)
Testing accuracy: 38.24
(0.4, 4, 4.64774)
Testing accuracy: 36.83
(0.66, 2, 5.159621)
Testing accuracy: 36.40
(0.66, 3, 5.528077)
Testing accuracy: 36.60
(0.66, 4, 6.945581)
Testing accuracy: 36.60
(1.0, 2, 11.424356)
Testing accuracy: 35.20

 29%|██▉       | 289/1000 [46:02<1:48:33,  9.16s/it]********************************************************************************
Round 289
this epoch cost time:0.8488187789916992
this epoch choose: [99, 43, 96, 8, 76, 0, 83, 7, 83, 93]
this epoch dispatch models: [4 3 4 0 6 2 4 1 6 6]
this epoch received models: [np.int64(4), np.int64(3), np.int64(4), np.int64(0), np.int64(6), np.int64(2), np.int64(4), np.int64(1), np.int64(6), np.int64(6)]
hetero_proportion: 	4:3:3
(0.4, 2, 2.120985)
Testing accuracy: 38.62
(0.4, 3, 2.646356)
Testing accuracy: 38.69
(0.4, 4, 4.64774)
Testing accuracy: 37.33
(0.66, 2, 5.159621)
Testing accuracy: 36.75
(0.66, 3, 5.528077)
Testing accuracy: 36.75
(0.66, 4, 6.945581)
Testing accuracy: 36.89
(1.0, 2, 11.424356)
Testing accuracy: 35.73

 29%|██▉       | 290/1000 [46:12<1:50:56,  9.37s/it]********************************************************************************
Round 290
this epoch cost time:0.6717698574066162
this epoch choose: [91, 2, 8, 43, 70, 4, 74, 61, 61, 2]
this epoch dispatch models: [0 0 0 3 6 1 3 3 4 1]
this epoch received models: [np.int64(0), np.int64(0), np.int64(0), np.int64(3), np.int64(6), np.int64(1), np.int64(3), np.int64(3), np.int64(4), np.int64(1)]
hetero_proportion: 	4:3:3
(0.4, 2, 2.120985)
Testing accuracy: 38.44
(0.4, 3, 2.646356)
Testing accuracy: 38.07
(0.4, 4, 4.64774)
Testing accuracy: 36.69
(0.66, 2, 5.159621)
Testing accuracy: 36.50
(0.66, 3, 5.528077)
Testing accuracy: 36.71
(0.66, 4, 6.945581)
Testing accuracy: 36.29
(1.0, 2, 11.424356)
Testing accuracy: 35.08

 29%|██▉       | 291/1000 [46:21<1:49:33,  9.27s/it]********************************************************************************
Round 291
this epoch cost time:0.6421036720275879
this epoch choose: [79, 1, 75, 53, 60, 25, 78, 37, 74, 70]
this epoch dispatch models: [3 1 3 4 1 1 6 0 1 1]
this epoch received models: [np.int64(3), np.int64(1), np.int64(3), np.int64(4), np.int64(1), np.int64(1), np.int64(6), np.int64(0), np.int64(1), np.int64(1)]
hetero_proportion: 	4:3:3
(0.4, 2, 2.120985)
Testing accuracy: 38.93
(0.4, 3, 2.646356)
Testing accuracy: 38.64
(0.4, 4, 4.64774)
Testing accuracy: 36.98
(0.66, 2, 5.159621)
Testing accuracy: 36.80
(0.66, 3, 5.528077)
Testing accuracy: 37.02
(0.66, 4, 6.945581)
Testing accuracy: 36.50
(1.0, 2, 11.424356)
Testing accuracy: 35.64

 29%|██▉       | 292/1000 [46:31<1:51:29,  9.45s/it]********************************************************************************
Round 292
this epoch cost time:0.5440382957458496
this epoch choose: [66, 56, 96, 29, 23, 26, 65, 7, 30, 87]
this epoch dispatch models: [0 3 5 2 0 2 4 2 0 6]
this epoch received models: [np.int64(0), np.int64(3), np.int64(5), np.int64(2), np.int64(0), np.int64(2), np.int64(4), np.int64(2), np.int64(0), np.int64(6)]
hetero_proportion: 	4:3:3
(0.4, 2, 2.120985)
Testing accuracy: 39.23
(0.4, 3, 2.646356)
Testing accuracy: 39.22
(0.4, 4, 4.64774)
Testing accuracy: 37.49
(0.66, 2, 5.159621)
Testing accuracy: 37.18
(0.66, 3, 5.528077)
Testing accuracy: 37.17
(0.66, 4, 6.945581)
Testing accuracy: 36.79
(1.0, 2, 11.424356)
Testing accuracy: 35.66

 29%|██▉       | 293/1000 [46:40<1:49:32,  9.30s/it]********************************************************************************
Round 293
this epoch cost time:0.6495921611785889
this epoch choose: [89, 57, 42, 42, 60, 52, 47, 2, 72, 51]
this epoch dispatch models: [2 1 5 0 3 1 3 2 2 3]
this epoch received models: [np.int64(2), np.int64(1), np.int64(5), np.int64(0), np.int64(3), np.int64(1), np.int64(3), np.int64(2), np.int64(2), np.int64(3)]
hetero_proportion: 	4:3:3
(0.4, 2, 2.120985)
Testing accuracy: 39.24
(0.4, 3, 2.646356)
Testing accuracy: 38.82
(0.4, 4, 4.64774)
Testing accuracy: 36.96
(0.66, 2, 5.159621)
Testing accuracy: 36.96
(0.66, 3, 5.528077)
Testing accuracy: 36.95
(0.66, 4, 6.945581)
Testing accuracy: 36.85
(1.0, 2, 11.424356)
Testing accuracy: 35.48

 29%|██▉       | 294/1000 [46:49<1:47:10,  9.11s/it]********************************************************************************
Round 294
this epoch cost time:0.6642506122589111
this epoch choose: [72, 81, 11, 88, 51, 27, 54, 22, 59, 97]
this epoch dispatch models: [5 2 2 3 3 0 4 1 4 5]
this epoch received models: [np.int64(5), np.int64(2), np.int64(2), np.int64(3), np.int64(3), np.int64(0), np.int64(4), np.int64(1), np.int64(4), np.int64(5)]
hetero_proportion: 	4:3:3
(0.4, 2, 2.120985)
Testing accuracy: 39.71
(0.4, 3, 2.646356)
Testing accuracy: 39.36
(0.4, 4, 4.64774)
Testing accuracy: 37.47
(0.66, 2, 5.159621)
Testing accuracy: 37.39
(0.66, 3, 5.528077)
Testing accuracy: 37.38
(0.66, 4, 6.945581)
Testing accuracy: 36.89
(1.0, 2, 11.424356)
Testing accuracy: 35.84

 30%|██▉       | 295/1000 [46:58<1:47:45,  9.17s/it]********************************************************************************
Round 295
this epoch cost time:0.6325621604919434
this epoch choose: [91, 12, 43, 40, 92, 49, 8, 93, 56, 19]
this epoch dispatch models: [5 1 3 1 1 4 1 5 1 0]
this epoch received models: [np.int64(5), np.int64(1), np.int64(3), np.int64(1), np.int64(1), np.int64(4), np.int64(1), np.int64(5), np.int64(1), np.int64(0)]
hetero_proportion: 	4:3:3
(0.4, 2, 2.120985)
Testing accuracy: 39.08
(0.4, 3, 2.646356)
Testing accuracy: 38.81
(0.4, 4, 4.64774)
Testing accuracy: 37.70
(0.66, 2, 5.159621)
Testing accuracy: 36.93
(0.66, 3, 5.528077)
Testing accuracy: 36.80
(0.66, 4, 6.945581)
Testing accuracy: 36.98
(1.0, 2, 11.424356)
Testing accuracy: 35.95

 30%|██▉       | 296/1000 [47:07<1:47:37,  9.17s/it]********************************************************************************
Round 296
this epoch cost time:0.6179721355438232
this epoch choose: [54, 71, 95, 58, 62, 7, 75, 11, 84, 52]
this epoch dispatch models: [3 6 0 3 4 0 2 0 6 5]
this epoch received models: [np.int64(3), np.int64(6), np.int64(0), np.int64(3), np.int64(4), np.int64(0), np.int64(2), np.int64(0), np.int64(6), np.int64(5)]
hetero_proportion: 	4:3:3
(0.4, 2, 2.120985)
Testing accuracy: 39.77
(0.4, 3, 2.646356)
Testing accuracy: 39.13
(0.4, 4, 4.64774)
Testing accuracy: 37.95
(0.66, 2, 5.159621)
Testing accuracy: 37.80
(0.66, 3, 5.528077)
Testing accuracy: 37.05
(0.66, 4, 6.945581)
Testing accuracy: 37.20
(1.0, 2, 11.424356)
Testing accuracy: 35.93

 30%|██▉       | 297/1000 [47:17<1:48:58,  9.30s/it]********************************************************************************
Round 297
this epoch cost time:0.589240550994873
this epoch choose: [90, 77, 85, 51, 73, 43, 25, 43, 95, 86]
this epoch dispatch models: [4 6 0 3 6 4 2 3 1 3]
this epoch received models: [np.int64(4), np.int64(6), np.int64(0), np.int64(3), np.int64(6), np.int64(4), np.int64(2), np.int64(3), np.int64(1), np.int64(3)]
hetero_proportion: 	4:3:3
(0.4, 2, 2.120985)
Testing accuracy: 40.06
(0.4, 3, 2.646356)
Testing accuracy: 39.36
(0.4, 4, 4.64774)
Testing accuracy: 37.95
(0.66, 2, 5.159621)
Testing accuracy: 37.22
(0.66, 3, 5.528077)
Testing accuracy: 37.08
(0.66, 4, 6.945581)
Testing accuracy: 36.99
(1.0, 2, 11.424356)
Testing accuracy: 36.11

 30%|██▉       | 298/1000 [47:27<1:50:14,  9.42s/it]********************************************************************************
Round 298
this epoch cost time:0.6095728874206543
this epoch choose: [73, 45, 90, 91, 87, 54, 36, 91, 32, 67]
this epoch dispatch models: [6 5 5 3 5 4 2 2 1 0]
this epoch received models: [np.int64(6), np.int64(5), np.int64(5), np.int64(3), np.int64(5), np.int64(4), np.int64(2), np.int64(2), np.int64(1), np.int64(0)]
hetero_proportion: 	4:3:3
(0.4, 2, 2.120985)
Testing accuracy: 39.95
(0.4, 3, 2.646356)
Testing accuracy: 39.74
(0.4, 4, 4.64774)
Testing accuracy: 38.47
(0.66, 2, 5.159621)
Testing accuracy: 37.79
(0.66, 3, 5.528077)
Testing accuracy: 37.60
(0.66, 4, 6.945581)
Testing accuracy: 37.41
(1.0, 2, 11.424356)
Testing accuracy: 36.34

 30%|██▉       | 299/1000 [47:36<1:49:57,  9.41s/it]********************************************************************************
Round 299
this epoch cost time:0.73787522315979
this epoch choose: [67, 95, 31, 92, 4, 92, 56, 97, 24, 80]
this epoch dispatch models: [5 5 2 0 0 2 3 2 1 6]
this epoch received models: [np.int64(5), np.int64(5), np.int64(2), np.int64(0), np.int64(0), np.int64(2), np.int64(3), np.int64(2), np.int64(1), np.int64(6)]
hetero_proportion: 	4:3:3
(0.4, 2, 2.120985)
Testing accuracy: 39.90
(0.4, 3, 2.646356)
Testing accuracy: 39.62
(0.4, 4, 4.64774)
Testing accuracy: 38.45
(0.66, 2, 5.159621)
Testing accuracy: 38.03
(0.66, 3, 5.528077)
Testing accuracy: 37.27
(0.66, 4, 6.945581)
Testing accuracy: 37.39
(1.0, 2, 11.424356)
Testing accuracy: 36.30

 30%|███       | 300/1000 [47:45<1:49:34,  9.39s/it]********************************************************************************
Round 300
this epoch cost time:0.48850250244140625
this epoch choose: [62, 62, 58, 94, 84, 95, 89, 64, 86, 64]
this epoch dispatch models: [5 3 0 6 1 5 6 4 0 3]
this epoch received models: [np.int64(5), np.int64(3), np.int64(0), np.int64(6), np.int64(1), np.int64(5), np.int64(6), np.int64(4), np.int64(0), np.int64(3)]
hetero_proportion: 	4:3:3
(0.4, 2, 2.120985)
Testing accuracy: 39.73
(0.4, 3, 2.646356)
Testing accuracy: 39.04
(0.4, 4, 4.64774)
Testing accuracy: 38.48
(0.66, 2, 5.159621)
Testing accuracy: 37.35
(0.66, 3, 5.528077)
Testing accuracy: 37.21
(0.66, 4, 6.945581)
Testing accuracy: 37.37
(1.0, 2, 11.424356)
Testing accuracy: 36.36

 30%|███       | 301/1000 [47:54<1:47:31,  9.23s/it]********************************************************************************
Round 301
this epoch cost time:0.5795938968658447
this epoch choose: [11, 67, 99, 55, 93, 62, 96, 61, 22, 77]
this epoch dispatch models: [0 5 4 4 4 2 4 3 0 0]
this epoch received models: [np.int64(0), np.int64(5), np.int64(4), np.int64(4), np.int64(4), np.int64(2), np.int64(4), np.int64(3), np.int64(0), np.int64(0)]
hetero_proportion: 	4:3:3
(0.4, 2, 2.120985)
Testing accuracy: 39.54
(0.4, 3, 2.646356)
Testing accuracy: 39.02
(0.4, 4, 4.64774)
Testing accuracy: 38.14
(0.66, 2, 5.159621)
Testing accuracy: 37.14
(0.66, 3, 5.528077)
Testing accuracy: 37.02
(0.66, 4, 6.945581)
Testing accuracy: 36.94
(1.0, 2, 11.424356)
Testing accuracy: 36.07

 30%|███       | 302/1000 [48:03<1:44:39,  9.00s/it]********************************************************************************
Round 302
this epoch cost time:0.711435079574585
this epoch choose: [81, 14, 30, 72, 89, 55, 96, 57, 68, 38]
this epoch dispatch models: [5 1 2 6 4 0 4 4 0 2]
this epoch received models: [np.int64(5), np.int64(1), np.int64(2), np.int64(6), np.int64(4), np.int64(0), np.int64(4), np.int64(4), np.int64(0), np.int64(2)]
hetero_proportion: 	4:3:3
(0.4, 2, 2.120985)
Testing accuracy: 39.27
(0.4, 3, 2.646356)
Testing accuracy: 39.04
(0.4, 4, 4.64774)
Testing accuracy: 37.77
(0.66, 2, 5.159621)
Testing accuracy: 37.60
(0.66, 3, 5.528077)
Testing accuracy: 37.17
(0.66, 4, 6.945581)
Testing accuracy: 37.37
(1.0, 2, 11.424356)
Testing accuracy: 36.23

 30%|███       | 303/1000 [48:12<1:45:37,  9.09s/it]********************************************************************************
Round 303
this epoch cost time:0.8413169384002686
this epoch choose: [42, 88, 93, 47, 83, 69, 63, 45, 40, 50]
this epoch dispatch models: [0 5 4 1 6 5 5 0 1 2]
this epoch received models: [np.int64(0), np.int64(5), np.int64(4), np.int64(1), np.int64(6), np.int64(5), np.int64(5), np.int64(0), np.int64(1), np.int64(2)]
hetero_proportion: 	4:3:3
(0.4, 2, 2.120985)
Testing accuracy: 39.59
(0.4, 3, 2.646356)
Testing accuracy: 39.23
(0.4, 4, 4.64774)
Testing accuracy: 38.01
(0.66, 2, 5.159621)
Testing accuracy: 37.30
(0.66, 3, 5.528077)
Testing accuracy: 37.24
(0.66, 4, 6.945581)
Testing accuracy: 37.09
(1.0, 2, 11.424356)
Testing accuracy: 36.08

 30%|███       | 304/1000 [48:22<1:48:09,  9.32s/it]********************************************************************************
Round 304
this epoch cost time:0.6938133239746094
this epoch choose: [70, 72, 2, 47, 16, 38, 75, 79, 88, 74]
this epoch dispatch models: [4 3 0 1 1 2 6 6 6 6]
this epoch received models: [np.int64(4), np.int64(3), np.int64(0), np.int64(1), np.int64(1), np.int64(2), np.int64(6), np.int64(6), np.int64(6), np.int64(6)]
hetero_proportion: 	4:3:3
(0.4, 2, 2.120985)
Testing accuracy: 39.69
(0.4, 3, 2.646356)
Testing accuracy: 38.95
(0.4, 4, 4.64774)
Testing accuracy: 37.58
(0.66, 2, 5.159621)
Testing accuracy: 37.38
(0.66, 3, 5.528077)
Testing accuracy: 37.19
(0.66, 4, 6.945581)
Testing accuracy: 36.90
(1.0, 2, 11.424356)
Testing accuracy: 35.70

 30%|███       | 305/1000 [48:31<1:48:58,  9.41s/it]********************************************************************************
Round 305
this epoch cost time:0.6837799549102783
this epoch choose: [95, 75, 85, 93, 74, 21, 84, 90, 80, 19]
this epoch dispatch models: [3 4 5 0 6 1 6 6 4 1]
this epoch received models: [np.int64(3), np.int64(4), np.int64(5), np.int64(0), np.int64(6), np.int64(1), np.int64(6), np.int64(6), np.int64(4), np.int64(1)]
hetero_proportion: 	4:3:3
(0.4, 2, 2.120985)
Testing accuracy: 40.00
(0.4, 3, 2.646356)
Testing accuracy: 39.22
(0.4, 4, 4.64774)
Testing accuracy: 37.85
(0.66, 2, 5.159621)
Testing accuracy: 37.39
(0.66, 3, 5.528077)
Testing accuracy: 37.50
(0.66, 4, 6.945581)
Testing accuracy: 37.15
(1.0, 2, 11.424356)
Testing accuracy: 36.19

 31%|███       | 306/1000 [48:41<1:49:30,  9.47s/it]********************************************************************************
Round 306
this epoch cost time:0.659644603729248
this epoch choose: [48, 20, 10, 92, 79, 56, 30, 45, 82, 40]
this epoch dispatch models: [5 1 1 4 5 5 0 2 1 2]
this epoch received models: [np.int64(5), np.int64(1), np.int64(1), np.int64(4), np.int64(5), np.int64(5), np.int64(0), np.int64(2), np.int64(1), np.int64(2)]
hetero_proportion: 	4:3:3
(0.4, 2, 2.120985)
Testing accuracy: 40.09
(0.4, 3, 2.646356)
Testing accuracy: 39.75
(0.4, 4, 4.64774)
Testing accuracy: 38.36
(0.66, 2, 5.159621)
Testing accuracy: 37.56
(0.66, 3, 5.528077)
Testing accuracy: 37.56
(0.66, 4, 6.945581)
Testing accuracy: 37.24
(1.0, 2, 11.424356)
Testing accuracy: 36.20

 31%|███       | 307/1000 [48:51<1:50:17,  9.55s/it]********************************************************************************
Round 307
this epoch cost time:0.6569130420684814
this epoch choose: [50, 35, 94, 70, 39, 9, 54, 19, 87, 62]
this epoch dispatch models: [5 2 5 5 1 1 0 2 6 5]
this epoch received models: [np.int64(5), np.int64(2), np.int64(5), np.int64(5), np.int64(1), np.int64(1), np.int64(0), np.int64(2), np.int64(6), np.int64(5)]
hetero_proportion: 	4:3:3
(0.4, 2, 2.120985)
Testing accuracy: 40.02
(0.4, 3, 2.646356)
Testing accuracy: 39.71
(0.4, 4, 4.64774)
Testing accuracy: 38.45
(0.66, 2, 5.159621)
Testing accuracy: 37.93
(0.66, 3, 5.528077)
Testing accuracy: 37.94
(0.66, 4, 6.945581)
Testing accuracy: 37.67
(1.0, 2, 11.424356)
Testing accuracy: 36.69

 31%|███       | 308/1000 [48:59<1:47:29,  9.32s/it]********************************************************************************
Round 308
this epoch cost time:0.6188087463378906
this epoch choose: [57, 13, 94, 74, 87, 60, 8, 91, 51, 70]
this epoch dispatch models: [2 0 3 6 2 4 0 6 5 3]
this epoch received models: [np.int64(2), np.int64(0), np.int64(3), np.int64(6), np.int64(2), np.int64(4), np.int64(0), np.int64(6), np.int64(5), np.int64(3)]
hetero_proportion: 	4:3:3
(0.4, 2, 2.120985)
Testing accuracy: 40.08
(0.4, 3, 2.646356)
Testing accuracy: 39.47
(0.4, 4, 4.64774)
Testing accuracy: 38.24
(0.66, 2, 5.159621)
Testing accuracy: 37.21
(0.66, 3, 5.528077)
Testing accuracy: 37.48
(0.66, 4, 6.945581)
Testing accuracy: 37.32
(1.0, 2, 11.424356)
Testing accuracy: 36.21

 31%|███       | 309/1000 [49:09<1:47:28,  9.33s/it]********************************************************************************
Round 309
this epoch cost time:0.6309728622436523
this epoch choose: [68, 42, 5, 92, 52, 90, 45, 94, 63, 64]
this epoch dispatch models: [1 4 0 0 4 6 1 2 4 0]
this epoch received models: [np.int64(1), np.int64(4), np.int64(0), np.int64(0), np.int64(4), np.int64(6), np.int64(1), np.int64(2), np.int64(4), np.int64(0)]
hetero_proportion: 	4:3:3
(0.4, 2, 2.120985)
Testing accuracy: 39.66
(0.4, 3, 2.646356)
Testing accuracy: 39.41
(0.4, 4, 4.64774)
Testing accuracy: 38.12
(0.66, 2, 5.159621)
Testing accuracy: 36.86
(0.66, 3, 5.528077)
Testing accuracy: 37.37
(0.66, 4, 6.945581)
Testing accuracy: 37.31
(1.0, 2, 11.424356)
Testing accuracy: 35.90

 31%|███       | 310/1000 [49:19<1:48:43,  9.45s/it]********************************************************************************
Round 310
this epoch cost time:0.6335315704345703
this epoch choose: [99, 95, 62, 97, 94, 64, 80, 91, 82, 47]
this epoch dispatch models: [4 3 5 6 3 1 1 3 4 1]
this epoch received models: [np.int64(4), np.int64(3), np.int64(5), np.int64(6), np.int64(3), np.int64(1), np.int64(1), np.int64(3), np.int64(4), np.int64(1)]
hetero_proportion: 	4:3:3
(0.4, 2, 2.120985)
Testing accuracy: 40.08
(0.4, 3, 2.646356)
Testing accuracy: 39.49
(0.4, 4, 4.64774)
Testing accuracy: 38.17
(0.66, 2, 5.159621)
Testing accuracy: 36.84
(0.66, 3, 5.528077)
Testing accuracy: 37.33
(0.66, 4, 6.945581)
Testing accuracy: 37.06
(1.0, 2, 11.424356)
Testing accuracy: 35.85

 31%|███       | 311/1000 [49:28<1:47:12,  9.34s/it]********************************************************************************
Round 311
this epoch cost time:0.7219517230987549
this epoch choose: [43, 81, 47, 51, 48, 42, 34, 78, 85, 26]
this epoch dispatch models: [1 5 3 3 0 4 0 2 4 0]
this epoch received models: [np.int64(1), np.int64(5), np.int64(3), np.int64(3), np.int64(0), np.int64(4), np.int64(0), np.int64(2), np.int64(4), np.int64(0)]
hetero_proportion: 	4:3:3
(0.4, 2, 2.120985)
Testing accuracy: 39.72
(0.4, 3, 2.646356)
Testing accuracy: 39.01
(0.4, 4, 4.64774)
Testing accuracy: 38.05
(0.66, 2, 5.159621)
Testing accuracy: 36.79
(0.66, 3, 5.528077)
Testing accuracy: 36.88
(0.66, 4, 6.945581)
Testing accuracy: 36.83
(1.0, 2, 11.424356)
Testing accuracy: 35.74

 31%|███       | 312/1000 [49:37<1:47:19,  9.36s/it]********************************************************************************
Round 312
this epoch cost time:0.6205532550811768
this epoch choose: [7, 77, 93, 38, 41, 76, 82, 55, 63, 94]
this epoch dispatch models: [1 6 4 1 0 5 6 5 5 6]
this epoch received models: [np.int64(1), np.int64(6), np.int64(4), np.int64(1), np.int64(0), np.int64(5), np.int64(6), np.int64(5), np.int64(5), np.int64(6)]
hetero_proportion: 	4:3:3
(0.4, 2, 2.120985)
Testing accuracy: 39.61
(0.4, 3, 2.646356)
Testing accuracy: 39.41
(0.4, 4, 4.64774)
Testing accuracy: 37.68
(0.66, 2, 5.159621)
Testing accuracy: 36.91
(0.66, 3, 5.528077)
Testing accuracy: 36.90
(0.66, 4, 6.945581)
Testing accuracy: 36.88
(1.0, 2, 11.424356)
Testing accuracy: 35.80

 31%|███▏      | 313/1000 [49:46<1:47:06,  9.35s/it]********************************************************************************
Round 313
this epoch cost time:0.651392936706543
this epoch choose: [43, 29, 37, 84, 72, 40, 25, 73, 48, 54]
this epoch dispatch models: [3 1 1 3 0 5 0 6 5 4]
this epoch received models: [np.int64(3), np.int64(1), np.int64(1), np.int64(3), np.int64(0), np.int64(5), np.int64(0), np.int64(6), np.int64(5), np.int64(4)]
hetero_proportion: 	4:3:3
(0.4, 2, 2.120985)
Testing accuracy: 39.68
(0.4, 3, 2.646356)
Testing accuracy: 38.85
(0.4, 4, 4.64774)
Testing accuracy: 37.56
(0.66, 2, 5.159621)
Testing accuracy: 36.86
(0.66, 3, 5.528077)
Testing accuracy: 36.92
(0.66, 4, 6.945581)
Testing accuracy: 36.79
(1.0, 2, 11.424356)
Testing accuracy: 35.69

 31%|███▏      | 314/1000 [49:57<1:49:49,  9.61s/it]********************************************************************************
Round 314
this epoch cost time:0.6299715042114258
this epoch choose: [47, 64, 96, 57, 74, 50, 54, 9, 39, 76]
this epoch dispatch models: [1 0 4 3 6 4 4 1 0 5]
this epoch received models: [np.int64(1), np.int64(0), np.int64(4), np.int64(3), np.int64(6), np.int64(4), np.int64(4), np.int64(1), np.int64(0), np.int64(5)]
hetero_proportion: 	4:3:3
(0.4, 2, 2.120985)
Testing accuracy: 39.33
(0.4, 3, 2.646356)
Testing accuracy: 39.15
(0.4, 4, 4.64774)
Testing accuracy: 37.64
(0.66, 2, 5.159621)
Testing accuracy: 36.93
(0.66, 3, 5.528077)
Testing accuracy: 36.88
(0.66, 4, 6.945581)
Testing accuracy: 36.91
(1.0, 2, 11.424356)
Testing accuracy: 35.74

 32%|███▏      | 315/1000 [50:06<1:49:18,  9.57s/it]********************************************************************************
Round 315
this epoch cost time:0.6664237976074219
this epoch choose: [65, 72, 69, 78, 69, 90, 55, 56, 88, 86]
this epoch dispatch models: [1 4 2 3 2 5 1 0 6 6]
this epoch received models: [np.int64(1), np.int64(4), np.int64(2), np.int64(3), np.int64(2), np.int64(5), np.int64(1), np.int64(0), np.int64(6), np.int64(6)]
hetero_proportion: 	4:3:3
(0.4, 2, 2.120985)
Testing accuracy: 39.60
(0.4, 3, 2.646356)
Testing accuracy: 38.96
(0.4, 4, 4.64774)
Testing accuracy: 37.62
(0.66, 2, 5.159621)
Testing accuracy: 36.78
(0.66, 3, 5.528077)
Testing accuracy: 36.95
(0.66, 4, 6.945581)
Testing accuracy: 36.63
(1.0, 2, 11.424356)
Testing accuracy: 35.80

 32%|███▏      | 316/1000 [50:17<1:53:08,  9.93s/it]********************************************************************************
Round 316
this epoch cost time:0.6064653396606445
this epoch choose: [60, 51, 72, 45, 52, 67, 9, 35, 53, 29]
this epoch dispatch models: [2 3 3 1 3 5 0 2 3 0]
this epoch received models: [np.int64(2), np.int64(3), np.int64(3), np.int64(1), np.int64(3), np.int64(5), np.int64(0), np.int64(2), np.int64(3), np.int64(0)]
hetero_proportion: 	4:3:3
(0.4, 2, 2.120985)
Testing accuracy: 39.73
(0.4, 3, 2.646356)
Testing accuracy: 39.08
(0.4, 4, 4.64774)
Testing accuracy: 37.73
(0.66, 2, 5.159621)
Testing accuracy: 36.79
(0.66, 3, 5.528077)
Testing accuracy: 37.24
(0.66, 4, 6.945581)
Testing accuracy: 36.58
(1.0, 2, 11.424356)
Testing accuracy: 35.99

 32%|███▏      | 317/1000 [50:25<1:48:22,  9.52s/it]********************************************************************************
Round 317
this epoch cost time:0.7399981021881104
this epoch choose: [97, 49, 48, 89, 76, 41, 20, 71, 46, 75]
this epoch dispatch models: [2 5 5 3 6 5 1 5 2 6]
this epoch received models: [np.int64(2), np.int64(5), np.int64(5), np.int64(3), np.int64(6), np.int64(5), np.int64(1), np.int64(5), np.int64(2), np.int64(6)]
hetero_proportion: 	4:3:3
(0.4, 2, 2.120985)
Testing accuracy: 39.80
(0.4, 3, 2.646356)
Testing accuracy: 39.33
(0.4, 4, 4.64774)
Testing accuracy: 37.79
(0.66, 2, 5.159621)
Testing accuracy: 37.30
(0.66, 3, 5.528077)
Testing accuracy: 37.24
(0.66, 4, 6.945581)
Testing accuracy: 37.46
(1.0, 2, 11.424356)
Testing accuracy: 36.38

 32%|███▏      | 318/1000 [50:36<1:52:07,  9.86s/it]********************************************************************************
Round 318
this epoch cost time:0.7963857650756836
this epoch choose: [43, 46, 10, 79, 55, 83, 84, 27, 45, 56]
this epoch dispatch models: [5 1 1 3 4 4 4 2 3 2]
this epoch received models: [np.int64(5), np.int64(1), np.int64(1), np.int64(3), np.int64(4), np.int64(4), np.int64(4), np.int64(2), np.int64(3), np.int64(2)]
hetero_proportion: 	4:3:3
(0.4, 2, 2.120985)
Testing accuracy: 39.61
(0.4, 3, 2.646356)
Testing accuracy: 39.09
(0.4, 4, 4.64774)
Testing accuracy: 37.75
(0.66, 2, 5.159621)
Testing accuracy: 36.86
(0.66, 3, 5.528077)
Testing accuracy: 37.15
(0.66, 4, 6.945581)
Testing accuracy: 37.20
(1.0, 2, 11.424356)
Testing accuracy: 36.23

 32%|███▏      | 319/1000 [50:46<1:51:16,  9.80s/it]********************************************************************************
Round 319
this epoch cost time:0.7333769798278809
this epoch choose: [81, 81, 52, 77, 80, 21, 76, 84, 85, 90]
this epoch dispatch models: [5 4 3 0 6 2 5 5 1 1]
this epoch received models: [np.int64(5), np.int64(4), np.int64(3), np.int64(0), np.int64(6), np.int64(2), np.int64(5), np.int64(5), np.int64(1), np.int64(1)]
hetero_proportion: 	4:3:3
(0.4, 2, 2.120985)
Testing accuracy: 39.20
(0.4, 3, 2.646356)
Testing accuracy: 39.01
(0.4, 4, 4.64774)
Testing accuracy: 37.92
(0.66, 2, 5.159621)
Testing accuracy: 36.94
(0.66, 3, 5.528077)
Testing accuracy: 37.21
(0.66, 4, 6.945581)
Testing accuracy: 37.25
(1.0, 2, 11.424356)
Testing accuracy: 36.24

 32%|███▏      | 320/1000 [50:56<1:51:06,  9.80s/it]********************************************************************************
Round 320
this epoch cost time:0.6589095592498779
this epoch choose: [99, 2, 27, 40, 61, 75, 4, 97, 43, 46]
this epoch dispatch models: [3 1 1 1 1 5 0 5 5 0]
this epoch received models: [np.int64(3), np.int64(1), np.int64(1), np.int64(1), np.int64(1), np.int64(5), np.int64(0), np.int64(5), np.int64(5), np.int64(0)]
hetero_proportion: 	4:3:3
(0.4, 2, 2.120985)
Testing accuracy: 39.41
(0.4, 3, 2.646356)
Testing accuracy: 38.84
(0.4, 4, 4.64774)
Testing accuracy: 37.86
(0.66, 2, 5.159621)
Testing accuracy: 36.62
(0.66, 3, 5.528077)
Testing accuracy: 36.49
(0.66, 4, 6.945581)
Testing accuracy: 37.28
(1.0, 2, 11.424356)
Testing accuracy: 36.12

 32%|███▏      | 321/1000 [51:05<1:48:39,  9.60s/it]********************************************************************************
Round 321
this epoch cost time:0.655505895614624
this epoch choose: [63, 87, 62, 48, 71, 8, 65, 40, 91, 87]
this epoch dispatch models: [0 6 5 5 5 0 1 2 6 4]
this epoch received models: [np.int64(0), np.int64(6), np.int64(5), np.int64(5), np.int64(5), np.int64(0), np.int64(1), np.int64(2), np.int64(6), np.int64(4)]
hetero_proportion: 	4:3:3
(0.4, 2, 2.120985)
Testing accuracy: 38.91
(0.4, 3, 2.646356)
Testing accuracy: 38.54
(0.4, 4, 4.64774)
Testing accuracy: 37.70
(0.66, 2, 5.159621)
Testing accuracy: 36.43
(0.66, 3, 5.528077)
Testing accuracy: 36.82
(0.66, 4, 6.945581)
Testing accuracy: 37.07
(1.0, 2, 11.424356)
Testing accuracy: 36.07

 32%|███▏      | 322/1000 [51:14<1:49:12,  9.66s/it]********************************************************************************
Round 322
this epoch cost time:0.6058483123779297
this epoch choose: [72, 85, 59, 77, 60, 73, 72, 70, 43, 53]
this epoch dispatch models: [0 0 4 0 3 0 6 3 2 0]
this epoch received models: [np.int64(0), np.int64(0), np.int64(4), np.int64(0), np.int64(3), np.int64(0), np.int64(6), np.int64(3), np.int64(2), np.int64(0)]
hetero_proportion: 	4:3:3
(0.4, 2, 2.120985)
Testing accuracy: 39.14
(0.4, 3, 2.646356)
Testing accuracy: 38.54
(0.4, 4, 4.64774)
Testing accuracy: 37.58
(0.66, 2, 5.159621)
Testing accuracy: 36.12
(0.66, 3, 5.528077)
Testing accuracy: 36.76
(0.66, 4, 6.945581)
Testing accuracy: 36.84
(1.0, 2, 11.424356)
Testing accuracy: 35.81

 32%|███▏      | 323/1000 [51:24<1:48:18,  9.60s/it]********************************************************************************
Round 323
this epoch cost time:0.6781141757965088
this epoch choose: [94, 44, 56, 8, 84, 82, 41, 2, 75, 98]
this epoch dispatch models: [3 3 4 1 0 2 2 2 6 3]
this epoch received models: [np.int64(3), np.int64(3), np.int64(4), np.int64(1), np.int64(0), np.int64(2), np.int64(2), np.int64(2), np.int64(6), np.int64(3)]
hetero_proportion: 	4:3:3
(0.4, 2, 2.120985)
Testing accuracy: 39.48
(0.4, 3, 2.646356)
Testing accuracy: 38.72
(0.4, 4, 4.64774)
Testing accuracy: 37.64
(0.66, 2, 5.159621)
Testing accuracy: 36.43
(0.66, 3, 5.528077)
Testing accuracy: 36.93
(0.66, 4, 6.945581)
Testing accuracy: 37.03
(1.0, 2, 11.424356)
Testing accuracy: 35.99

 32%|███▏      | 324/1000 [51:34<1:48:20,  9.62s/it]********************************************************************************
Round 324
this epoch cost time:0.552236795425415
this epoch choose: [60, 28, 40, 56, 32, 39, 71, 66, 1, 37]
this epoch dispatch models: [4 1 0 5 1 2 5 4 0 2]
this epoch received models: [np.int64(4), np.int64(1), np.int64(0), np.int64(5), np.int64(1), np.int64(2), np.int64(5), np.int64(4), np.int64(0), np.int64(2)]
hetero_proportion: 	4:3:3
(0.4, 2, 2.120985)
Testing accuracy: 39.37
(0.4, 3, 2.646356)
Testing accuracy: 39.19
(0.4, 4, 4.64774)
Testing accuracy: 38.10
(0.66, 2, 5.159621)
Testing accuracy: 37.06
(0.66, 3, 5.528077)
Testing accuracy: 37.68
(0.66, 4, 6.945581)
Testing accuracy: 37.45
(1.0, 2, 11.424356)
Testing accuracy: 36.62

 32%|███▎      | 325/1000 [51:44<1:50:34,  9.83s/it]********************************************************************************
Round 325
this epoch cost time:0.8410415649414062
this epoch choose: [20, 80, 58, 43, 47, 67, 83, 99, 79, 76]
this epoch dispatch models: [2 4 4 3 5 3 6 5 3 6]
this epoch received models: [np.int64(2), np.int64(4), np.int64(4), np.int64(3), np.int64(5), np.int64(3), np.int64(6), np.int64(5), np.int64(3), np.int64(6)]
hetero_proportion: 	4:3:3
(0.4, 2, 2.120985)
Testing accuracy: 39.83
(0.4, 3, 2.646356)
Testing accuracy: 39.22
(0.4, 4, 4.64774)
Testing accuracy: 38.37
(0.66, 2, 5.159621)
Testing accuracy: 37.37
(0.66, 3, 5.528077)
Testing accuracy: 37.87
(0.66, 4, 6.945581)
Testing accuracy: 37.50
(1.0, 2, 11.424356)
Testing accuracy: 36.63

 33%|███▎      | 326/1000 [51:53<1:49:30,  9.75s/it]********************************************************************************
Round 326
this epoch cost time:0.6592268943786621
this epoch choose: [35, 45, 89, 81, 86, 76, 63, 76, 36, 77]
this epoch dispatch models: [0 0 3 3 3 5 1 4 0 2]
this epoch received models: [np.int64(0), np.int64(0), np.int64(3), np.int64(3), np.int64(3), np.int64(5), np.int64(1), np.int64(4), np.int64(0), np.int64(2)]
hetero_proportion: 	4:3:3
(0.4, 2, 2.120985)
Testing accuracy: 39.88
(0.4, 3, 2.646356)
Testing accuracy: 39.05
(0.4, 4, 4.64774)
Testing accuracy: 38.17
(0.66, 2, 5.159621)
Testing accuracy: 37.06
(0.66, 3, 5.528077)
Testing accuracy: 37.13
(0.66, 4, 6.945581)
Testing accuracy: 37.57
(1.0, 2, 11.424356)
Testing accuracy: 36.46

 33%|███▎      | 327/1000 [52:03<1:47:21,  9.57s/it]********************************************************************************
Round 327
this epoch cost time:0.6462044715881348
this epoch choose: [56, 86, 22, 60, 49, 62, 46, 82, 45, 66]
this epoch dispatch models: [4 2 1 4 4 5 3 6 0 1]
this epoch received models: [np.int64(4), np.int64(2), np.int64(1), np.int64(4), np.int64(4), np.int64(5), np.int64(3), np.int64(6), np.int64(0), np.int64(1)]
hetero_proportion: 	4:3:3
(0.4, 2, 2.120985)
Testing accuracy: 39.47
(0.4, 3, 2.646356)
Testing accuracy: 39.06
(0.4, 4, 4.64774)
Testing accuracy: 38.21
(0.66, 2, 5.159621)
Testing accuracy: 37.21
(0.66, 3, 5.528077)
Testing accuracy: 37.18
(0.66, 4, 6.945581)
Testing accuracy: 37.40
(1.0, 2, 11.424356)
Testing accuracy: 36.37

 33%|███▎      | 328/1000 [52:13<1:50:55,  9.90s/it]********************************************************************************
Round 328
this epoch cost time:0.658954381942749
this epoch choose: [93, 76, 89, 24, 50, 68, 49, 61, 92, 55]
this epoch dispatch models: [6 3 0 2 2 3 5 2 6 3]
this epoch received models: [np.int64(6), np.int64(3), np.int64(0), np.int64(2), np.int64(2), np.int64(3), np.int64(5), np.int64(2), np.int64(6), np.int64(3)]
hetero_proportion: 	4:3:3
(0.4, 2, 2.120985)
Testing accuracy: 39.65
(0.4, 3, 2.646356)
Testing accuracy: 38.96
(0.4, 4, 4.64774)
Testing accuracy: 38.71
(0.66, 2, 5.159621)
Testing accuracy: 36.94
(0.66, 3, 5.528077)
Testing accuracy: 37.52
(0.66, 4, 6.945581)
Testing accuracy: 37.94
(1.0, 2, 11.424356)
Testing accuracy: 36.65

 33%|███▎      | 329/1000 [52:23<1:50:17,  9.86s/it]********************************************************************************
Round 329
this epoch cost time:0.5857081413269043
this epoch choose: [4, 93, 81, 31, 45, 94, 9, 71, 73, 72]
this epoch dispatch models: [2 1 0 2 4 2 2 6 3 4]
this epoch received models: [np.int64(2), np.int64(1), np.int64(0), np.int64(2), np.int64(4), np.int64(2), np.int64(2), np.int64(6), np.int64(3), np.int64(4)]
hetero_proportion: 	4:3:3
(0.4, 2, 2.120985)
Testing accuracy: 39.48
(0.4, 3, 2.646356)
Testing accuracy: 39.06
(0.4, 4, 4.64774)
Testing accuracy: 38.72
(0.66, 2, 5.159621)
Testing accuracy: 37.05
(0.66, 3, 5.528077)
Testing accuracy: 37.44
(0.66, 4, 6.945581)
Testing accuracy: 37.59
(1.0, 2, 11.424356)
Testing accuracy: 36.56

 33%|███▎      | 330/1000 [52:33<1:49:28,  9.80s/it]********************************************************************************
Round 330
this epoch cost time:0.649261474609375
this epoch choose: [70, 76, 61, 92, 41, 98, 73, 21, 72, 90]
this epoch dispatch models: [4 3 2 6 1 4 4 1 1 0]
this epoch received models: [np.int64(4), np.int64(3), np.int64(2), np.int64(6), np.int64(1), np.int64(4), np.int64(4), np.int64(1), np.int64(1), np.int64(0)]
hetero_proportion: 	4:3:3
(0.4, 2, 2.120985)
Testing accuracy: 39.20
(0.4, 3, 2.646356)
Testing accuracy: 38.88
(0.4, 4, 4.64774)
Testing accuracy: 38.19
(0.66, 2, 5.159621)
Testing accuracy: 36.39
(0.66, 3, 5.528077)
Testing accuracy: 37.04
(0.66, 4, 6.945581)
Testing accuracy: 37.14
(1.0, 2, 11.424356)
Testing accuracy: 35.97

 33%|███▎      | 331/1000 [52:42<1:47:26,  9.64s/it]********************************************************************************
Round 331
this epoch cost time:0.6268630027770996
this epoch choose: [63, 50, 40, 64, 70, 86, 71, 96, 87, 68]
this epoch dispatch models: [2 2 3 5 2 5 1 6 3 3]
this epoch received models: [np.int64(2), np.int64(2), np.int64(3), np.int64(5), np.int64(2), np.int64(5), np.int64(1), np.int64(6), np.int64(3), np.int64(3)]
hetero_proportion: 	4:3:3
(0.4, 2, 2.120985)
Testing accuracy: 39.36
(0.4, 3, 2.646356)
Testing accuracy: 39.42
(0.4, 4, 4.64774)
Testing accuracy: 38.25
(0.66, 2, 5.159621)
Testing accuracy: 36.29
(0.66, 3, 5.528077)
Testing accuracy: 37.04
(0.66, 4, 6.945581)
Testing accuracy: 36.75
(1.0, 2, 11.424356)
Testing accuracy: 35.88

 33%|███▎      | 332/1000 [52:51<1:45:24,  9.47s/it]********************************************************************************
Round 332
this epoch cost time:0.7248623371124268
this epoch choose: [50, 75, 77, 63, 71, 92, 81, 45, 56, 77]
this epoch dispatch models: [5 2 5 4 6 1 6 1 1 6]
this epoch received models: [np.int64(5), np.int64(2), np.int64(5), np.int64(4), np.int64(6), np.int64(1), np.int64(6), np.int64(1), np.int64(1), np.int64(6)]
hetero_proportion: 	4:3:3
(0.4, 2, 2.120985)
Testing accuracy: 39.34
(0.4, 3, 2.646356)
Testing accuracy: 38.98
(0.4, 4, 4.64774)
Testing accuracy: 38.22
(0.66, 2, 5.159621)
Testing accuracy: 36.25
(0.66, 3, 5.528077)
Testing accuracy: 37.00
(0.66, 4, 6.945581)
Testing accuracy: 37.01
(1.0, 2, 11.424356)
Testing accuracy: 35.89

 33%|███▎      | 333/1000 [53:00<1:44:48,  9.43s/it]********************************************************************************
Round 333
this epoch cost time:0.6642880439758301
this epoch choose: [84, 81, 84, 69, 38, 11, 68, 88, 95, 62]
this epoch dispatch models: [4 3 1 2 1 2 5 5 4 3]
this epoch received models: [np.int64(4), np.int64(3), np.int64(1), np.int64(2), np.int64(1), np.int64(2), np.int64(5), np.int64(5), np.int64(4), np.int64(3)]
hetero_proportion: 	4:3:3
(0.4, 2, 2.120985)
Testing accuracy: 39.15
(0.4, 3, 2.646356)
Testing accuracy: 39.07
(0.4, 4, 4.64774)
Testing accuracy: 38.18
(0.66, 2, 5.159621)
Testing accuracy: 36.75
(0.66, 3, 5.528077)
Testing accuracy: 37.37
(0.66, 4, 6.945581)
Testing accuracy: 37.24
(1.0, 2, 11.424356)
Testing accuracy: 36.15

 33%|███▎      | 334/1000 [53:10<1:43:33,  9.33s/it]********************************************************************************
Round 334
this epoch cost time:0.5158538818359375
this epoch choose: [76, 20, 17, 56, 99, 93, 42, 46, 88, 61]
this epoch dispatch models: [6 1 1 2 4 3 5 0 6 5]
this epoch received models: [np.int64(6), np.int64(1), np.int64(1), np.int64(2), np.int64(4), np.int64(3), np.int64(5), np.int64(0), np.int64(6), np.int64(5)]
hetero_proportion: 	4:3:3
(0.4, 2, 2.120985)
Testing accuracy: 39.39
(0.4, 3, 2.646356)
Testing accuracy: 38.94
(0.4, 4, 4.64774)
Testing accuracy: 38.30
(0.66, 2, 5.159621)
Testing accuracy: 36.91
(0.66, 3, 5.528077)
Testing accuracy: 37.08
(0.66, 4, 6.945581)
Testing accuracy: 37.31
(1.0, 2, 11.424356)
Testing accuracy: 36.31

 34%|███▎      | 335/1000 [53:19<1:43:22,  9.33s/it]********************************************************************************
Round 335
this epoch cost time:0.5641632080078125
this epoch choose: [22, 72, 85, 61, 40, 76, 29, 96, 78, 7]
this epoch dispatch models: [1 0 6 0 5 3 2 5 0 1]
this epoch received models: [np.int64(1), np.int64(0), np.int64(6), np.int64(0), np.int64(5), np.int64(3), np.int64(2), np.int64(5), np.int64(0), np.int64(1)]
hetero_proportion: 	4:3:3
(0.4, 2, 2.120985)
Testing accuracy: 39.48
(0.4, 3, 2.646356)
Testing accuracy: 38.79
(0.4, 4, 4.64774)
Testing accuracy: 37.90
(0.66, 2, 5.159621)
Testing accuracy: 36.58
(0.66, 3, 5.528077)
Testing accuracy: 36.89
(0.66, 4, 6.945581)
Testing accuracy: 36.81
(1.0, 2, 11.424356)
Testing accuracy: 35.97

 34%|███▎      | 336/1000 [53:29<1:44:34,  9.45s/it]********************************************************************************
Round 336
this epoch cost time:0.7041959762573242
this epoch choose: [56, 90, 50, 65, 76, 51, 69, 73, 60, 33]
this epoch dispatch models: [2 6 3 0 6 2 5 6 5 1]
this epoch received models: [np.int64(2), np.int64(6), np.int64(3), np.int64(0), np.int64(6), np.int64(2), np.int64(5), np.int64(6), np.int64(5), np.int64(1)]
hetero_proportion: 	4:3:3
(0.4, 2, 2.120985)
Testing accuracy: 39.21
(0.4, 3, 2.646356)
Testing accuracy: 39.12
(0.4, 4, 4.64774)
Testing accuracy: 38.35
(0.66, 2, 5.159621)
Testing accuracy: 36.67
(0.66, 3, 5.528077)
Testing accuracy: 37.10
(0.66, 4, 6.945581)
Testing accuracy: 37.50
(1.0, 2, 11.424356)
Testing accuracy: 36.12

 34%|███▎      | 337/1000 [53:39<1:46:33,  9.64s/it]********************************************************************************
Round 337
this epoch cost time:0.6718270778656006
this epoch choose: [48, 21, 61, 74, 51, 94, 79, 67, 59, 54]
this epoch dispatch models: [5 2 3 6 5 2 5 1 4 4]
this epoch received models: [np.int64(5), np.int64(2), np.int64(3), np.int64(6), np.int64(5), np.int64(2), np.int64(5), np.int64(1), np.int64(4), np.int64(4)]
hetero_proportion: 	4:3:3
(0.4, 2, 2.120985)
Testing accuracy: 39.36
(0.4, 3, 2.646356)
Testing accuracy: 39.26
(0.4, 4, 4.64774)
Testing accuracy: 38.29
(0.66, 2, 5.159621)
Testing accuracy: 36.97
(0.66, 3, 5.528077)
Testing accuracy: 36.95
(0.66, 4, 6.945581)
Testing accuracy: 37.51
(1.0, 2, 11.424356)
Testing accuracy: 36.79

 34%|███▍      | 338/1000 [53:49<1:48:57,  9.88s/it]********************************************************************************
Round 338
this epoch cost time:0.6678354740142822
this epoch choose: [75, 90, 54, 59, 58, 65, 70, 59, 75, 86]
this epoch dispatch models: [3 0 1 0 1 1 0 5 6 6]
this epoch received models: [np.int64(3), np.int64(0), np.int64(1), np.int64(0), np.int64(1), np.int64(1), np.int64(0), np.int64(5), np.int64(6), np.int64(6)]
hetero_proportion: 	4:3:3
(0.4, 2, 2.120985)
Testing accuracy: 39.05
(0.4, 3, 2.646356)
Testing accuracy: 39.18
(0.4, 4, 4.64774)
Testing accuracy: 38.39
(0.66, 2, 5.159621)
Testing accuracy: 36.27
(0.66, 3, 5.528077)
Testing accuracy: 37.19
(0.66, 4, 6.945581)
Testing accuracy: 37.38
(1.0, 2, 11.424356)
Testing accuracy: 36.38

 34%|███▍      | 339/1000 [54:01<1:54:03, 10.35s/it]********************************************************************************
Round 339
this epoch cost time:0.5797269344329834
this epoch choose: [89, 64, 39, 75, 26, 58, 86, 19, 87, 40]
this epoch dispatch models: [6 2 0 1 0 5 2 0 2 5]
this epoch received models: [np.int64(6), np.int64(2), np.int64(0), np.int64(1), np.int64(0), np.int64(5), np.int64(2), np.int64(0), np.int64(2), np.int64(5)]
hetero_proportion: 	4:3:3
(0.4, 2, 2.120985)
Testing accuracy: 39.37
(0.4, 3, 2.646356)
Testing accuracy: 39.20
(0.4, 4, 4.64774)
Testing accuracy: 38.15
(0.66, 2, 5.159621)
Testing accuracy: 36.72
(0.66, 3, 5.528077)
Testing accuracy: 36.88
(0.66, 4, 6.945581)
Testing accuracy: 37.15
(1.0, 2, 11.424356)
Testing accuracy: 36.32

 34%|███▍      | 340/1000 [54:10<1:51:15, 10.11s/it]********************************************************************************
Round 340
this epoch cost time:0.6271572113037109
this epoch choose: [43, 15, 67, 48, 92, 90, 65, 94, 51, 79]
this epoch dispatch models: [2 0 5 2 6 6 0 1 5 0]
this epoch received models: [np.int64(2), np.int64(0), np.int64(5), np.int64(2), np.int64(6), np.int64(6), np.int64(0), np.int64(1), np.int64(5), np.int64(0)]
hetero_proportion: 	4:3:3
(0.4, 2, 2.120985)
Testing accuracy: 39.50
(0.4, 3, 2.646356)
Testing accuracy: 38.71
(0.4, 4, 4.64774)
Testing accuracy: 38.03
(0.66, 2, 5.159621)
Testing accuracy: 36.81
(0.66, 3, 5.528077)
Testing accuracy: 36.92
(0.66, 4, 6.945581)
Testing accuracy: 37.41
(1.0, 2, 11.424356)
Testing accuracy: 36.67

 34%|███▍      | 341/1000 [54:20<1:49:39,  9.98s/it]********************************************************************************
Round 341
this epoch cost time:0.5597188472747803
this epoch choose: [56, 57, 92, 68, 56, 63, 26, 43, 45, 86]
this epoch dispatch models: [2 0 5 0 0 4 0 4 5 3]
this epoch received models: [np.int64(2), np.int64(0), np.int64(5), np.int64(0), np.int64(0), np.int64(4), np.int64(0), np.int64(4), np.int64(5), np.int64(3)]
hetero_proportion: 	4:3:3
(0.4, 2, 2.120985)
Testing accuracy: 39.35
(0.4, 3, 2.646356)
Testing accuracy: 38.88
(0.4, 4, 4.64774)
Testing accuracy: 37.88
(0.66, 2, 5.159621)
Testing accuracy: 36.19
(0.66, 3, 5.528077)
Testing accuracy: 36.66
(0.66, 4, 6.945581)
Testing accuracy: 37.10
(1.0, 2, 11.424356)
Testing accuracy: 36.18

 34%|███▍      | 342/1000 [54:31<1:54:00, 10.40s/it]********************************************************************************
Round 342
this epoch cost time:0.6333577632904053
this epoch choose: [46, 12, 87, 49, 48, 68, 50, 23, 70, 68]
this epoch dispatch models: [3 0 6 0 3 4 1 0 3 5]
this epoch received models: [np.int64(3), np.int64(0), np.int64(6), np.int64(0), np.int64(3), np.int64(4), np.int64(1), np.int64(0), np.int64(3), np.int64(5)]
hetero_proportion: 	4:3:3
(0.4, 2, 2.120985)
Testing accuracy: 39.37
(0.4, 3, 2.646356)
Testing accuracy: 38.93
(0.4, 4, 4.64774)
Testing accuracy: 37.78
(0.66, 2, 5.159621)
Testing accuracy: 36.38
(0.66, 3, 5.528077)
Testing accuracy: 36.60
(0.66, 4, 6.945581)
Testing accuracy: 36.79
(1.0, 2, 11.424356)
Testing accuracy: 36.02

 34%|███▍      | 343/1000 [54:42<1:54:01, 10.41s/it]********************************************************************************
Round 343
this epoch cost time:0.5822453498840332
this epoch choose: [73, 94, 77, 71, 75, 52, 75, 68, 71, 64]
this epoch dispatch models: [3 3 3 6 1 5 0 4 3 4]
this epoch received models: [np.int64(3), np.int64(3), np.int64(3), np.int64(6), np.int64(1), np.int64(5), np.int64(0), np.int64(4), np.int64(3), np.int64(4)]
hetero_proportion: 	4:3:3
(0.4, 2, 2.120985)
Testing accuracy: 39.34
(0.4, 3, 2.646356)
Testing accuracy: 38.62
(0.4, 4, 4.64774)
Testing accuracy: 37.79
(0.66, 2, 5.159621)
Testing accuracy: 36.24
(0.66, 3, 5.528077)
Testing accuracy: 36.33
(0.66, 4, 6.945581)
Testing accuracy: 37.13
(1.0, 2, 11.424356)
Testing accuracy: 36.02

 34%|███▍      | 344/1000 [54:51<1:51:22, 10.19s/it]********************************************************************************
Round 344
this epoch cost time:0.5996789932250977
this epoch choose: [37, 99, 44, 99, 96, 22, 93, 76, 34, 51]
this epoch dispatch models: [0 6 0 0 2 1 3 2 0 5]
this epoch received models: [np.int64(0), np.int64(6), np.int64(0), np.int64(0), np.int64(2), np.int64(1), np.int64(3), np.int64(2), np.int64(0), np.int64(5)]
hetero_proportion: 	4:3:3
(0.4, 2, 2.120985)
Testing accuracy: 39.31
(0.4, 3, 2.646356)
Testing accuracy: 38.42
(0.4, 4, 4.64774)
Testing accuracy: 38.01
(0.66, 2, 5.159621)
Testing accuracy: 36.34
(0.66, 3, 5.528077)
Testing accuracy: 36.45
(0.66, 4, 6.945581)
Testing accuracy: 36.81
(1.0, 2, 11.424356)
Testing accuracy: 35.77

 34%|███▍      | 345/1000 [55:00<1:46:47,  9.78s/it]********************************************************************************
Round 345
this epoch cost time:0.6071679592132568
this epoch choose: [99, 41, 71, 43, 95, 85, 72, 70, 29, 57]
this epoch dispatch models: [0 3 1 3 6 2 6 1 2 0]
this epoch received models: [np.int64(0), np.int64(3), np.int64(1), np.int64(3), np.int64(6), np.int64(2), np.int64(6), np.int64(1), np.int64(2), np.int64(0)]
hetero_proportion: 	4:3:3
(0.4, 2, 2.120985)
Testing accuracy: 39.20
(0.4, 3, 2.646356)
Testing accuracy: 38.25
(0.4, 4, 4.64774)
Testing accuracy: 37.87
(0.66, 2, 5.159621)
Testing accuracy: 35.90
(0.66, 3, 5.528077)
Testing accuracy: 36.30
(0.66, 4, 6.945581)
Testing accuracy: 36.71
(1.0, 2, 11.424356)
Testing accuracy: 35.87

 35%|███▍      | 346/1000 [55:10<1:47:09,  9.83s/it]********************************************************************************
Round 346
this epoch cost time:0.7269120216369629
this epoch choose: [94, 80, 56, 61, 95, 46, 64, 43, 95, 59]
this epoch dispatch models: [4 6 0 3 2 4 5 5 0 1]
this epoch received models: [np.int64(4), np.int64(6), np.int64(0), np.int64(3), np.int64(2), np.int64(4), np.int64(5), np.int64(5), np.int64(0), np.int64(1)]
hetero_proportion: 	4:3:3
(0.4, 2, 2.120985)
Testing accuracy: 39.30
(0.4, 3, 2.646356)
Testing accuracy: 38.39
(0.4, 4, 4.64774)
Testing accuracy: 37.94
(0.66, 2, 5.159621)
Testing accuracy: 36.09
(0.66, 3, 5.528077)
Testing accuracy: 36.69
(0.66, 4, 6.945581)
Testing accuracy: 36.61
(1.0, 2, 11.424356)
Testing accuracy: 36.07

 35%|███▍      | 347/1000 [55:19<1:45:31,  9.70s/it]********************************************************************************
Round 347
this epoch cost time:0.565925121307373
this epoch choose: [78, 99, 52, 84, 61, 64, 46, 50, 51, 74]
this epoch dispatch models: [6 3 0 6 4 2 3 5 2 3]
this epoch received models: [np.int64(6), np.int64(3), np.int64(0), np.int64(6), np.int64(4), np.int64(2), np.int64(3), np.int64(5), np.int64(2), np.int64(3)]
hetero_proportion: 	4:3:3
(0.4, 2, 2.120985)
Testing accuracy: 39.20
(0.4, 3, 2.646356)
Testing accuracy: 38.75
(0.4, 4, 4.64774)
Testing accuracy: 38.02
(0.66, 2, 5.159621)
Testing accuracy: 36.19
(0.66, 3, 5.528077)
Testing accuracy: 36.74
(0.66, 4, 6.945581)
Testing accuracy: 36.65
(1.0, 2, 11.424356)
Testing accuracy: 35.96

 35%|███▍      | 348/1000 [55:29<1:43:25,  9.52s/it]********************************************************************************
Round 348
this epoch cost time:0.7347533702850342
this epoch choose: [97, 67, 96, 98, 89, 94, 61, 72, 49, 80]
this epoch dispatch models: [6 3 4 6 6 2 0 5 3 6]
this epoch received models: [np.int64(6), np.int64(3), np.int64(4), np.int64(6), np.int64(6), np.int64(2), np.int64(0), np.int64(5), np.int64(3), np.int64(6)]
hetero_proportion: 	4:3:3
(0.4, 2, 2.120985)
Testing accuracy: 39.42
(0.4, 3, 2.646356)
Testing accuracy: 38.88
(0.4, 4, 4.64774)
Testing accuracy: 38.24
(0.66, 2, 5.159621)
Testing accuracy: 36.52
(0.66, 3, 5.528077)
Testing accuracy: 36.90
(0.66, 4, 6.945581)
Testing accuracy: 37.04
(1.0, 2, 11.424356)
Testing accuracy: 36.38

 35%|███▍      | 349/1000 [55:38<1:42:40,  9.46s/it]********************************************************************************
Round 349
this epoch cost time:0.707794189453125
this epoch choose: [18, 62, 48, 79, 24, 54, 27, 96, 69, 81]
this epoch dispatch models: [2 5 5 5 1 4 0 3 3 5]
this epoch received models: [np.int64(2), np.int64(5), np.int64(5), np.int64(5), np.int64(1), np.int64(4), np.int64(0), np.int64(3), np.int64(3), np.int64(5)]
hetero_proportion: 	4:3:3
(0.4, 2, 2.120985)
Testing accuracy: 39.92
(0.4, 3, 2.646356)
Testing accuracy: 39.55
(0.4, 4, 4.64774)
Testing accuracy: 38.65
(0.66, 2, 5.159621)
Testing accuracy: 36.71
(0.66, 3, 5.528077)
Testing accuracy: 37.26
(0.66, 4, 6.945581)
Testing accuracy: 37.72
(1.0, 2, 11.424356)
Testing accuracy: 36.73

 35%|███▌      | 350/1000 [55:48<1:45:23,  9.73s/it]********************************************************************************
Round 350
this epoch cost time:0.6366028785705566
this epoch choose: [96, 49, 46, 89, 46, 54, 6, 58, 74, 63]
this epoch dispatch models: [3 4 3 0 3 0 1 0 6 5]
this epoch received models: [np.int64(3), np.int64(4), np.int64(3), np.int64(0), np.int64(3), np.int64(0), np.int64(1), np.int64(0), np.int64(6), np.int64(5)]
hetero_proportion: 	4:3:3
(0.4, 2, 2.120985)
Testing accuracy: 39.94
(0.4, 3, 2.646356)
Testing accuracy: 39.27
(0.4, 4, 4.64774)
Testing accuracy: 38.56
(0.66, 2, 5.159621)
Testing accuracy: 36.83
(0.66, 3, 5.528077)
Testing accuracy: 37.34
(0.66, 4, 6.945581)
Testing accuracy: 37.52
(1.0, 2, 11.424356)
Testing accuracy: 36.97

 35%|███▌      | 351/1000 [55:58<1:45:30,  9.75s/it]********************************************************************************
Round 351
this epoch cost time:0.6831696033477783
this epoch choose: [71, 41, 78, 65, 70, 64, 71, 92, 68, 59]
this epoch dispatch models: [0 1 6 4 6 5 5 6 3 5]
this epoch received models: [np.int64(0), np.int64(1), np.int64(6), np.int64(4), np.int64(6), np.int64(5), np.int64(5), np.int64(6), np.int64(3), np.int64(5)]
hetero_proportion: 	4:3:3
(0.4, 2, 2.120985)
Testing accuracy: 39.95
(0.4, 3, 2.646356)
Testing accuracy: 39.10
(0.4, 4, 4.64774)
Testing accuracy: 38.38
(0.66, 2, 5.159621)
Testing accuracy: 36.46
(0.66, 3, 5.528077)
Testing accuracy: 37.08
(0.66, 4, 6.945581)
Testing accuracy: 37.39
(1.0, 2, 11.424356)
Testing accuracy: 36.91

 35%|███▌      | 352/1000 [56:08<1:45:25,  9.76s/it]********************************************************************************
Round 352
this epoch cost time:0.7302753925323486
this epoch choose: [87, 85, 59, 82, 88, 49, 80, 96, 58, 75]
this epoch dispatch models: [4 4 4 0 6 0 6 1 5 6]
this epoch received models: [np.int64(4), np.int64(4), np.int64(4), np.int64(0), np.int64(6), np.int64(0), np.int64(6), np.int64(1), np.int64(5), np.int64(6)]
hetero_proportion: 	4:3:3
(0.4, 2, 2.120985)
Testing accuracy: 39.64
(0.4, 3, 2.646356)
Testing accuracy: 38.88
(0.4, 4, 4.64774)
Testing accuracy: 38.08
(0.66, 2, 5.159621)
Testing accuracy: 36.44
(0.66, 3, 5.528077)
Testing accuracy: 37.16
(0.66, 4, 6.945581)
Testing accuracy: 37.72
(1.0, 2, 11.424356)
Testing accuracy: 36.71

 35%|███▌      | 353/1000 [56:18<1:47:01,  9.92s/it]********************************************************************************
Round 353
this epoch cost time:0.6240060329437256
this epoch choose: [46, 71, 23, 68, 74, 58, 73, 68, 15, 74]
this epoch dispatch models: [5 3 2 3 6 0 6 0 0 4]
this epoch received models: [np.int64(5), np.int64(3), np.int64(2), np.int64(3), np.int64(6), np.int64(0), np.int64(6), np.int64(0), np.int64(0), np.int64(4)]
hetero_proportion: 	4:3:3
(0.4, 2, 2.120985)
Testing accuracy: 39.63
(0.4, 3, 2.646356)
Testing accuracy: 39.37
(0.4, 4, 4.64774)
Testing accuracy: 38.38
(0.66, 2, 5.159621)
Testing accuracy: 36.81
(0.66, 3, 5.528077)
Testing accuracy: 37.37
(0.66, 4, 6.945581)
Testing accuracy: 37.51
(1.0, 2, 11.424356)
Testing accuracy: 37.12

 35%|███▌      | 354/1000 [56:28<1:47:00,  9.94s/it]********************************************************************************
Round 354
this epoch cost time:0.7367274761199951
this epoch choose: [80, 80, 92, 71, 86, 75, 99, 81, 80, 92]
this epoch dispatch models: [6 6 3 3 2 3 4 1 6 0]
this epoch received models: [np.int64(6), np.int64(6), np.int64(3), np.int64(3), np.int64(2), np.int64(3), np.int64(4), np.int64(1), np.int64(6), np.int64(0)]
hetero_proportion: 	4:3:3
(0.4, 2, 2.120985)
Testing accuracy: 39.37
(0.4, 3, 2.646356)
Testing accuracy: 39.08
(0.4, 4, 4.64774)
Testing accuracy: 38.52
(0.66, 2, 5.159621)
Testing accuracy: 36.65
(0.66, 3, 5.528077)
Testing accuracy: 37.29
(0.66, 4, 6.945581)
Testing accuracy: 37.62
(1.0, 2, 11.424356)
Testing accuracy: 36.41

 36%|███▌      | 355/1000 [56:39<1:51:25, 10.37s/it]********************************************************************************
Round 355
this epoch cost time:0.6177871227264404
this epoch choose: [77, 60, 71, 77, 59, 41, 71, 84, 50, 68]
this epoch dispatch models: [3 3 1 5 2 2 3 5 0 1]
this epoch received models: [np.int64(3), np.int64(3), np.int64(1), np.int64(5), np.int64(2), np.int64(2), np.int64(3), np.int64(5), np.int64(0), np.int64(1)]
hetero_proportion: 	4:3:3
(0.4, 2, 2.120985)
Testing accuracy: 39.17
(0.4, 3, 2.646356)
Testing accuracy: 38.67
(0.4, 4, 4.64774)
Testing accuracy: 38.07
(0.66, 2, 5.159621)
Testing accuracy: 35.98
(0.66, 3, 5.528077)
Testing accuracy: 36.83
(0.66, 4, 6.945581)
Testing accuracy: 37.15
(1.0, 2, 11.424356)
Testing accuracy: 36.51

 36%|███▌      | 356/1000 [56:50<1:51:27, 10.38s/it]********************************************************************************
Round 356
this epoch cost time:0.6523544788360596
this epoch choose: [98, 53, 50, 30, 74, 25, 76, 99, 31, 43]
this epoch dispatch models: [5 5 4 1 4 2 0 6 2 5]
this epoch received models: [np.int64(5), np.int64(5), np.int64(4), np.int64(1), np.int64(4), np.int64(2), np.int64(0), np.int64(6), np.int64(2), np.int64(5)]
hetero_proportion: 	4:3:3
(0.4, 2, 2.120985)
Testing accuracy: 39.42
(0.4, 3, 2.646356)
Testing accuracy: 39.13
(0.4, 4, 4.64774)
Testing accuracy: 38.31
(0.66, 2, 5.159621)
Testing accuracy: 36.85
(0.66, 3, 5.528077)
Testing accuracy: 37.22
(0.66, 4, 6.945581)
Testing accuracy: 37.53
(1.0, 2, 11.424356)
Testing accuracy: 36.48

 36%|███▌      | 357/1000 [57:00<1:49:51, 10.25s/it]********************************************************************************
Round 357
this epoch cost time:0.731992244720459
this epoch choose: [89, 60, 97, 79, 94, 43, 42, 53, 3, 81]
this epoch dispatch models: [3 3 3 2 6 5 1 2 2 6]
this epoch received models: [np.int64(3), np.int64(3), np.int64(3), np.int64(2), np.int64(6), np.int64(5), np.int64(1), np.int64(2), np.int64(2), np.int64(6)]
hetero_proportion: 	4:3:3
(0.4, 2, 2.120985)
Testing accuracy: 39.37
(0.4, 3, 2.646356)
Testing accuracy: 39.15
(0.4, 4, 4.64774)
Testing accuracy: 38.45
(0.66, 2, 5.159621)
Testing accuracy: 37.00
(0.66, 3, 5.528077)
Testing accuracy: 37.27
(0.66, 4, 6.945581)
Testing accuracy: 37.92
(1.0, 2, 11.424356)
Testing accuracy: 36.58

 36%|███▌      | 358/1000 [57:09<1:47:25, 10.04s/it]********************************************************************************
Round 358
this epoch cost time:0.5783495903015137
this epoch choose: [63, 63, 78, 78, 96, 91, 97, 66, 26, 95]
this epoch dispatch models: [5 5 5 5 4 6 6 3 1 6]
this epoch received models: [np.int64(5), np.int64(5), np.int64(5), np.int64(5), np.int64(4), np.int64(6), np.int64(6), np.int64(3), np.int64(1), np.int64(6)]
hetero_proportion: 	4:3:3
(0.4, 2, 2.120985)
Testing accuracy: 39.21
(0.4, 3, 2.646356)
Testing accuracy: 38.95
(0.4, 4, 4.64774)
Testing accuracy: 38.32
(0.66, 2, 5.159621)
Testing accuracy: 36.94
(0.66, 3, 5.528077)
Testing accuracy: 37.34
(0.66, 4, 6.945581)
Testing accuracy: 37.56
(1.0, 2, 11.424356)
Testing accuracy: 36.46

 36%|███▌      | 359/1000 [57:19<1:46:13,  9.94s/it]********************************************************************************
Round 359
this epoch cost time:0.561089277267456
this epoch choose: [97, 94, 36, 28, 60, 65, 89, 49, 85, 89]
this epoch dispatch models: [3 5 0 1 5 3 1 0 0 5]
this epoch received models: [np.int64(3), np.int64(5), np.int64(0), np.int64(1), np.int64(5), np.int64(3), np.int64(1), np.int64(0), np.int64(0), np.int64(5)]
hetero_proportion: 	4:3:3
(0.4, 2, 2.120985)
Testing accuracy: 39.25
(0.4, 3, 2.646356)
Testing accuracy: 38.98
(0.4, 4, 4.64774)
Testing accuracy: 38.50
(0.66, 2, 5.159621)
Testing accuracy: 36.62
(0.66, 3, 5.528077)
Testing accuracy: 36.89
(0.66, 4, 6.945581)
Testing accuracy: 37.90
(1.0, 2, 11.424356)
Testing accuracy: 36.76

 36%|███▌      | 360/1000 [57:29<1:44:27,  9.79s/it]********************************************************************************
Round 360
this epoch cost time:0.773928165435791
this epoch choose: [51, 70, 64, 83, 97, 44, 77, 90, 99, 78]
this epoch dispatch models: [4 6 3 2 3 0 0 4 1 1]
this epoch received models: [np.int64(4), np.int64(6), np.int64(3), np.int64(2), np.int64(3), np.int64(0), np.int64(0), np.int64(4), np.int64(1), np.int64(1)]
hetero_proportion: 	4:3:3
(0.4, 2, 2.120985)
Testing accuracy: 39.33
(0.4, 3, 2.646356)
Testing accuracy: 39.14
(0.4, 4, 4.64774)
Testing accuracy: 38.42
(0.66, 2, 5.159621)
Testing accuracy: 36.58
(0.66, 3, 5.528077)
Testing accuracy: 36.75
(0.66, 4, 6.945581)
Testing accuracy: 37.39
(1.0, 2, 11.424356)
Testing accuracy: 36.42

 36%|███▌      | 361/1000 [57:38<1:43:48,  9.75s/it]********************************************************************************
Round 361
this epoch cost time:0.7347512245178223
this epoch choose: [28, 29, 8, 92, 89, 80, 49, 53, 90, 95]
this epoch dispatch models: [0 1 2 4 6 6 1 5 2 5]
this epoch received models: [np.int64(0), np.int64(1), np.int64(2), np.int64(4), np.int64(6), np.int64(6), np.int64(1), np.int64(5), np.int64(2), np.int64(5)]
hetero_proportion: 	4:3:3
(0.4, 2, 2.120985)
Testing accuracy: 39.36
(0.4, 3, 2.646356)
Testing accuracy: 38.64
(0.4, 4, 4.64774)
Testing accuracy: 37.91
(0.66, 2, 5.159621)
Testing accuracy: 36.85
(0.66, 3, 5.528077)
Testing accuracy: 36.90
(0.66, 4, 6.945581)
Testing accuracy: 37.29
(1.0, 2, 11.424356)
Testing accuracy: 36.30

 36%|███▌      | 362/1000 [57:48<1:43:59,  9.78s/it]********************************************************************************
Round 362
this epoch cost time:0.6703305244445801
this epoch choose: [58, 46, 55, 70, 44, 11, 52, 49, 47, 74]
this epoch dispatch models: [3 4 1 6 1 1 1 3 5 5]
this epoch received models: [np.int64(3), np.int64(4), np.int64(1), np.int64(6), np.int64(1), np.int64(1), np.int64(1), np.int64(3), np.int64(5), np.int64(5)]
hetero_proportion: 	4:3:3
(0.4, 2, 2.120985)
Testing accuracy: 39.40
(0.4, 3, 2.646356)
Testing accuracy: 39.17
(0.4, 4, 4.64774)
Testing accuracy: 38.17
(0.66, 2, 5.159621)
Testing accuracy: 36.92
(0.66, 3, 5.528077)
Testing accuracy: 37.43
(0.66, 4, 6.945581)
Testing accuracy: 37.61
(1.0, 2, 11.424356)
Testing accuracy: 36.75

 36%|███▋      | 363/1000 [57:58<1:43:23,  9.74s/it]********************************************************************************
Round 363
this epoch cost time:0.6616032123565674
this epoch choose: [93, 92, 22, 88, 43, 74, 64, 67, 41, 69]
this epoch dispatch models: [1 5 0 5 2 6 4 4 0 2]
this epoch received models: [np.int64(1), np.int64(5), np.int64(0), np.int64(5), np.int64(2), np.int64(6), np.int64(4), np.int64(4), np.int64(0), np.int64(2)]
hetero_proportion: 	4:3:3
(0.4, 2, 2.120985)
Testing accuracy: 39.65
(0.4, 3, 2.646356)
Testing accuracy: 39.06
(0.4, 4, 4.64774)
Testing accuracy: 38.40
(0.66, 2, 5.159621)
Testing accuracy: 36.59
(0.66, 3, 5.528077)
Testing accuracy: 37.25
(0.66, 4, 6.945581)
Testing accuracy: 37.64
(1.0, 2, 11.424356)
Testing accuracy: 36.48

 36%|███▋      | 364/1000 [58:07<1:41:44,  9.60s/it]********************************************************************************
Round 364
this epoch cost time:0.6344513893127441
this epoch choose: [81, 92, 86, 35, 76, 52, 20, 21, 68, 50]
this epoch dispatch models: [1 6 6 2 6 5 0 2 0 5]
this epoch received models: [np.int64(1), np.int64(6), np.int64(6), np.int64(2), np.int64(6), np.int64(5), np.int64(0), np.int64(2), np.int64(0), np.int64(5)]
hetero_proportion: 	4:3:3
(0.4, 2, 2.120985)
Testing accuracy: 39.83
(0.4, 3, 2.646356)
Testing accuracy: 39.02
(0.4, 4, 4.64774)
Testing accuracy: 38.10
(0.66, 2, 5.159621)
Testing accuracy: 36.76
(0.66, 3, 5.528077)
Testing accuracy: 37.07
(0.66, 4, 6.945581)
Testing accuracy: 37.60
(1.0, 2, 11.424356)
Testing accuracy: 36.38

 36%|███▋      | 365/1000 [58:17<1:41:44,  9.61s/it]********************************************************************************
Round 365
this epoch cost time:0.6157376766204834
this epoch choose: [18, 15, 68, 88, 66, 16, 55, 48, 94, 61]
this epoch dispatch models: [1 0 3 6 1 2 0 3 3 4]
this epoch received models: [np.int64(1), np.int64(0), np.int64(3), np.int64(6), np.int64(1), np.int64(2), np.int64(0), np.int64(3), np.int64(3), np.int64(4)]
hetero_proportion: 	4:3:3
(0.4, 2, 2.120985)
Testing accuracy: 39.72
(0.4, 3, 2.646356)
Testing accuracy: 39.04
(0.4, 4, 4.64774)
Testing accuracy: 38.08
(0.66, 2, 5.159621)
Testing accuracy: 36.39
(0.66, 3, 5.528077)
Testing accuracy: 37.04
(0.66, 4, 6.945581)
Testing accuracy: 37.44
(1.0, 2, 11.424356)
Testing accuracy: 36.51

 37%|███▋      | 366/1000 [58:26<1:41:24,  9.60s/it]********************************************************************************
Round 366
this epoch cost time:0.7541487216949463
this epoch choose: [77, 90, 93, 89, 83, 60, 76, 74, 2, 45]
this epoch dispatch models: [0 4 1 1 3 5 2 6 0 0]
this epoch received models: [np.int64(0), np.int64(4), np.int64(1), np.int64(1), np.int64(3), np.int64(5), np.int64(2), np.int64(6), np.int64(0), np.int64(0)]
hetero_proportion: 	4:3:3
(0.4, 2, 2.120985)
Testing accuracy: 39.26
(0.4, 3, 2.646356)
Testing accuracy: 38.94
(0.4, 4, 4.64774)
Testing accuracy: 38.20
(0.66, 2, 5.159621)
Testing accuracy: 36.69
(0.66, 3, 5.528077)
Testing accuracy: 36.75
(0.66, 4, 6.945581)
Testing accuracy: 37.32
(1.0, 2, 11.424356)
Testing accuracy: 36.41

 37%|███▋      | 367/1000 [58:36<1:41:25,  9.61s/it]********************************************************************************
Round 367
this epoch cost time:0.6807739734649658
this epoch choose: [99, 75, 28, 30, 92, 63, 75, 62, 4, 99]
this epoch dispatch models: [1 6 1 0 6 2 2 2 0 3]
this epoch received models: [np.int64(1), np.int64(6), np.int64(1), np.int64(0), np.int64(6), np.int64(2), np.int64(2), np.int64(2), np.int64(0), np.int64(3)]
hetero_proportion: 	4:3:3
(0.4, 2, 2.120985)
Testing accuracy: 39.37
(0.4, 3, 2.646356)
Testing accuracy: 38.30
(0.4, 4, 4.64774)
Testing accuracy: 37.47
(0.66, 2, 5.159621)
Testing accuracy: 36.44
(0.66, 3, 5.528077)
Testing accuracy: 36.70
(0.66, 4, 6.945581)
Testing accuracy: 36.80
(1.0, 2, 11.424356)
Testing accuracy: 35.75

 37%|███▋      | 368/1000 [58:45<1:41:34,  9.64s/it]********************************************************************************
Round 368
this epoch cost time:0.7815327644348145
this epoch choose: [83, 11, 48, 68, 60, 72, 49, 53, 63, 92]
this epoch dispatch models: [2 2 3 2 2 1 3 4 4 6]
this epoch received models: [np.int64(2), np.int64(2), np.int64(3), np.int64(2), np.int64(2), np.int64(1), np.int64(3), np.int64(4), np.int64(4), np.int64(6)]
hetero_proportion: 	4:3:3
(0.4, 2, 2.120985)
Testing accuracy: 39.20
(0.4, 3, 2.646356)
Testing accuracy: 38.58
(0.4, 4, 4.64774)
Testing accuracy: 38.04
(0.66, 2, 5.159621)
Testing accuracy: 36.37
(0.66, 3, 5.528077)
Testing accuracy: 36.66
(0.66, 4, 6.945581)
Testing accuracy: 37.05
(1.0, 2, 11.424356)
Testing accuracy: 35.97

 37%|███▋      | 369/1000 [58:56<1:42:47,  9.77s/it]********************************************************************************
Round 369
this epoch cost time:0.6349968910217285
this epoch choose: [74, 35, 97, 94, 62, 8, 49, 70, 3, 73]
this epoch dispatch models: [6 2 4 2 4 0 2 4 0 5]
this epoch received models: [np.int64(6), np.int64(2), np.int64(4), np.int64(2), np.int64(4), np.int64(0), np.int64(2), np.int64(4), np.int64(0), np.int64(5)]
hetero_proportion: 	4:3:3
(0.4, 2, 2.120985)
Testing accuracy: 39.71
(0.4, 3, 2.646356)
Testing accuracy: 38.79
(0.4, 4, 4.64774)
Testing accuracy: 38.13
(0.66, 2, 5.159621)
Testing accuracy: 36.50
(0.66, 3, 5.528077)
Testing accuracy: 36.68
(0.66, 4, 6.945581)
Testing accuracy: 37.04
(1.0, 2, 11.424356)
Testing accuracy: 35.99

 37%|███▋      | 370/1000 [59:06<1:43:44,  9.88s/it]********************************************************************************
Round 370
this epoch cost time:0.6612570285797119
this epoch choose: [59, 96, 52, 86, 55, 53, 88, 99, 0, 86]
this epoch dispatch models: [2 3 3 3 5 5 2 6 1 4]
this epoch received models: [np.int64(2), np.int64(3), np.int64(3), np.int64(3), np.int64(5), np.int64(5), np.int64(2), np.int64(6), np.int64(1), np.int64(4)]
hetero_proportion: 	4:3:3
(0.4, 2, 2.120985)
Testing accuracy: 39.49
(0.4, 3, 2.646356)
Testing accuracy: 39.15
(0.4, 4, 4.64774)
Testing accuracy: 38.10
(0.66, 2, 5.159621)
Testing accuracy: 36.67
(0.66, 3, 5.528077)
Testing accuracy: 36.89
(0.66, 4, 6.945581)
Testing accuracy: 37.18
(1.0, 2, 11.424356)
Testing accuracy: 36.10

 37%|███▋      | 371/1000 [59:16<1:43:39,  9.89s/it]********************************************************************************
Round 371
this epoch cost time:0.5692019462585449
this epoch choose: [89, 59, 42, 34, 92, 73, 52, 72, 91, 13]
this epoch dispatch models: [0 5 3 2 5 5 4 6 3 2]
this epoch received models: [np.int64(0), np.int64(5), np.int64(3), np.int64(2), np.int64(5), np.int64(5), np.int64(4), np.int64(6), np.int64(3), np.int64(2)]
hetero_proportion: 	4:3:3
(0.4, 2, 2.120985)
Testing accuracy: 39.52
(0.4, 3, 2.646356)
Testing accuracy: 39.01
(0.4, 4, 4.64774)
Testing accuracy: 38.21
(0.66, 2, 5.159621)
Testing accuracy: 36.80
(0.66, 3, 5.528077)
Testing accuracy: 37.20
(0.66, 4, 6.945581)
Testing accuracy: 37.29
(1.0, 2, 11.424356)
Testing accuracy: 36.21

 37%|███▋      | 372/1000 [59:25<1:41:33,  9.70s/it]********************************************************************************
Round 372
this epoch cost time:0.5953536033630371
this epoch choose: [92, 91, 89, 94, 47, 95, 65, 61, 13, 68]
this epoch dispatch models: [5 3 3 4 3 3 3 4 1 5]
this epoch received models: [np.int64(5), np.int64(3), np.int64(3), np.int64(4), np.int64(3), np.int64(3), np.int64(3), np.int64(4), np.int64(1), np.int64(5)]
hetero_proportion: 	4:3:3
(0.4, 2, 2.120985)
Testing accuracy: 39.47
(0.4, 3, 2.646356)
Testing accuracy: 38.57
(0.4, 4, 4.64774)
Testing accuracy: 37.99
(0.66, 2, 5.159621)
Testing accuracy: 36.92
(0.66, 3, 5.528077)
Testing accuracy: 36.77
(0.66, 4, 6.945581)
Testing accuracy: 37.48
(1.0, 2, 11.424356)
Testing accuracy: 36.26

 37%|███▋      | 373/1000 [59:34<1:40:50,  9.65s/it]********************************************************************************
Round 373
this epoch cost time:0.7341158390045166
this epoch choose: [85, 99, 73, 66, 85, 83, 61, 85, 57, 18]
this epoch dispatch models: [4 3 0 1 4 1 2 0 5 0]
this epoch received models: [np.int64(4), np.int64(3), np.int64(0), np.int64(1), np.int64(4), np.int64(1), np.int64(2), np.int64(0), np.int64(5), np.int64(0)]
hetero_proportion: 	4:3:3
(0.4, 2, 2.120985)
Testing accuracy: 39.28
(0.4, 3, 2.646356)
Testing accuracy: 38.46
(0.4, 4, 4.64774)
Testing accuracy: 37.53
(0.66, 2, 5.159621)
Testing accuracy: 36.49
(0.66, 3, 5.528077)
Testing accuracy: 36.49
(0.66, 4, 6.945581)
Testing accuracy: 36.44
(1.0, 2, 11.424356)
Testing accuracy: 35.40

 37%|███▋      | 374/1000 [59:45<1:42:45,  9.85s/it]********************************************************************************
Round 374
this epoch cost time:0.6499779224395752
this epoch choose: [67, 63, 81, 62, 99, 96, 64, 52, 67, 63]
this epoch dispatch models: [3 3 3 4 6 2 5 2 4 4]
this epoch received models: [np.int64(3), np.int64(3), np.int64(3), np.int64(4), np.int64(6), np.int64(2), np.int64(5), np.int64(2), np.int64(4), np.int64(4)]
hetero_proportion: 	4:3:3
(0.4, 2, 2.120985)
Testing accuracy: 39.53
(0.4, 3, 2.646356)
Testing accuracy: 38.55
(0.4, 4, 4.64774)
Testing accuracy: 37.71
(0.66, 2, 5.159621)
Testing accuracy: 36.40
(0.66, 3, 5.528077)
Testing accuracy: 36.61
(0.66, 4, 6.945581)
Testing accuracy: 36.79
(1.0, 2, 11.424356)
Testing accuracy: 35.98

 38%|███▊      | 375/1000 [59:55<1:42:23,  9.83s/it]********************************************************************************
Round 375
this epoch cost time:0.6032223701477051
this epoch choose: [75, 26, 25, 8, 18, 30, 77, 2, 30, 82]
this epoch dispatch models: [3 0 2 2 2 2 6 2 2 5]
this epoch received models: [np.int64(3), np.int64(0), np.int64(2), np.int64(2), np.int64(2), np.int64(2), np.int64(6), np.int64(2), np.int64(2), np.int64(5)]
hetero_proportion: 	4:3:3
(0.4, 2, 2.120985)
Testing accuracy: 39.50
(0.4, 3, 2.646356)
Testing accuracy: 38.67
(0.4, 4, 4.64774)
Testing accuracy: 37.98
(0.66, 2, 5.159621)
Testing accuracy: 37.22
(0.66, 3, 5.528077)
Testing accuracy: 37.21
(0.66, 4, 6.945581)
Testing accuracy: 37.33
(1.0, 2, 11.424356)
Testing accuracy: 36.54

 38%|███▊      | 376/1000 [1:00:05<1:44:31, 10.05s/it]********************************************************************************
Round 376
this epoch cost time:0.5844590663909912
this epoch choose: [50, 58, 90, 78, 56, 72, 46, 43, 51, 96]
this epoch dispatch models: [0 1 3 1 0 1 4 4 4 6]
this epoch received models: [np.int64(0), np.int64(1), np.int64(3), np.int64(1), np.int64(0), np.int64(1), np.int64(4), np.int64(4), np.int64(4), np.int64(6)]
hetero_proportion: 	4:3:3
(0.4, 2, 2.120985)
Testing accuracy: 39.68
(0.4, 3, 2.646356)
Testing accuracy: 38.83
(0.4, 4, 4.64774)
Testing accuracy: 37.77
(0.66, 2, 5.159621)
Testing accuracy: 37.26
(0.66, 3, 5.528077)
Testing accuracy: 37.19
(0.66, 4, 6.945581)
Testing accuracy: 37.13
(1.0, 2, 11.424356)
Testing accuracy: 36.21

 38%|███▊      | 377/1000 [1:00:14<1:41:44,  9.80s/it]********************************************************************************
Round 377
this epoch cost time:0.6551172733306885
this epoch choose: [67, 0, 71, 55, 97, 95, 57, 66, 48, 30]
this epoch dispatch models: [2 1 6 1 6 6 3 5 5 0]
this epoch received models: [np.int64(2), np.int64(1), np.int64(6), np.int64(1), np.int64(6), np.int64(6), np.int64(3), np.int64(5), np.int64(5), np.int64(0)]
hetero_proportion: 	4:3:3
(0.4, 2, 2.120985)
Testing accuracy: 39.08
(0.4, 3, 2.646356)
Testing accuracy: 38.83
(0.4, 4, 4.64774)
Testing accuracy: 37.76
(0.66, 2, 5.159621)
Testing accuracy: 36.70
(0.66, 3, 5.528077)
Testing accuracy: 36.88
(0.66, 4, 6.945581)
Testing accuracy: 36.93
(1.0, 2, 11.424356)
Testing accuracy: 36.10

 38%|███▊      | 378/1000 [1:00:24<1:40:51,  9.73s/it]********************************************************************************
Round 378
this epoch cost time:0.6152222156524658
this epoch choose: [88, 98, 82, 47, 53, 99, 61, 77, 87, 43]
this epoch dispatch models: [2 2 4 0 2 2 5 5 4 4]
this epoch received models: [np.int64(2), np.int64(2), np.int64(4), np.int64(0), np.int64(2), np.int64(2), np.int64(5), np.int64(5), np.int64(4), np.int64(4)]
hetero_proportion: 	4:3:3
(0.4, 2, 2.120985)
Testing accuracy: 39.60
(0.4, 3, 2.646356)
Testing accuracy: 38.84
(0.4, 4, 4.64774)
Testing accuracy: 37.97
(0.66, 2, 5.159621)
Testing accuracy: 36.93
(0.66, 3, 5.528077)
Testing accuracy: 37.05
(0.66, 4, 6.945581)
Testing accuracy: 37.23
(1.0, 2, 11.424356)
Testing accuracy: 36.24

 38%|███▊      | 379/1000 [1:00:34<1:42:45,  9.93s/it]********************************************************************************
Round 379
this epoch cost time:0.5434770584106445
this epoch choose: [64, 58, 16, 88, 66, 46, 74, 43, 44, 15]
this epoch dispatch models: [0 1 0 2 2 0 1 5 1 1]
this epoch received models: [np.int64(0), np.int64(1), np.int64(0), np.int64(2), np.int64(2), np.int64(0), np.int64(1), np.int64(5), np.int64(1), np.int64(1)]
hetero_proportion: 	4:3:3
(0.4, 2, 2.120985)
Testing accuracy: 39.29
(0.4, 3, 2.646356)
Testing accuracy: 39.15
(0.4, 4, 4.64774)
Testing accuracy: 38.18
(0.66, 2, 5.159621)
Testing accuracy: 36.77
(0.66, 3, 5.528077)
Testing accuracy: 37.39
(0.66, 4, 6.945581)
Testing accuracy: 37.28
(1.0, 2, 11.424356)
Testing accuracy: 36.53

 38%|███▊      | 380/1000 [1:00:44<1:42:05,  9.88s/it]********************************************************************************
Round 380
this epoch cost time:0.6539087295532227
this epoch choose: [96, 31, 80, 80, 15, 55, 19, 2, 46, 48]
this epoch dispatch models: [6 2 3 3 2 0 0 1 2 5]
this epoch received models: [np.int64(6), np.int64(2), np.int64(3), np.int64(3), np.int64(2), np.int64(0), np.int64(0), np.int64(1), np.int64(2), np.int64(5)]
hetero_proportion: 	4:3:3
(0.4, 2, 2.120985)
Testing accuracy: 39.21
(0.4, 3, 2.646356)
Testing accuracy: 38.79
(0.4, 4, 4.64774)
Testing accuracy: 38.20
(0.66, 2, 5.159621)
Testing accuracy: 36.74
(0.66, 3, 5.528077)
Testing accuracy: 37.20
(0.66, 4, 6.945581)
Testing accuracy: 37.22
(1.0, 2, 11.424356)
Testing accuracy: 36.45

 38%|███▊      | 381/1000 [1:00:54<1:42:34,  9.94s/it]********************************************************************************
Round 381
this epoch cost time:0.6909136772155762
this epoch choose: [19, 58, 41, 70, 80, 41, 70, 44, 88, 90]
this epoch dispatch models: [0 5 5 3 4 4 3 3 5 3]
this epoch received models: [np.int64(0), np.int64(5), np.int64(5), np.int64(3), np.int64(4), np.int64(4), np.int64(3), np.int64(3), np.int64(5), np.int64(3)]
hetero_proportion: 	4:3:3
(0.4, 2, 2.120985)
Testing accuracy: 39.25
(0.4, 3, 2.646356)
Testing accuracy: 38.62
(0.4, 4, 4.64774)
Testing accuracy: 38.16
(0.66, 2, 5.159621)
Testing accuracy: 37.00
(0.66, 3, 5.528077)
Testing accuracy: 37.25
(0.66, 4, 6.945581)
Testing accuracy: 37.34
(1.0, 2, 11.424356)
Testing accuracy: 36.72

 38%|███▊      | 382/1000 [1:01:05<1:43:57, 10.09s/it]********************************************************************************
Round 382
this epoch cost time:0.8413856029510498
this epoch choose: [88, 83, 11, 60, 69, 77, 72, 12, 48, 87]
this epoch dispatch models: [6 6 0 0 2 1 5 0 3 6]
this epoch received models: [np.int64(6), np.int64(6), np.int64(0), np.int64(0), np.int64(2), np.int64(1), np.int64(5), np.int64(0), np.int64(3), np.int64(6)]
hetero_proportion: 	4:3:3
(0.4, 2, 2.120985)
Testing accuracy: 39.13
(0.4, 3, 2.646356)
Testing accuracy: 38.93
(0.4, 4, 4.64774)
Testing accuracy: 37.91
(0.66, 2, 5.159621)
Testing accuracy: 36.56
(0.66, 3, 5.528077)
Testing accuracy: 37.08
(0.66, 4, 6.945581)
Testing accuracy: 37.06
(1.0, 2, 11.424356)
Testing accuracy: 36.18

 38%|███▊      | 383/1000 [1:01:15<1:45:33, 10.26s/it]********************************************************************************
Round 383
this epoch cost time:0.7167832851409912
this epoch choose: [86, 90, 82, 81, 89, 87, 66, 30, 99, 73]
this epoch dispatch models: [2 2 6 5 6 6 5 1 6 4]
this epoch received models: [np.int64(2), np.int64(2), np.int64(6), np.int64(5), np.int64(6), np.int64(6), np.int64(5), np.int64(1), np.int64(6), np.int64(4)]
hetero_proportion: 	4:3:3
(0.4, 2, 2.120985)
Testing accuracy: 39.45
(0.4, 3, 2.646356)
Testing accuracy: 38.86
(0.4, 4, 4.64774)
Testing accuracy: 37.90
(0.66, 2, 5.159621)
Testing accuracy: 36.81
(0.66, 3, 5.528077)
Testing accuracy: 37.33
(0.66, 4, 6.945581)
Testing accuracy: 37.30
(1.0, 2, 11.424356)
Testing accuracy: 36.38

 38%|███▊      | 384/1000 [1:01:25<1:44:14, 10.15s/it]********************************************************************************
Round 384
this epoch cost time:0.6560099124908447
this epoch choose: [48, 70, 93, 93, 60, 68, 14, 44, 26, 75]
this epoch dispatch models: [0 5 4 1 4 4 2 3 0 2]
this epoch received models: [np.int64(0), np.int64(5), np.int64(4), np.int64(1), np.int64(4), np.int64(4), np.int64(2), np.int64(3), np.int64(0), np.int64(2)]
hetero_proportion: 	4:3:3
(0.4, 2, 2.120985)
Testing accuracy: 39.27
(0.4, 3, 2.646356)
Testing accuracy: 38.79
(0.4, 4, 4.64774)
Testing accuracy: 37.92
(0.66, 2, 5.159621)
Testing accuracy: 36.86
(0.66, 3, 5.528077)
Testing accuracy: 37.24
(0.66, 4, 6.945581)
Testing accuracy: 37.30
(1.0, 2, 11.424356)
Testing accuracy: 36.51

 38%|███▊      | 385/1000 [1:01:35<1:42:52, 10.04s/it]********************************************************************************
Round 385
this epoch cost time:0.6041748523712158
this epoch choose: [78, 95, 89, 63, 46, 12, 45, 46, 25, 47]
this epoch dispatch models: [0 3 2 5 5 1 2 4 0 3]
this epoch received models: [np.int64(0), np.int64(3), np.int64(2), np.int64(5), np.int64(5), np.int64(1), np.int64(2), np.int64(4), np.int64(0), np.int64(3)]
hetero_proportion: 	4:3:3
(0.4, 2, 2.120985)
Testing accuracy: 39.23
(0.4, 3, 2.646356)
Testing accuracy: 38.90
(0.4, 4, 4.64774)
Testing accuracy: 37.96
(0.66, 2, 5.159621)
Testing accuracy: 37.09
(0.66, 3, 5.528077)
Testing accuracy: 37.49
(0.66, 4, 6.945581)
Testing accuracy: 37.39
(1.0, 2, 11.424356)
Testing accuracy: 36.34

 39%|███▊      | 386/1000 [1:01:44<1:40:49,  9.85s/it]********************************************************************************
Round 386
this epoch cost time:0.677605390548706
this epoch choose: [92, 83, 77, 11, 0, 86, 55, 30, 45, 39]
this epoch dispatch models: [6 0 5 1 1 6 2 1 5 1]
this epoch received models: [np.int64(6), np.int64(0), np.int64(5), np.int64(1), np.int64(1), np.int64(6), np.int64(2), np.int64(1), np.int64(5), np.int64(1)]
hetero_proportion: 	4:3:3
(0.4, 2, 2.120985)
Testing accuracy: 39.06
(0.4, 3, 2.646356)
Testing accuracy: 38.70
(0.4, 4, 4.64774)
Testing accuracy: 37.90
(0.66, 2, 5.159621)
Testing accuracy: 37.08
(0.66, 3, 5.528077)
Testing accuracy: 37.68
(0.66, 4, 6.945581)
Testing accuracy: 37.72
(1.0, 2, 11.424356)
Testing accuracy: 36.74

 39%|███▊      | 387/1000 [1:01:55<1:42:55, 10.07s/it]********************************************************************************
Round 387
this epoch cost time:0.6502211093902588
this epoch choose: [62, 78, 43, 76, 67, 75, 59, 50, 80, 42]
this epoch dispatch models: [2 0 3 5 5 4 5 0 1 5]
this epoch received models: [np.int64(2), np.int64(0), np.int64(3), np.int64(5), np.int64(5), np.int64(4), np.int64(5), np.int64(0), np.int64(1), np.int64(5)]
hetero_proportion: 	4:3:3
(0.4, 2, 2.120985)
Testing accuracy: 39.09
(0.4, 3, 2.646356)
Testing accuracy: 38.78
(0.4, 4, 4.64774)
Testing accuracy: 38.26
(0.66, 2, 5.159621)
Testing accuracy: 36.91
(0.66, 3, 5.528077)
Testing accuracy: 37.25
(0.66, 4, 6.945581)
Testing accuracy: 37.37
(1.0, 2, 11.424356)
Testing accuracy: 36.67

 39%|███▉      | 388/1000 [1:02:04<1:40:47,  9.88s/it]********************************************************************************
Round 388
this epoch cost time:0.6567111015319824
this epoch choose: [82, 76, 3, 35, 79, 61, 68, 28, 57, 41]
this epoch dispatch models: [4 2 1 0 0 1 5 0 5 2]
this epoch received models: [np.int64(4), np.int64(2), np.int64(1), np.int64(0), np.int64(0), np.int64(1), np.int64(5), np.int64(0), np.int64(5), np.int64(2)]
hetero_proportion: 	4:3:3
(0.4, 2, 2.120985)
Testing accuracy: 39.47
(0.4, 3, 2.646356)
Testing accuracy: 39.03
(0.4, 4, 4.64774)
Testing accuracy: 38.15
(0.66, 2, 5.159621)
Testing accuracy: 36.93
(0.66, 3, 5.528077)
Testing accuracy: 37.47
(0.66, 4, 6.945581)
Testing accuracy: 37.24
(1.0, 2, 11.424356)
Testing accuracy: 36.11

 39%|███▉      | 389/1000 [1:02:15<1:41:38,  9.98s/it]********************************************************************************
Round 389
this epoch cost time:0.6373593807220459
this epoch choose: [89, 61, 56, 74, 43, 57, 72, 22, 87, 90]
this epoch dispatch models: [3 0 2 3 5 4 3 2 3 2]
this epoch received models: [np.int64(3), np.int64(0), np.int64(2), np.int64(3), np.int64(5), np.int64(4), np.int64(3), np.int64(2), np.int64(3), np.int64(2)]
hetero_proportion: 	4:3:3
(0.4, 2, 2.120985)
Testing accuracy: 39.58
(0.4, 3, 2.646356)
Testing accuracy: 39.05
(0.4, 4, 4.64774)
Testing accuracy: 38.11
(0.66, 2, 5.159621)
Testing accuracy: 36.98
(0.66, 3, 5.528077)
Testing accuracy: 37.45
(0.66, 4, 6.945581)
Testing accuracy: 37.19
(1.0, 2, 11.424356)
Testing accuracy: 36.28

 39%|███▉      | 390/1000 [1:02:25<1:42:15, 10.06s/it]********************************************************************************
Round 390
this epoch cost time:0.6199829578399658
this epoch choose: [68, 58, 37, 77, 75, 23, 41, 86, 82, 50]
this epoch dispatch models: [5 1 1 4 1 2 0 6 4 2]
this epoch received models: [np.int64(5), np.int64(1), np.int64(1), np.int64(4), np.int64(1), np.int64(2), np.int64(0), np.int64(6), np.int64(4), np.int64(2)]
hetero_proportion: 	4:3:3
(0.4, 2, 2.120985)
Testing accuracy: 39.20
(0.4, 3, 2.646356)
Testing accuracy: 39.06
(0.4, 4, 4.64774)
Testing accuracy: 37.93
(0.66, 2, 5.159621)
Testing accuracy: 36.75
(0.66, 3, 5.528077)
Testing accuracy: 37.26
(0.66, 4, 6.945581)
Testing accuracy: 37.21
(1.0, 2, 11.424356)
Testing accuracy: 36.45

 39%|███▉      | 391/1000 [1:02:35<1:42:17, 10.08s/it]********************************************************************************
Round 391
this epoch cost time:0.6569745540618896
this epoch choose: [97, 91, 92, 52, 91, 75, 76, 50, 61, 94]
this epoch dispatch models: [0 6 6 2 6 5 0 2 0 6]
this epoch received models: [np.int64(0), np.int64(6), np.int64(6), np.int64(2), np.int64(6), np.int64(5), np.int64(0), np.int64(2), np.int64(0), np.int64(6)]
hetero_proportion: 	4:3:3
(0.4, 2, 2.120985)
Testing accuracy: 39.52
(0.4, 3, 2.646356)
Testing accuracy: 39.16
(0.4, 4, 4.64774)
Testing accuracy: 38.00
(0.66, 2, 5.159621)
Testing accuracy: 36.80
(0.66, 3, 5.528077)
Testing accuracy: 37.10
(0.66, 4, 6.945581)
Testing accuracy: 37.42
(1.0, 2, 11.424356)
Testing accuracy: 36.40

 39%|███▉      | 392/1000 [1:02:44<1:39:49,  9.85s/it]********************************************************************************
Round 392
this epoch cost time:0.7097866535186768
this epoch choose: [80, 54, 79, 2, 8, 18, 85, 14, 92, 46]
this epoch dispatch models: [5 5 6 1 0 1 6 0 5 1]
this epoch received models: [np.int64(5), np.int64(5), np.int64(6), np.int64(1), np.int64(0), np.int64(1), np.int64(6), np.int64(0), np.int64(5), np.int64(1)]
hetero_proportion: 	4:3:3
(0.4, 2, 2.120985)
Testing accuracy: 39.72
(0.4, 3, 2.646356)
Testing accuracy: 38.91
(0.4, 4, 4.64774)
Testing accuracy: 37.99
(0.66, 2, 5.159621)
Testing accuracy: 37.03
(0.66, 3, 5.528077)
Testing accuracy: 37.30
(0.66, 4, 6.945581)
Testing accuracy: 37.66
(1.0, 2, 11.424356)
Testing accuracy: 36.52

 39%|███▉      | 393/1000 [1:02:54<1:39:14,  9.81s/it]********************************************************************************
Round 393
this epoch cost time:0.6322271823883057
this epoch choose: [56, 97, 93, 59, 95, 69, 96, 38, 74, 13]
this epoch dispatch models: [5 6 3 4 6 1 4 0 6 1]
this epoch received models: [np.int64(5), np.int64(6), np.int64(3), np.int64(4), np.int64(6), np.int64(1), np.int64(4), np.int64(0), np.int64(6), np.int64(1)]
hetero_proportion: 	4:3:3
(0.4, 2, 2.120985)
Testing accuracy: 39.80
(0.4, 3, 2.646356)
Testing accuracy: 38.96
(0.4, 4, 4.64774)
Testing accuracy: 37.90
(0.66, 2, 5.159621)
Testing accuracy: 36.81
(0.66, 3, 5.528077)
Testing accuracy: 37.53
(0.66, 4, 6.945581)
Testing accuracy: 37.35
(1.0, 2, 11.424356)
Testing accuracy: 36.66

 39%|███▉      | 394/1000 [1:03:05<1:41:55, 10.09s/it]********************************************************************************
Round 394
this epoch cost time:0.6614923477172852
this epoch choose: [64, 48, 69, 97, 42, 68, 70, 86, 72, 99]
this epoch dispatch models: [2 5 3 6 5 4 3 3 2 6]
this epoch received models: [np.int64(2), np.int64(5), np.int64(3), np.int64(6), np.int64(5), np.int64(4), np.int64(3), np.int64(3), np.int64(2), np.int64(6)]
hetero_proportion: 	4:3:3
(0.4, 2, 2.120985)
Testing accuracy: 39.67
(0.4, 3, 2.646356)
Testing accuracy: 38.98
(0.4, 4, 4.64774)
Testing accuracy: 37.87
(0.66, 2, 5.159621)
Testing accuracy: 36.51
(0.66, 3, 5.528077)
Testing accuracy: 37.42
(0.66, 4, 6.945581)
Testing accuracy: 37.45
(1.0, 2, 11.424356)
Testing accuracy: 36.70

 40%|███▉      | 395/1000 [1:03:15<1:41:43, 10.09s/it]********************************************************************************
Round 395
this epoch cost time:0.7271020412445068
this epoch choose: [60, 69, 81, 48, 85, 70, 68, 52, 98, 57]
this epoch dispatch models: [4 2 6 3 4 6 2 5 1 5]
this epoch received models: [np.int64(4), np.int64(2), np.int64(6), np.int64(3), np.int64(4), np.int64(6), np.int64(2), np.int64(5), np.int64(1), np.int64(5)]
hetero_proportion: 	4:3:3
(0.4, 2, 2.120985)
Testing accuracy: 39.49
(0.4, 3, 2.646356)
Testing accuracy: 38.75
(0.4, 4, 4.64774)
Testing accuracy: 38.03
(0.66, 2, 5.159621)
Testing accuracy: 36.53
(0.66, 3, 5.528077)
Testing accuracy: 37.17
(0.66, 4, 6.945581)
Testing accuracy: 37.38
(1.0, 2, 11.424356)
Testing accuracy: 36.75

 40%|███▉      | 396/1000 [1:03:25<1:41:28, 10.08s/it]********************************************************************************
Round 396
this epoch cost time:0.5402717590332031
this epoch choose: [79, 95, 44, 59, 36, 40, 82, 78, 92, 64]
this epoch dispatch models: [4 6 3 2 0 5 0 6 2 2]
this epoch received models: [np.int64(4), np.int64(6), np.int64(3), np.int64(2), np.int64(0), np.int64(5), np.int64(0), np.int64(6), np.int64(2), np.int64(2)]
hetero_proportion: 	4:3:3
(0.4, 2, 2.120985)
Testing accuracy: 39.72
(0.4, 3, 2.646356)
Testing accuracy: 39.20
(0.4, 4, 4.64774)
Testing accuracy: 38.26
(0.66, 2, 5.159621)
Testing accuracy: 36.85
(0.66, 3, 5.528077)
Testing accuracy: 37.35
(0.66, 4, 6.945581)
Testing accuracy: 37.77
(1.0, 2, 11.424356)
Testing accuracy: 36.75

 40%|███▉      | 397/1000 [1:03:34<1:37:58,  9.75s/it]********************************************************************************
Round 397
this epoch cost time:0.8153011798858643
this epoch choose: [84, 2, 72, 65, 14, 46, 83, 60, 78, 89]
this epoch dispatch models: [4 0 1 5 2 5 5 3 5 6]
this epoch received models: [np.int64(4), np.int64(0), np.int64(1), np.int64(5), np.int64(2), np.int64(5), np.int64(5), np.int64(3), np.int64(5), np.int64(6)]
hetero_proportion: 	4:3:3
(0.4, 2, 2.120985)
Testing accuracy: 39.83
(0.4, 3, 2.646356)
Testing accuracy: 38.80
(0.4, 4, 4.64774)
Testing accuracy: 38.11
(0.66, 2, 5.159621)
Testing accuracy: 36.81
(0.66, 3, 5.528077)
Testing accuracy: 37.37
(0.66, 4, 6.945581)
Testing accuracy: 37.81
(1.0, 2, 11.424356)
Testing accuracy: 36.79

 40%|███▉      | 398/1000 [1:03:44<1:39:00,  9.87s/it]********************************************************************************
Round 398
this epoch cost time:0.6995589733123779
this epoch choose: [80, 89, 92, 73, 99, 96, 84, 45, 79, 71]
this epoch dispatch models: [4 1 6 1 4 4 6 4 4 3]
this epoch received models: [np.int64(4), np.int64(1), np.int64(6), np.int64(1), np.int64(4), np.int64(4), np.int64(6), np.int64(4), np.int64(4), np.int64(3)]
hetero_proportion: 	4:3:3
(0.4, 2, 2.120985)
Testing accuracy: 39.76
(0.4, 3, 2.646356)
Testing accuracy: 39.22
(0.4, 4, 4.64774)
Testing accuracy: 38.09
(0.66, 2, 5.159621)
Testing accuracy: 36.84
(0.66, 3, 5.528077)
Testing accuracy: 37.61
(0.66, 4, 6.945581)
Testing accuracy: 37.86
(1.0, 2, 11.424356)
Testing accuracy: 36.85

 40%|███▉      | 399/1000 [1:03:54<1:38:27,  9.83s/it]********************************************************************************
Round 399
this epoch cost time:0.5695996284484863
this epoch choose: [67, 61, 77, 95, 86, 5, 52, 21, 43, 79]
this epoch dispatch models: [0 5 5 4 2 2 4 0 3 4]
this epoch received models: [np.int64(0), np.int64(5), np.int64(5), np.int64(4), np.int64(2), np.int64(2), np.int64(4), np.int64(0), np.int64(3), np.int64(4)]
hetero_proportion: 	4:3:3
(0.4, 2, 2.120985)
Testing accuracy: 39.59
(0.4, 3, 2.646356)
Testing accuracy: 38.92
(0.4, 4, 4.64774)
Testing accuracy: 37.86
(0.66, 2, 5.159621)
Testing accuracy: 36.65
(0.66, 3, 5.528077)
Testing accuracy: 37.43
(0.66, 4, 6.945581)
Testing accuracy: 37.48
(1.0, 2, 11.424356)
Testing accuracy: 36.66

 40%|████      | 400/1000 [1:04:03<1:36:05,  9.61s/it]********************************************************************************
Round 400
this epoch cost time:0.5887184143066406
this epoch choose: [14, 91, 71, 15, 71, 73, 39, 88, 25, 20]
this epoch dispatch models: [1 4 6 0 0 5 1 4 1 1]
this epoch received models: [np.int64(1), np.int64(4), np.int64(6), np.int64(0), np.int64(0), np.int64(5), np.int64(1), np.int64(4), np.int64(1), np.int64(1)]
hetero_proportion: 	4:3:3
(0.4, 2, 2.120985)
Testing accuracy: 39.17
(0.4, 3, 2.646356)
Testing accuracy: 38.92
(0.4, 4, 4.64774)
Testing accuracy: 37.63
(0.66, 2, 5.159621)
Testing accuracy: 37.10
(0.66, 3, 5.528077)
Testing accuracy: 37.00
(0.66, 4, 6.945581)
Testing accuracy: 37.28
(1.0, 2, 11.424356)
Testing accuracy: 36.39

 40%|████      | 401/1000 [1:04:13<1:38:06,  9.83s/it]********************************************************************************
Round 401
this epoch cost time:0.5602695941925049
this epoch choose: [87, 19, 54, 27, 11, 64, 62, 88, 72, 67]
this epoch dispatch models: [6 0 3 0 1 2 4 0 1 4]
this epoch received models: [np.int64(6), np.int64(0), np.int64(3), np.int64(0), np.int64(1), np.int64(2), np.int64(4), np.int64(0), np.int64(1), np.int64(4)]
hetero_proportion: 	4:3:3
(0.4, 2, 2.120985)
Testing accuracy: 39.48
(0.4, 3, 2.646356)
Testing accuracy: 38.85
(0.4, 4, 4.64774)
Testing accuracy: 37.65
(0.66, 2, 5.159621)
Testing accuracy: 37.31
(0.66, 3, 5.528077)
Testing accuracy: 37.21
(0.66, 4, 6.945581)
Testing accuracy: 37.20
(1.0, 2, 11.424356)
Testing accuracy: 36.64

 40%|████      | 402/1000 [1:04:23<1:38:11,  9.85s/it]********************************************************************************
Round 402
this epoch cost time:0.6042587757110596
this epoch choose: [57, 79, 17, 36, 73, 95, 55, 8, 94, 76]
this epoch dispatch models: [3 3 0 0 0 6 5 2 5 2]
this epoch received models: [np.int64(3), np.int64(3), np.int64(0), np.int64(0), np.int64(0), np.int64(6), np.int64(5), np.int64(2), np.int64(5), np.int64(2)]
hetero_proportion: 	4:3:3
(0.4, 2, 2.120985)
Testing accuracy: 39.72
(0.4, 3, 2.646356)
Testing accuracy: 39.10
(0.4, 4, 4.64774)
Testing accuracy: 38.22
(0.66, 2, 5.159621)
Testing accuracy: 37.09
(0.66, 3, 5.528077)
Testing accuracy: 37.23
(0.66, 4, 6.945581)
Testing accuracy: 37.33
(1.0, 2, 11.424356)
Testing accuracy: 36.57

 40%|████      | 403/1000 [1:04:32<1:36:11,  9.67s/it]********************************************************************************
Round 403
this epoch cost time:0.6539936065673828
this epoch choose: [33, 43, 2, 67, 79, 36, 93, 70, 54, 55]
this epoch dispatch models: [1 3 2 3 3 2 4 5 2 2]
this epoch received models: [np.int64(1), np.int64(3), np.int64(2), np.int64(3), np.int64(3), np.int64(2), np.int64(4), np.int64(5), np.int64(2), np.int64(2)]
hetero_proportion: 	4:3:3
(0.4, 2, 2.120985)
Testing accuracy: 39.51
(0.4, 3, 2.646356)
Testing accuracy: 39.27
(0.4, 4, 4.64774)
Testing accuracy: 38.10
(0.66, 2, 5.159621)
Testing accuracy: 36.90
(0.66, 3, 5.528077)
Testing accuracy: 37.12
(0.66, 4, 6.945581)
Testing accuracy: 37.41
(1.0, 2, 11.424356)
Testing accuracy: 36.43

 40%|████      | 404/1000 [1:04:42<1:35:37,  9.63s/it]********************************************************************************
Round 404
this epoch cost time:0.8146753311157227
this epoch choose: [93, 91, 44, 23, 53, 89, 83, 4, 99, 80]
this epoch dispatch models: [5 4 4 1 4 4 5 2 5 4]
this epoch received models: [np.int64(5), np.int64(4), np.int64(4), np.int64(1), np.int64(4), np.int64(4), np.int64(5), np.int64(2), np.int64(5), np.int64(4)]
hetero_proportion: 	4:3:3
(0.4, 2, 2.120985)
Testing accuracy: 39.80
(0.4, 3, 2.646356)
Testing accuracy: 39.27
(0.4, 4, 4.64774)
Testing accuracy: 38.42
(0.66, 2, 5.159621)
Testing accuracy: 37.33
(0.66, 3, 5.528077)
Testing accuracy: 37.61
(0.66, 4, 6.945581)
Testing accuracy: 37.83
(1.0, 2, 11.424356)
Testing accuracy: 36.91

 40%|████      | 405/1000 [1:04:53<1:39:53, 10.07s/it]********************************************************************************
Round 405
this epoch cost time:0.6012222766876221
this epoch choose: [96, 54, 94, 66, 45, 45, 65, 98, 18, 51]
this epoch dispatch models: [0 2 3 3 1 0 1 4 1 5]
this epoch received models: [np.int64(0), np.int64(2), np.int64(3), np.int64(3), np.int64(1), np.int64(0), np.int64(1), np.int64(4), np.int64(1), np.int64(5)]
hetero_proportion: 	4:3:3
(0.4, 2, 2.120985)
Testing accuracy: 39.96
(0.4, 3, 2.646356)
Testing accuracy: 38.85
(0.4, 4, 4.64774)
Testing accuracy: 38.29
(0.66, 2, 5.159621)
Testing accuracy: 36.71
(0.66, 3, 5.528077)
Testing accuracy: 36.91
(0.66, 4, 6.945581)
Testing accuracy: 37.32
(1.0, 2, 11.424356)
Testing accuracy: 36.61

 41%|████      | 406/1000 [1:05:02<1:38:18,  9.93s/it]********************************************************************************
Round 406
this epoch cost time:0.6487071514129639
this epoch choose: [28, 77, 95, 7, 46, 72, 57, 41, 96, 53]
this epoch dispatch models: [1 6 6 2 2 6 0 2 6 5]
this epoch received models: [np.int64(1), np.int64(6), np.int64(6), np.int64(2), np.int64(2), np.int64(6), np.int64(0), np.int64(2), np.int64(6), np.int64(5)]
hetero_proportion: 	4:3:3
(0.4, 2, 2.120985)
Testing accuracy: 39.91
(0.4, 3, 2.646356)
Testing accuracy: 39.03
(0.4, 4, 4.64774)
Testing accuracy: 38.25
(0.66, 2, 5.159621)
Testing accuracy: 36.99
(0.66, 3, 5.528077)
Testing accuracy: 36.95
(0.66, 4, 6.945581)
Testing accuracy: 37.42
(1.0, 2, 11.424356)
Testing accuracy: 36.50

 41%|████      | 407/1000 [1:05:14<1:42:19, 10.35s/it]********************************************************************************
Round 407
this epoch cost time:0.786078691482544
this epoch choose: [77, 56, 19, 88, 90, 66, 64, 46, 61, 83]
this epoch dispatch models: [6 4 2 2 2 2 5 5 2 4]
this epoch received models: [np.int64(6), np.int64(4), np.int64(2), np.int64(2), np.int64(2), np.int64(2), np.int64(5), np.int64(5), np.int64(2), np.int64(4)]
hetero_proportion: 	4:3:3
(0.4, 2, 2.120985)
Testing accuracy: 39.67
(0.4, 3, 2.646356)
Testing accuracy: 39.19
(0.4, 4, 4.64774)
Testing accuracy: 38.24
(0.66, 2, 5.159621)
Testing accuracy: 37.06
(0.66, 3, 5.528077)
Testing accuracy: 37.26
(0.66, 4, 6.945581)
Testing accuracy: 37.81
(1.0, 2, 11.424356)
Testing accuracy: 36.74

 41%|████      | 408/1000 [1:05:25<1:43:29, 10.49s/it]********************************************************************************
Round 408
this epoch cost time:0.6562080383300781
this epoch choose: [86, 78, 40, 70, 39, 33, 99, 89, 37, 26]
this epoch dispatch models: [4 2 3 5 1 2 1 1 0 0]
this epoch received models: [np.int64(4), np.int64(2), np.int64(3), np.int64(5), np.int64(1), np.int64(2), np.int64(1), np.int64(1), np.int64(0), np.int64(0)]
hetero_proportion: 	4:3:3
(0.4, 2, 2.120985)
Testing accuracy: 39.48
(0.4, 3, 2.646356)
Testing accuracy: 39.09
(0.4, 4, 4.64774)
Testing accuracy: 38.60
(0.66, 2, 5.159621)
Testing accuracy: 36.87
(0.66, 3, 5.528077)
Testing accuracy: 37.32
(0.66, 4, 6.945581)
Testing accuracy: 37.55
(1.0, 2, 11.424356)
Testing accuracy: 36.54

 41%|████      | 409/1000 [1:05:33<1:37:14,  9.87s/it]********************************************************************************
Round 409
this epoch cost time:0.6928930282592773
this epoch choose: [91, 48, 84, 80, 48, 82, 42, 90, 89, 82]
this epoch dispatch models: [5 5 5 4 0 5 3 4 3 6]
this epoch received models: [np.int64(5), np.int64(5), np.int64(5), np.int64(4), np.int64(0), np.int64(5), np.int64(3), np.int64(4), np.int64(3), np.int64(6)]
hetero_proportion: 	4:3:3
(0.4, 2, 2.120985)
Testing accuracy: 39.31
(0.4, 3, 2.646356)
Testing accuracy: 38.84
(0.4, 4, 4.64774)
Testing accuracy: 38.25
(0.66, 2, 5.159621)
Testing accuracy: 36.79
(0.66, 3, 5.528077)
Testing accuracy: 37.34
(0.66, 4, 6.945581)
Testing accuracy: 37.63
(1.0, 2, 11.424356)
Testing accuracy: 36.51

 41%|████      | 410/1000 [1:05:44<1:40:20, 10.20s/it]********************************************************************************
Round 410
this epoch cost time:0.6568677425384521
this epoch choose: [69, 87, 3, 16, 54, 63, 82, 46, 96, 37]
this epoch dispatch models: [3 6 2 0 5 2 1 4 4 0]
this epoch received models: [np.int64(3), np.int64(6), np.int64(2), np.int64(0), np.int64(5), np.int64(2), np.int64(1), np.int64(4), np.int64(4), np.int64(0)]
hetero_proportion: 	4:3:3
(0.4, 2, 2.120985)
Testing accuracy: 39.18
(0.4, 3, 2.646356)
Testing accuracy: 38.87
(0.4, 4, 4.64774)
Testing accuracy: 38.68
(0.66, 2, 5.159621)
Testing accuracy: 36.85
(0.66, 3, 5.528077)
Testing accuracy: 37.35
(0.66, 4, 6.945581)
Testing accuracy: 37.59
(1.0, 2, 11.424356)
Testing accuracy: 36.66

 41%|████      | 411/1000 [1:05:54<1:40:38, 10.25s/it]********************************************************************************
Round 411
this epoch cost time:0.5331766605377197
this epoch choose: [89, 79, 55, 52, 66, 42, 12, 31, 31, 62]
this epoch dispatch models: [2 2 1 3 0 2 1 1 0 1]
this epoch received models: [np.int64(2), np.int64(2), np.int64(1), np.int64(3), np.int64(0), np.int64(2), np.int64(1), np.int64(1), np.int64(0), np.int64(1)]
hetero_proportion: 	4:3:3
(0.4, 2, 2.120985)
Testing accuracy: 39.09
(0.4, 3, 2.646356)
Testing accuracy: 39.00
(0.4, 4, 4.64774)
Testing accuracy: 38.17
(0.66, 2, 5.159621)
Testing accuracy: 36.49
(0.66, 3, 5.528077)
Testing accuracy: 36.92
(0.66, 4, 6.945581)
Testing accuracy: 37.50
(1.0, 2, 11.424356)
Testing accuracy: 36.87

 41%|████      | 412/1000 [1:06:05<1:40:45, 10.28s/it]********************************************************************************
Round 412
this epoch cost time:0.7282402515411377
this epoch choose: [76, 14, 22, 85, 81, 90, 82, 78, 81, 79]
this epoch dispatch models: [4 1 0 6 6 2 1 5 2 0]
this epoch received models: [np.int64(4), np.int64(1), np.int64(0), np.int64(6), np.int64(6), np.int64(2), np.int64(1), np.int64(5), np.int64(2), np.int64(0)]
hetero_proportion: 	4:3:3
(0.4, 2, 2.120985)
Testing accuracy: 38.99
(0.4, 3, 2.646356)
Testing accuracy: 38.86
(0.4, 4, 4.64774)
Testing accuracy: 37.91
(0.66, 2, 5.159621)
Testing accuracy: 36.50
(0.66, 3, 5.528077)
Testing accuracy: 37.17
(0.66, 4, 6.945581)
Testing accuracy: 37.11
(1.0, 2, 11.424356)
Testing accuracy: 36.56

 41%|████▏     | 413/1000 [1:06:14<1:38:27, 10.06s/it]********************************************************************************
Round 413
this epoch cost time:0.6139099597930908
this epoch choose: [67, 82, 70, 53, 96, 41, 90, 82, 18, 54]
this epoch dispatch models: [3 6 1 1 0 3 6 6 2 1]
this epoch received models: [np.int64(3), np.int64(6), np.int64(1), np.int64(1), np.int64(0), np.int64(3), np.int64(6), np.int64(6), np.int64(2), np.int64(1)]
hetero_proportion: 	4:3:3
(0.4, 2, 2.120985)
Testing accuracy: 39.30
(0.4, 3, 2.646356)
Testing accuracy: 38.80
(0.4, 4, 4.64774)
Testing accuracy: 37.76
(0.66, 2, 5.159621)
Testing accuracy: 36.37
(0.66, 3, 5.528077)
Testing accuracy: 36.93
(0.66, 4, 6.945581)
Testing accuracy: 36.91
(1.0, 2, 11.424356)
Testing accuracy: 36.38

 41%|████▏     | 414/1000 [1:06:24<1:35:55,  9.82s/it]********************************************************************************
Round 414
this epoch cost time:0.6229994297027588
this epoch choose: [74, 43, 58, 64, 78, 55, 81, 12, 52, 76]
this epoch dispatch models: [6 5 4 4 2 1 0 0 3 1]
this epoch received models: [np.int64(6), np.int64(5), np.int64(4), np.int64(4), np.int64(2), np.int64(1), np.int64(0), np.int64(0), np.int64(3), np.int64(1)]
hetero_proportion: 	4:3:3
(0.4, 2, 2.120985)
Testing accuracy: 38.79
(0.4, 3, 2.646356)
Testing accuracy: 38.36
(0.4, 4, 4.64774)
Testing accuracy: 37.52
(0.66, 2, 5.159621)
Testing accuracy: 36.13
(0.66, 3, 5.528077)
Testing accuracy: 36.48
(0.66, 4, 6.945581)
Testing accuracy: 36.79
(1.0, 2, 11.424356)
Testing accuracy: 36.33

 42%|████▏     | 415/1000 [1:06:33<1:34:22,  9.68s/it]********************************************************************************
Round 415
this epoch cost time:0.635455846786499
this epoch choose: [34, 70, 78, 67, 56, 72, 96, 89, 13, 60]
this epoch dispatch models: [2 4 4 5 5 5 6 5 0 3]
this epoch received models: [np.int64(2), np.int64(4), np.int64(4), np.int64(5), np.int64(5), np.int64(5), np.int64(6), np.int64(5), np.int64(0), np.int64(3)]
hetero_proportion: 	4:3:3
(0.4, 2, 2.120985)
Testing accuracy: 38.95
(0.4, 3, 2.646356)
Testing accuracy: 38.31
(0.4, 4, 4.64774)
Testing accuracy: 37.95
(0.66, 2, 5.159621)
Testing accuracy: 36.25
(0.66, 3, 5.528077)
Testing accuracy: 36.63
(0.66, 4, 6.945581)
Testing accuracy: 36.94
(1.0, 2, 11.424356)
Testing accuracy: 36.05

 42%|████▏     | 416/1000 [1:06:43<1:36:40,  9.93s/it]********************************************************************************
Round 416
this epoch cost time:0.6567339897155762
this epoch choose: [19, 71, 91, 68, 33, 86, 97, 86, 41, 87]
this epoch dispatch models: [2 1 1 0 2 0 3 0 5 6]
this epoch received models: [np.int64(2), np.int64(1), np.int64(1), np.int64(0), np.int64(2), np.int64(0), np.int64(3), np.int64(0), np.int64(5), np.int64(6)]
hetero_proportion: 	4:3:3
(0.4, 2, 2.120985)
Testing accuracy: 39.21
(0.4, 3, 2.646356)
Testing accuracy: 38.43
(0.4, 4, 4.64774)
Testing accuracy: 37.80
(0.66, 2, 5.159621)
Testing accuracy: 36.13
(0.66, 3, 5.528077)
Testing accuracy: 36.53
(0.66, 4, 6.945581)
Testing accuracy: 36.93
(1.0, 2, 11.424356)
Testing accuracy: 36.29

 42%|████▏     | 417/1000 [1:06:55<1:39:48, 10.27s/it]********************************************************************************
Round 417
this epoch cost time:0.7292561531066895
this epoch choose: [82, 93, 12, 89, 81, 84, 33, 96, 46, 36]
this epoch dispatch models: [5 0 2 4 6 6 1 0 5 2]
this epoch received models: [np.int64(5), np.int64(0), np.int64(2), np.int64(4), np.int64(6), np.int64(6), np.int64(1), np.int64(0), np.int64(5), np.int64(2)]
hetero_proportion: 	4:3:3
(0.4, 2, 2.120985)
Testing accuracy: 39.34
(0.4, 3, 2.646356)
Testing accuracy: 38.43
(0.4, 4, 4.64774)
Testing accuracy: 38.04
(0.66, 2, 5.159621)
Testing accuracy: 36.18
(0.66, 3, 5.528077)
Testing accuracy: 37.08
(0.66, 4, 6.945581)
Testing accuracy: 37.64
(1.0, 2, 11.424356)
Testing accuracy: 36.18

 42%|████▏     | 418/1000 [1:07:04<1:36:46,  9.98s/it]********************************************************************************
Round 418
this epoch cost time:0.6798028945922852
this epoch choose: [74, 95, 45, 66, 90, 48, 70, 61, 74, 86]
this epoch dispatch models: [6 6 3 5 1 2 6 2 2 3]
this epoch received models: [np.int64(6), np.int64(6), np.int64(3), np.int64(5), np.int64(1), np.int64(2), np.int64(6), np.int64(2), np.int64(2), np.int64(3)]
hetero_proportion: 	4:3:3
(0.4, 2, 2.120985)
Testing accuracy: 39.42
(0.4, 3, 2.646356)
Testing accuracy: 38.47
(0.4, 4, 4.64774)
Testing accuracy: 37.95
(0.66, 2, 5.159621)
Testing accuracy: 36.44
(0.66, 3, 5.528077)
Testing accuracy: 37.03
(0.66, 4, 6.945581)
Testing accuracy: 37.39
(1.0, 2, 11.424356)
Testing accuracy: 36.35

 42%|████▏     | 419/1000 [1:07:13<1:35:38,  9.88s/it]********************************************************************************
Round 419
this epoch cost time:0.6075496673583984
this epoch choose: [16, 99, 89, 75, 65, 71, 91, 93, 98, 29]
this epoch dispatch models: [2 2 3 3 4 4 5 5 1 0]
this epoch received models: [np.int64(2), np.int64(2), np.int64(3), np.int64(3), np.int64(4), np.int64(4), np.int64(5), np.int64(5), np.int64(1), np.int64(0)]
hetero_proportion: 	4:3:3
(0.4, 2, 2.120985)
Testing accuracy: 39.38
(0.4, 3, 2.646356)
Testing accuracy: 38.18
(0.4, 4, 4.64774)
Testing accuracy: 38.10
(0.66, 2, 5.159621)
Testing accuracy: 36.65
(0.66, 3, 5.528077)
Testing accuracy: 36.89
(0.66, 4, 6.945581)
Testing accuracy: 37.47
(1.0, 2, 11.424356)
Testing accuracy: 36.59

 42%|████▏     | 420/1000 [1:07:22<1:32:27,  9.56s/it]********************************************************************************
Round 420
this epoch cost time:0.7470624446868896
this epoch choose: [86, 70, 64, 7, 52, 89, 72, 55, 83, 42]
this epoch dispatch models: [6 6 4 0 1 6 6 3 3 4]
this epoch received models: [np.int64(6), np.int64(6), np.int64(4), np.int64(0), np.int64(1), np.int64(6), np.int64(6), np.int64(3), np.int64(3), np.int64(4)]
hetero_proportion: 	4:3:3
(0.4, 2, 2.120985)
Testing accuracy: 39.27
(0.4, 3, 2.646356)
Testing accuracy: 38.26
(0.4, 4, 4.64774)
Testing accuracy: 38.37
(0.66, 2, 5.159621)
Testing accuracy: 36.81
(0.66, 3, 5.528077)
Testing accuracy: 37.29
(0.66, 4, 6.945581)
Testing accuracy: 37.63
(1.0, 2, 11.424356)
Testing accuracy: 36.92

 42%|████▏     | 421/1000 [1:07:34<1:37:14, 10.08s/it]********************************************************************************
Round 421
this epoch cost time:0.4941389560699463
this epoch choose: [98, 84, 10, 37, 78, 42, 44, 98, 5, 44]
this epoch dispatch models: [6 6 0 2 2 3 2 2 0 3]
this epoch received models: [np.int64(6), np.int64(6), np.int64(0), np.int64(2), np.int64(2), np.int64(3), np.int64(2), np.int64(2), np.int64(0), np.int64(3)]
hetero_proportion: 	4:3:3
(0.4, 2, 2.120985)
Testing accuracy: 39.53
(0.4, 3, 2.646356)
Testing accuracy: 38.60
(0.4, 4, 4.64774)
Testing accuracy: 38.37
(0.66, 2, 5.159621)
Testing accuracy: 36.90
(0.66, 3, 5.528077)
Testing accuracy: 37.27
(0.66, 4, 6.945581)
Testing accuracy: 37.41
(1.0, 2, 11.424356)
Testing accuracy: 36.55

 42%|████▏     | 422/1000 [1:07:43<1:36:34, 10.03s/it]********************************************************************************
Round 422
this epoch cost time:0.5666408538818359
this epoch choose: [44, 96, 71, 74, 39, 62, 59, 45, 68, 60]
this epoch dispatch models: [3 6 6 2 0 3 4 5 2 0]
this epoch received models: [np.int64(3), np.int64(6), np.int64(6), np.int64(2), np.int64(0), np.int64(3), np.int64(4), np.int64(5), np.int64(2), np.int64(0)]
hetero_proportion: 	4:3:3
(0.4, 2, 2.120985)
Testing accuracy: 39.54
(0.4, 3, 2.646356)
Testing accuracy: 38.73
(0.4, 4, 4.64774)
Testing accuracy: 38.68
(0.66, 2, 5.159621)
Testing accuracy: 36.90
(0.66, 3, 5.528077)
Testing accuracy: 37.32
(0.66, 4, 6.945581)
Testing accuracy: 37.52
(1.0, 2, 11.424356)
Testing accuracy: 36.71

 42%|████▏     | 423/1000 [1:07:54<1:38:16, 10.22s/it]********************************************************************************
Round 423
this epoch cost time:0.6578302383422852
this epoch choose: [79, 62, 94, 60, 94, 98, 50, 80, 62, 98]
this epoch dispatch models: [5 3 5 3 5 0 4 2 3 6]
this epoch received models: [np.int64(5), np.int64(3), np.int64(5), np.int64(3), np.int64(5), np.int64(0), np.int64(4), np.int64(2), np.int64(3), np.int64(6)]
hetero_proportion: 	4:3:3
(0.4, 2, 2.120985)
Testing accuracy: 39.39
(0.4, 3, 2.646356)
Testing accuracy: 38.58
(0.4, 4, 4.64774)
Testing accuracy: 38.41
(0.66, 2, 5.159621)
Testing accuracy: 36.69
(0.66, 3, 5.528077)
Testing accuracy: 37.17
(0.66, 4, 6.945581)
Testing accuracy: 37.29
(1.0, 2, 11.424356)
Testing accuracy: 36.77

 42%|████▏     | 424/1000 [1:08:04<1:37:49, 10.19s/it]********************************************************************************
Round 424
this epoch cost time:0.6565649509429932
this epoch choose: [86, 31, 60, 78, 54, 77, 81, 98, 89, 53]
this epoch dispatch models: [6 2 5 4 4 6 1 2 2 5]
this epoch received models: [np.int64(6), np.int64(2), np.int64(5), np.int64(4), np.int64(4), np.int64(6), np.int64(1), np.int64(2), np.int64(2), np.int64(5)]
hetero_proportion: 	4:3:3
(0.4, 2, 2.120985)
Testing accuracy: 39.43
(0.4, 3, 2.646356)
Testing accuracy: 38.66
(0.4, 4, 4.64774)
Testing accuracy: 38.54
(0.66, 2, 5.159621)
Testing accuracy: 36.83
(0.66, 3, 5.528077)
Testing accuracy: 37.54
(0.66, 4, 6.945581)
Testing accuracy: 37.33
(1.0, 2, 11.424356)
Testing accuracy: 36.70

 42%|████▎     | 425/1000 [1:08:15<1:39:20, 10.37s/it]********************************************************************************
Round 425
this epoch cost time:0.6895394325256348
this epoch choose: [59, 39, 93, 68, 41, 91, 38, 77, 70, 91]
this epoch dispatch models: [3 0 3 1 2 0 1 5 6 6]
this epoch received models: [np.int64(3), np.int64(0), np.int64(3), np.int64(1), np.int64(2), np.int64(0), np.int64(1), np.int64(5), np.int64(6), np.int64(6)]
hetero_proportion: 	4:3:3
(0.4, 2, 2.120985)
Testing accuracy: 39.25
(0.4, 3, 2.646356)
Testing accuracy: 38.68
(0.4, 4, 4.64774)
Testing accuracy: 38.39
(0.66, 2, 5.159621)
Testing accuracy: 36.96
(0.66, 3, 5.528077)
Testing accuracy: 37.05
(0.66, 4, 6.945581)
Testing accuracy: 37.08
(1.0, 2, 11.424356)
Testing accuracy: 36.62

 43%|████▎     | 426/1000 [1:08:26<1:40:53, 10.55s/it]********************************************************************************
Round 426
this epoch cost time:0.5320281982421875
this epoch choose: [61, 32, 84, 29, 18, 30, 95, 50, 45, 33]
this epoch dispatch models: [2 2 0 0 0 2 3 3 4 2]
this epoch received models: [np.int64(2), np.int64(2), np.int64(0), np.int64(0), np.int64(0), np.int64(2), np.int64(3), np.int64(3), np.int64(4), np.int64(2)]
hetero_proportion: 	4:3:3
(0.4, 2, 2.120985)
Testing accuracy: 39.44
(0.4, 3, 2.646356)
Testing accuracy: 38.43
(0.4, 4, 4.64774)
Testing accuracy: 38.41
(0.66, 2, 5.159621)
Testing accuracy: 36.95
(0.66, 3, 5.528077)
Testing accuracy: 36.89
(0.66, 4, 6.945581)
Testing accuracy: 37.10
(1.0, 2, 11.424356)
Testing accuracy: 36.17

 43%|████▎     | 427/1000 [1:08:36<1:39:43, 10.44s/it]********************************************************************************
Round 427
this epoch cost time:0.5585823059082031
this epoch choose: [82, 25, 17, 50, 96, 87, 98, 79, 44, 60]
this epoch dispatch models: [6 0 2 3 6 6 3 1 3 4]
this epoch received models: [np.int64(6), np.int64(0), np.int64(2), np.int64(3), np.int64(6), np.int64(6), np.int64(3), np.int64(1), np.int64(3), np.int64(4)]
hetero_proportion: 	4:3:3
(0.4, 2, 2.120985)
Testing accuracy: 39.62
(0.4, 3, 2.646356)
Testing accuracy: 38.33
(0.4, 4, 4.64774)
Testing accuracy: 38.10
(0.66, 2, 5.159621)
Testing accuracy: 36.87
(0.66, 3, 5.528077)
Testing accuracy: 37.23
(0.66, 4, 6.945581)
Testing accuracy: 37.25
(1.0, 2, 11.424356)
Testing accuracy: 36.39

 43%|████▎     | 428/1000 [1:08:47<1:41:18, 10.63s/it]********************************************************************************
Round 428
this epoch cost time:0.6122243404388428
this epoch choose: [82, 90, 27, 50, 42, 57, 76, 82, 90, 14]
this epoch dispatch models: [6 1 0 4 4 2 6 6 3 1]
this epoch received models: [np.int64(6), np.int64(1), np.int64(0), np.int64(4), np.int64(4), np.int64(2), np.int64(6), np.int64(6), np.int64(3), np.int64(1)]
hetero_proportion: 	4:3:3
(0.4, 2, 2.120985)
Testing accuracy: 39.47
(0.4, 3, 2.646356)
Testing accuracy: 38.10
(0.4, 4, 4.64774)
Testing accuracy: 37.85
(0.66, 2, 5.159621)
Testing accuracy: 36.60
(0.66, 3, 5.528077)
Testing accuracy: 36.85
(0.66, 4, 6.945581)
Testing accuracy: 37.16
(1.0, 2, 11.424356)
Testing accuracy: 36.39

 43%|████▎     | 429/1000 [1:08:58<1:42:38, 10.78s/it]********************************************************************************
Round 429
this epoch cost time:0.6163699626922607
this epoch choose: [84, 98, 39, 98, 77, 93, 90, 37, 65, 90]
this epoch dispatch models: [3 6 1 0 6 6 6 0 2 5]
this epoch received models: [np.int64(3), np.int64(6), np.int64(1), np.int64(0), np.int64(6), np.int64(6), np.int64(6), np.int64(0), np.int64(2), np.int64(5)]
hetero_proportion: 	4:3:3
(0.4, 2, 2.120985)
Testing accuracy: 39.30
(0.4, 3, 2.646356)
Testing accuracy: 37.88
(0.4, 4, 4.64774)
Testing accuracy: 37.79
(0.66, 2, 5.159621)
Testing accuracy: 36.62
(0.66, 3, 5.528077)
Testing accuracy: 36.56
(0.66, 4, 6.945581)
Testing accuracy: 36.85
(1.0, 2, 11.424356)
Testing accuracy: 36.37

 43%|████▎     | 430/1000 [1:09:09<1:40:43, 10.60s/it]********************************************************************************
Round 430
this epoch cost time:0.6972689628601074
this epoch choose: [81, 57, 43, 45, 44, 44, 96, 29, 47, 67]
this epoch dispatch models: [4 2 2 5 3 5 6 2 3 2]
this epoch received models: [np.int64(4), np.int64(2), np.int64(2), np.int64(5), np.int64(3), np.int64(5), np.int64(6), np.int64(2), np.int64(3), np.int64(2)]
hetero_proportion: 	4:3:3
(0.4, 2, 2.120985)
Testing accuracy: 39.26
(0.4, 3, 2.646356)
Testing accuracy: 38.20
(0.4, 4, 4.64774)
Testing accuracy: 37.86
(0.66, 2, 5.159621)
Testing accuracy: 36.70
(0.66, 3, 5.528077)
Testing accuracy: 36.66
(0.66, 4, 6.945581)
Testing accuracy: 36.98
(1.0, 2, 11.424356)
Testing accuracy: 36.69

 43%|████▎     | 431/1000 [1:09:18<1:37:52, 10.32s/it]********************************************************************************
Round 431
this epoch cost time:0.711359977722168
this epoch choose: [59, 92, 92, 87, 69, 70, 78, 21, 69, 67]
this epoch dispatch models: [1 6 3 6 5 6 3 0 4 4]
this epoch received models: [np.int64(1), np.int64(6), np.int64(3), np.int64(6), np.int64(5), np.int64(6), np.int64(3), np.int64(0), np.int64(4), np.int64(4)]
hetero_proportion: 	4:3:3
(0.4, 2, 2.120985)
Testing accuracy: 39.36
(0.4, 3, 2.646356)
Testing accuracy: 38.44
(0.4, 4, 4.64774)
Testing accuracy: 37.93
(0.66, 2, 5.159621)
Testing accuracy: 36.85
(0.66, 3, 5.528077)
Testing accuracy: 37.09
(0.66, 4, 6.945581)
Testing accuracy: 37.39
(1.0, 2, 11.424356)
Testing accuracy: 36.92

 43%|████▎     | 432/1000 [1:09:28<1:35:44, 10.11s/it]********************************************************************************
Round 432
this epoch cost time:0.5883374214172363
this epoch choose: [69, 47, 24, 1, 77, 59, 27, 73, 78, 37]
this epoch dispatch models: [0 4 2 1 6 3 0 3 3 1]
this epoch received models: [np.int64(0), np.int64(4), np.int64(2), np.int64(1), np.int64(6), np.int64(3), np.int64(0), np.int64(3), np.int64(3), np.int64(1)]
hetero_proportion: 	4:3:3
(0.4, 2, 2.120985)
Testing accuracy: 39.41
(0.4, 3, 2.646356)
Testing accuracy: 38.40
(0.4, 4, 4.64774)
Testing accuracy: 38.02
(0.66, 2, 5.159621)
Testing accuracy: 36.83
(0.66, 3, 5.528077)
Testing accuracy: 37.15
(0.66, 4, 6.945581)
Testing accuracy: 37.57
(1.0, 2, 11.424356)
Testing accuracy: 37.09

 43%|████▎     | 433/1000 [1:09:37<1:32:22,  9.77s/it]********************************************************************************
Round 433
this epoch cost time:0.6715164184570312
this epoch choose: [98, 59, 56, 44, 57, 79, 71, 3, 1, 80]
this epoch dispatch models: [5 3 5 2 3 6 6 2 2 2]
this epoch received models: [np.int64(5), np.int64(3), np.int64(5), np.int64(2), np.int64(3), np.int64(6), np.int64(6), np.int64(2), np.int64(2), np.int64(2)]
hetero_proportion: 	4:3:3
(0.4, 2, 2.120985)
Testing accuracy: 39.48
(0.4, 3, 2.646356)
Testing accuracy: 38.28
(0.4, 4, 4.64774)
Testing accuracy: 38.27
(0.66, 2, 5.159621)
Testing accuracy: 36.85
(0.66, 3, 5.528077)
Testing accuracy: 37.26
(0.66, 4, 6.945581)
Testing accuracy: 37.55
(1.0, 2, 11.424356)
Testing accuracy: 37.13

 43%|████▎     | 434/1000 [1:09:47<1:32:11,  9.77s/it]********************************************************************************
Round 434
this epoch cost time:0.5689880847930908
this epoch choose: [99, 56, 5, 26, 44, 40, 57, 82, 38, 47]
this epoch dispatch models: [0 1 2 2 5 1 0 3 0 3]
this epoch received models: [np.int64(0), np.int64(1), np.int64(2), np.int64(2), np.int64(5), np.int64(1), np.int64(0), np.int64(3), np.int64(0), np.int64(3)]
hetero_proportion: 	4:3:3
(0.4, 2, 2.120985)
Testing accuracy: 39.57
(0.4, 3, 2.646356)
Testing accuracy: 38.37
(0.4, 4, 4.64774)
Testing accuracy: 37.93
(0.66, 2, 5.159621)
Testing accuracy: 36.62
(0.66, 3, 5.528077)
Testing accuracy: 36.78
(0.66, 4, 6.945581)
Testing accuracy: 37.31
(1.0, 2, 11.424356)
Testing accuracy: 36.35

 44%|████▎     | 435/1000 [1:09:56<1:30:01,  9.56s/it]********************************************************************************
Round 435
this epoch cost time:0.6739146709442139
this epoch choose: [31, 86, 95, 14, 52, 41, 52, 81, 17, 79]
this epoch dispatch models: [2 0 4 0 3 4 3 2 2 4]
this epoch received models: [np.int64(2), np.int64(0), np.int64(4), np.int64(0), np.int64(3), np.int64(4), np.int64(3), np.int64(2), np.int64(2), np.int64(4)]
hetero_proportion: 	4:3:3
(0.4, 2, 2.120985)
Testing accuracy: 39.63
(0.4, 3, 2.646356)
Testing accuracy: 38.07
(0.4, 4, 4.64774)
Testing accuracy: 37.91
(0.66, 2, 5.159621)
Testing accuracy: 36.54
(0.66, 3, 5.528077)
Testing accuracy: 36.85
(0.66, 4, 6.945581)
Testing accuracy: 37.12
(1.0, 2, 11.424356)
Testing accuracy: 36.40

 44%|████▎     | 436/1000 [1:10:05<1:29:25,  9.51s/it]********************************************************************************
Round 436
this epoch cost time:0.8231387138366699
this epoch choose: [89, 83, 85, 3, 56, 93, 41, 87, 29, 60]
this epoch dispatch models: [6 5 0 0 1 6 4 6 2 1]
this epoch received models: [np.int64(6), np.int64(5), np.int64(0), np.int64(0), np.int64(1), np.int64(6), np.int64(4), np.int64(6), np.int64(2), np.int64(1)]
hetero_proportion: 	4:3:3
(0.4, 2, 2.120985)
Testing accuracy: 39.75
(0.4, 3, 2.646356)
Testing accuracy: 38.42
(0.4, 4, 4.64774)
Testing accuracy: 37.74
(0.66, 2, 5.159621)
Testing accuracy: 36.62
(0.66, 3, 5.528077)
Testing accuracy: 37.11
(0.66, 4, 6.945581)
Testing accuracy: 37.30
(1.0, 2, 11.424356)
Testing accuracy: 36.35

 44%|████▎     | 437/1000 [1:10:14<1:28:50,  9.47s/it]********************************************************************************
Round 437
this epoch cost time:0.6772427558898926
this epoch choose: [22, 93, 68, 1, 77, 17, 8, 70, 95, 17]
this epoch dispatch models: [1 5 1 2 6 1 0 6 5 0]
this epoch received models: [np.int64(1), np.int64(5), np.int64(1), np.int64(2), np.int64(6), np.int64(1), np.int64(0), np.int64(6), np.int64(5), np.int64(0)]
hetero_proportion: 	4:3:3
(0.4, 2, 2.120985)
Testing accuracy: 39.75
(0.4, 3, 2.646356)
Testing accuracy: 38.31
(0.4, 4, 4.64774)
Testing accuracy: 37.72
(0.66, 2, 5.159621)
Testing accuracy: 36.79
(0.66, 3, 5.528077)
Testing accuracy: 36.88
(0.66, 4, 6.945581)
Testing accuracy: 36.71
(1.0, 2, 11.424356)
Testing accuracy: 36.24

 44%|████▍     | 438/1000 [1:10:24<1:28:06,  9.41s/it]********************************************************************************
Round 438
this epoch cost time:0.681572675704956
this epoch choose: [60, 99, 76, 10, 66, 69, 33, 24, 65, 70]
this epoch dispatch models: [3 6 3 2 2 1 1 0 4 6]
this epoch received models: [np.int64(3), np.int64(6), np.int64(3), np.int64(2), np.int64(2), np.int64(1), np.int64(1), np.int64(0), np.int64(4), np.int64(6)]
hetero_proportion: 	4:3:3
(0.4, 2, 2.120985)
Testing accuracy: 39.66
(0.4, 3, 2.646356)
Testing accuracy: 38.86
(0.4, 4, 4.64774)
Testing accuracy: 38.29
(0.66, 2, 5.159621)
Testing accuracy: 37.20
(0.66, 3, 5.528077)
Testing accuracy: 37.19
(0.66, 4, 6.945581)
Testing accuracy: 37.31
(1.0, 2, 11.424356)
Testing accuracy: 36.75

 44%|████▍     | 439/1000 [1:10:34<1:30:35,  9.69s/it]********************************************************************************
Round 439
this epoch cost time:0.6513745784759521
this epoch choose: [74, 57, 62, 56, 69, 49, 51, 67, 67, 87]
this epoch dispatch models: [5 5 5 4 0 2 2 0 1 6]
this epoch received models: [np.int64(5), np.int64(5), np.int64(5), np.int64(4), np.int64(0), np.int64(2), np.int64(2), np.int64(0), np.int64(1), np.int64(6)]
hetero_proportion: 	4:3:3
(0.4, 2, 2.120985)
Testing accuracy: 39.67
(0.4, 3, 2.646356)
Testing accuracy: 38.32
(0.4, 4, 4.64774)
Testing accuracy: 38.09
(0.66, 2, 5.159621)
Testing accuracy: 36.52
(0.66, 3, 5.528077)
Testing accuracy: 36.97
(0.66, 4, 6.945581)
Testing accuracy: 37.08
(1.0, 2, 11.424356)
Testing accuracy: 36.38

 44%|████▍     | 440/1000 [1:10:44<1:30:24,  9.69s/it]********************************************************************************
Round 440
this epoch cost time:0.7073931694030762
this epoch choose: [69, 57, 11, 75, 97, 70, 72, 65, 17, 98]
this epoch dispatch models: [5 3 1 6 2 4 2 5 0 6]
this epoch received models: [np.int64(5), np.int64(3), np.int64(1), np.int64(6), np.int64(2), np.int64(4), np.int64(2), np.int64(5), np.int64(0), np.int64(6)]
hetero_proportion: 	4:3:3
(0.4, 2, 2.120985)
Testing accuracy: 39.31
(0.4, 3, 2.646356)
Testing accuracy: 38.47
(0.4, 4, 4.64774)
Testing accuracy: 38.19
(0.66, 2, 5.159621)
Testing accuracy: 36.59
(0.66, 3, 5.528077)
Testing accuracy: 37.20
(0.66, 4, 6.945581)
Testing accuracy: 37.55
(1.0, 2, 11.424356)
Testing accuracy: 36.58

 44%|████▍     | 441/1000 [1:10:54<1:31:27,  9.82s/it]********************************************************************************
Round 441
this epoch cost time:0.6550252437591553
this epoch choose: [79, 53, 73, 41, 73, 71, 94, 60, 49, 54]
this epoch dispatch models: [5 5 3 5 4 6 4 5 4 5]
this epoch received models: [np.int64(5), np.int64(5), np.int64(3), np.int64(5), np.int64(4), np.int64(6), np.int64(4), np.int64(5), np.int64(4), np.int64(5)]
hetero_proportion: 	4:3:3
(0.4, 2, 2.120985)
Testing accuracy: 39.58
(0.4, 3, 2.646356)
Testing accuracy: 38.59
(0.4, 4, 4.64774)
Testing accuracy: 38.15
(0.66, 2, 5.159621)
Testing accuracy: 36.86
(0.66, 3, 5.528077)
Testing accuracy: 37.20
(0.66, 4, 6.945581)
Testing accuracy: 37.45
(1.0, 2, 11.424356)
Testing accuracy: 36.71

 44%|████▍     | 442/1000 [1:11:05<1:35:14, 10.24s/it]********************************************************************************
Round 442
this epoch cost time:0.5047295093536377
this epoch choose: [60, 82, 5, 52, 93, 93, 77, 60, 93, 72]
this epoch dispatch models: [5 6 0 1 2 5 5 2 3 5]
this epoch received models: [np.int64(5), np.int64(6), np.int64(0), np.int64(1), np.int64(2), np.int64(5), np.int64(5), np.int64(2), np.int64(3), np.int64(5)]
hetero_proportion: 	4:3:3
(0.4, 2, 2.120985)
Testing accuracy: 39.66
(0.4, 3, 2.646356)
Testing accuracy: 38.33
(0.4, 4, 4.64774)
Testing accuracy: 37.98
(0.66, 2, 5.159621)
Testing accuracy: 36.57
(0.66, 3, 5.528077)
Testing accuracy: 36.73
(0.66, 4, 6.945581)
Testing accuracy: 37.08
(1.0, 2, 11.424356)
Testing accuracy: 36.34

 44%|████▍     | 443/1000 [1:11:13<1:29:53,  9.68s/it]********************************************************************************
Round 443
this epoch cost time:0.6670107841491699
this epoch choose: [98, 8, 88, 4, 16, 75, 66, 74, 64, 69]
this epoch dispatch models: [6 1 0 2 2 4 4 4 3 2]
this epoch received models: [np.int64(6), np.int64(1), np.int64(0), np.int64(2), np.int64(2), np.int64(4), np.int64(4), np.int64(4), np.int64(3), np.int64(2)]
hetero_proportion: 	4:3:3
(0.4, 2, 2.120985)
Testing accuracy: 39.46
(0.4, 3, 2.646356)
Testing accuracy: 38.43
(0.4, 4, 4.64774)
Testing accuracy: 38.33
(0.66, 2, 5.159621)
Testing accuracy: 36.73
(0.66, 3, 5.528077)
Testing accuracy: 36.88
(0.66, 4, 6.945581)
Testing accuracy: 37.28
(1.0, 2, 11.424356)
Testing accuracy: 36.61

 44%|████▍     | 444/1000 [1:11:24<1:30:57,  9.82s/it]********************************************************************************
Round 444
this epoch cost time:0.6058838367462158
this epoch choose: [57, 75, 42, 27, 24, 79, 85, 48, 38, 99]
this epoch dispatch models: [3 0 4 2 2 6 3 1 2 6]
this epoch received models: [np.int64(3), np.int64(0), np.int64(4), np.int64(2), np.int64(2), np.int64(6), np.int64(3), np.int64(1), np.int64(2), np.int64(6)]
hetero_proportion: 	4:3:3
(0.4, 2, 2.120985)
Testing accuracy: 39.60
(0.4, 3, 2.646356)
Testing accuracy: 38.39
(0.4, 4, 4.64774)
Testing accuracy: 38.23
(0.66, 2, 5.159621)
Testing accuracy: 36.59
(0.66, 3, 5.528077)
Testing accuracy: 37.27
(0.66, 4, 6.945581)
Testing accuracy: 37.54
(1.0, 2, 11.424356)
Testing accuracy: 36.62

 44%|████▍     | 445/1000 [1:11:34<1:31:22,  9.88s/it]********************************************************************************
Round 445
this epoch cost time:0.6501822471618652
this epoch choose: [73, 41, 99, 76, 57, 52, 87, 73, 94, 74]
this epoch dispatch models: [5 3 3 4 4 5 6 5 0 5]
this epoch received models: [np.int64(5), np.int64(3), np.int64(3), np.int64(4), np.int64(4), np.int64(5), np.int64(6), np.int64(5), np.int64(0), np.int64(5)]
hetero_proportion: 	4:3:3
(0.4, 2, 2.120985)
Testing accuracy: 39.71
(0.4, 3, 2.646356)
Testing accuracy: 38.54
(0.4, 4, 4.64774)
Testing accuracy: 38.52
(0.66, 2, 5.159621)
Testing accuracy: 36.78
(0.66, 3, 5.528077)
Testing accuracy: 37.13
(0.66, 4, 6.945581)
Testing accuracy: 37.49
(1.0, 2, 11.424356)
Testing accuracy: 36.79

 45%|████▍     | 446/1000 [1:11:43<1:30:24,  9.79s/it]********************************************************************************
Round 446
this epoch cost time:0.5967483520507812
this epoch choose: [96, 50, 54, 11, 26, 61, 21, 43, 84, 93]
this epoch dispatch models: [4 5 5 0 2 2 1 5 1 5]
this epoch received models: [np.int64(4), np.int64(5), np.int64(5), np.int64(0), np.int64(2), np.int64(2), np.int64(1), np.int64(5), np.int64(1), np.int64(5)]
hetero_proportion: 	4:3:3
(0.4, 2, 2.120985)
Testing accuracy: 39.76
(0.4, 3, 2.646356)
Testing accuracy: 38.42
(0.4, 4, 4.64774)
Testing accuracy: 38.51
(0.66, 2, 5.159621)
Testing accuracy: 37.05
(0.66, 3, 5.528077)
Testing accuracy: 37.34
(0.66, 4, 6.945581)
Testing accuracy: 37.61
(1.0, 2, 11.424356)
Testing accuracy: 36.69

 45%|████▍     | 447/1000 [1:11:53<1:29:11,  9.68s/it]********************************************************************************
Round 447
this epoch cost time:0.5575661659240723
this epoch choose: [65, 96, 58, 40, 19, 95, 73, 93, 5, 90]
this epoch dispatch models: [5 4 5 3 2 6 6 3 1 1]
this epoch received models: [np.int64(5), np.int64(4), np.int64(5), np.int64(3), np.int64(2), np.int64(6), np.int64(6), np.int64(3), np.int64(1), np.int64(1)]
hetero_proportion: 	4:3:3
(0.4, 2, 2.120985)
Testing accuracy: 39.63
(0.4, 3, 2.646356)
Testing accuracy: 38.42
(0.4, 4, 4.64774)
Testing accuracy: 38.00
(0.66, 2, 5.159621)
Testing accuracy: 37.07
(0.66, 3, 5.528077)
Testing accuracy: 37.25
(0.66, 4, 6.945581)
Testing accuracy: 37.41
(1.0, 2, 11.424356)
Testing accuracy: 36.14

 45%|████▍     | 448/1000 [1:12:02<1:27:39,  9.53s/it]********************************************************************************
Round 448
this epoch cost time:0.8412084579467773
this epoch choose: [77, 83, 60, 22, 27, 76, 69, 95, 82, 99]
this epoch dispatch models: [3 6 0 2 1 5 4 6 4 6]
this epoch received models: [np.int64(3), np.int64(6), np.int64(0), np.int64(2), np.int64(1), np.int64(5), np.int64(4), np.int64(6), np.int64(4), np.int64(6)]
hetero_proportion: 	4:3:3
(0.4, 2, 2.120985)
Testing accuracy: 39.82
(0.4, 3, 2.646356)
Testing accuracy: 38.61
(0.4, 4, 4.64774)
Testing accuracy: 38.32
(0.66, 2, 5.159621)
Testing accuracy: 37.03
(0.66, 3, 5.528077)
Testing accuracy: 37.08
(0.66, 4, 6.945581)
Testing accuracy: 37.42
(1.0, 2, 11.424356)
Testing accuracy: 36.58

 45%|████▍     | 449/1000 [1:12:12<1:28:58,  9.69s/it]********************************************************************************
Round 449
this epoch cost time:0.6339917182922363
this epoch choose: [46, 95, 91, 82, 28, 44, 48, 43, 64, 60]
this epoch dispatch models: [5 5 6 6 2 5 4 1 2 0]
this epoch received models: [np.int64(5), np.int64(5), np.int64(6), np.int64(6), np.int64(2), np.int64(5), np.int64(4), np.int64(1), np.int64(2), np.int64(0)]
hetero_proportion: 	4:3:3
(0.4, 2, 2.120985)
Testing accuracy: 39.75
(0.4, 3, 2.646356)
Testing accuracy: 38.14
(0.4, 4, 4.64774)
Testing accuracy: 38.16
(0.66, 2, 5.159621)
Testing accuracy: 36.65
(0.66, 3, 5.528077)
Testing accuracy: 37.03
(0.66, 4, 6.945581)
Testing accuracy: 37.58
(1.0, 2, 11.424356)
Testing accuracy: 36.82

 45%|████▌     | 450/1000 [1:12:22<1:31:21,  9.97s/it]********************************************************************************
Round 450
this epoch cost time:0.5668365955352783
this epoch choose: [71, 72, 91, 63, 55, 74, 31, 56, 33, 65]
this epoch dispatch models: [3 3 6 4 1 1 2 0 2 5]
this epoch received models: [np.int64(3), np.int64(3), np.int64(6), np.int64(4), np.int64(1), np.int64(1), np.int64(2), np.int64(0), np.int64(2), np.int64(5)]
hetero_proportion: 	4:3:3
(0.4, 2, 2.120985)
Testing accuracy: 39.53
(0.4, 3, 2.646356)
Testing accuracy: 38.24
(0.4, 4, 4.64774)
Testing accuracy: 37.84
(0.66, 2, 5.159621)
Testing accuracy: 36.70
(0.66, 3, 5.528077)
Testing accuracy: 37.10
(0.66, 4, 6.945581)
Testing accuracy: 36.98
(1.0, 2, 11.424356)
Testing accuracy: 36.26

 45%|████▌     | 451/1000 [1:12:32<1:29:40,  9.80s/it]********************************************************************************
Round 451
this epoch cost time:0.5892598628997803
this epoch choose: [62, 64, 91, 72, 54, 64, 97, 79, 95, 46]
this epoch dispatch models: [4 4 5 0 4 5 4 5 4 3]
this epoch received models: [np.int64(4), np.int64(4), np.int64(5), np.int64(0), np.int64(4), np.int64(5), np.int64(4), np.int64(5), np.int64(4), np.int64(3)]
hetero_proportion: 	4:3:3
(0.4, 2, 2.120985)
Testing accuracy: 39.68
(0.4, 3, 2.646356)
Testing accuracy: 38.45
(0.4, 4, 4.64774)
Testing accuracy: 37.84
(0.66, 2, 5.159621)
Testing accuracy: 36.79
(0.66, 3, 5.528077)
Testing accuracy: 37.30
(0.66, 4, 6.945581)
Testing accuracy: 37.08
(1.0, 2, 11.424356)
Testing accuracy: 36.24

 45%|████▌     | 452/1000 [1:12:41<1:28:36,  9.70s/it]********************************************************************************
Round 452
this epoch cost time:0.6569876670837402
this epoch choose: [23, 87, 76, 80, 91, 44, 44, 41, 66, 96]
this epoch dispatch models: [1 2 0 3 5 1 5 3 5 3]
this epoch received models: [np.int64(1), np.int64(2), np.int64(0), np.int64(3), np.int64(5), np.int64(1), np.int64(5), np.int64(3), np.int64(5), np.int64(3)]
hetero_proportion: 	4:3:3
(0.4, 2, 2.120985)
Testing accuracy: 39.75
(0.4, 3, 2.646356)
Testing accuracy: 38.35
(0.4, 4, 4.64774)
Testing accuracy: 37.96
(0.66, 2, 5.159621)
Testing accuracy: 36.78
(0.66, 3, 5.528077)
Testing accuracy: 37.24
(0.66, 4, 6.945581)
Testing accuracy: 37.19
(1.0, 2, 11.424356)
Testing accuracy: 36.82

 45%|████▌     | 453/1000 [1:12:52<1:30:44,  9.95s/it]********************************************************************************
Round 453
this epoch cost time:0.7161107063293457
this epoch choose: [77, 63, 7, 97, 69, 14, 80, 81, 88, 29]
this epoch dispatch models: [3 2 1 2 5 1 1 5 4 0]
this epoch received models: [np.int64(3), np.int64(2), np.int64(1), np.int64(2), np.int64(5), np.int64(1), np.int64(1), np.int64(5), np.int64(4), np.int64(0)]
hetero_proportion: 	4:3:3
(0.4, 2, 2.120985)
Testing accuracy: 39.32
(0.4, 3, 2.646356)
Testing accuracy: 38.31
(0.4, 4, 4.64774)
Testing accuracy: 37.96
(0.66, 2, 5.159621)
Testing accuracy: 36.40
(0.66, 3, 5.528077)
Testing accuracy: 37.38
(0.66, 4, 6.945581)
Testing accuracy: 37.18
(1.0, 2, 11.424356)
Testing accuracy: 36.52

 45%|████▌     | 454/1000 [1:13:02<1:30:39,  9.96s/it]********************************************************************************
Round 454
this epoch cost time:0.7165169715881348
this epoch choose: [69, 62, 72, 45, 42, 91, 42, 57, 96, 77]
this epoch dispatch models: [5 4 5 4 1 6 5 3 6 3]
this epoch received models: [np.int64(5), np.int64(4), np.int64(5), np.int64(4), np.int64(1), np.int64(6), np.int64(5), np.int64(3), np.int64(6), np.int64(3)]
hetero_proportion: 	4:3:3
(0.4, 2, 2.120985)
Testing accuracy: 39.42
(0.4, 3, 2.646356)
Testing accuracy: 38.53
(0.4, 4, 4.64774)
Testing accuracy: 38.13
(0.66, 2, 5.159621)
Testing accuracy: 36.64
(0.66, 3, 5.528077)
Testing accuracy: 37.46
(0.66, 4, 6.945581)
Testing accuracy: 37.22
(1.0, 2, 11.424356)
Testing accuracy: 36.55

 46%|████▌     | 455/1000 [1:13:12<1:29:49,  9.89s/it]********************************************************************************
Round 455
this epoch cost time:0.5654759407043457
this epoch choose: [73, 89, 78, 94, 42, 16, 73, 50, 67, 91]
this epoch dispatch models: [4 5 2 3 2 0 0 3 5 6]
this epoch received models: [np.int64(4), np.int64(5), np.int64(2), np.int64(3), np.int64(2), np.int64(0), np.int64(0), np.int64(3), np.int64(5), np.int64(6)]
hetero_proportion: 	4:3:3
(0.4, 2, 2.120985)
Testing accuracy: 39.23
(0.4, 3, 2.646356)
Testing accuracy: 38.11
(0.4, 4, 4.64774)
Testing accuracy: 38.31
(0.66, 2, 5.159621)
Testing accuracy: 36.68
(0.66, 3, 5.528077)
Testing accuracy: 36.95
(0.66, 4, 6.945581)
Testing accuracy: 37.10
(1.0, 2, 11.424356)
Testing accuracy: 36.25

 46%|████▌     | 456/1000 [1:13:20<1:25:52,  9.47s/it]********************************************************************************
Round 456
this epoch cost time:0.549736738204956
this epoch choose: [39, 91, 56, 86, 31, 62, 93, 82, 3, 72]
this epoch dispatch models: [1 0 2 5 2 0 6 6 1 5]
this epoch received models: [np.int64(1), np.int64(0), np.int64(2), np.int64(5), np.int64(2), np.int64(0), np.int64(6), np.int64(6), np.int64(1), np.int64(5)]
hetero_proportion: 	4:3:3
(0.4, 2, 2.120985)
Testing accuracy: 39.61
(0.4, 3, 2.646356)
Testing accuracy: 38.65
(0.4, 4, 4.64774)
Testing accuracy: 38.26
(0.66, 2, 5.159621)
Testing accuracy: 36.89
(0.66, 3, 5.528077)
Testing accuracy: 37.43
(0.66, 4, 6.945581)
Testing accuracy: 37.64
(1.0, 2, 11.424356)
Testing accuracy: 36.76

 46%|████▌     | 457/1000 [1:13:29<1:23:15,  9.20s/it]********************************************************************************
Round 457
this epoch cost time:0.7530372142791748
this epoch choose: [32, 47, 58, 33, 3, 76, 45, 80, 80, 72]
this epoch dispatch models: [2 5 5 1 1 3 4 6 1 5]
this epoch received models: [np.int64(2), np.int64(5), np.int64(5), np.int64(1), np.int64(1), np.int64(3), np.int64(4), np.int64(6), np.int64(1), np.int64(5)]
hetero_proportion: 	4:3:3
(0.4, 2, 2.120985)
Testing accuracy: 39.32
(0.4, 3, 2.646356)
Testing accuracy: 38.33
(0.4, 4, 4.64774)
Testing accuracy: 38.05
(0.66, 2, 5.159621)
Testing accuracy: 36.76
(0.66, 3, 5.528077)
Testing accuracy: 37.13
(0.66, 4, 6.945581)
Testing accuracy: 37.29
(1.0, 2, 11.424356)
Testing accuracy: 36.56

 46%|████▌     | 458/1000 [1:13:40<1:29:23,  9.90s/it]********************************************************************************
Round 458
this epoch cost time:0.6728918552398682
this epoch choose: [84, 23, 54, 37, 94, 10, 50, 84, 47, 51]
this epoch dispatch models: [0 2 4 1 1 0 5 6 0 2]
this epoch received models: [np.int64(0), np.int64(2), np.int64(4), np.int64(1), np.int64(1), np.int64(0), np.int64(5), np.int64(6), np.int64(0), np.int64(2)]
hetero_proportion: 	4:3:3
(0.4, 2, 2.120985)
Testing accuracy: 39.63
(0.4, 3, 2.646356)
Testing accuracy: 38.13
(0.4, 4, 4.64774)
Testing accuracy: 38.06
(0.66, 2, 5.159621)
Testing accuracy: 36.90
(0.66, 3, 5.528077)
Testing accuracy: 37.19
(0.66, 4, 6.945581)
Testing accuracy: 37.25
(1.0, 2, 11.424356)
Testing accuracy: 36.62

 46%|████▌     | 459/1000 [1:13:53<1:36:06, 10.66s/it]********************************************************************************
Round 459
this epoch cost time:0.7468788623809814
this epoch choose: [80, 99, 57, 95, 91, 86, 70, 82, 82, 13]
this epoch dispatch models: [5 1 1 5 5 1 5 4 5 2]
this epoch received models: [np.int64(5), np.int64(1), np.int64(1), np.int64(5), np.int64(5), np.int64(1), np.int64(5), np.int64(4), np.int64(5), np.int64(2)]
hetero_proportion: 	4:3:3
(0.4, 2, 2.120985)
Testing accuracy: 39.59
(0.4, 3, 2.646356)
Testing accuracy: 38.07
(0.4, 4, 4.64774)
Testing accuracy: 38.17
(0.66, 2, 5.159621)
Testing accuracy: 36.41
(0.66, 3, 5.528077)
Testing accuracy: 37.10
(0.66, 4, 6.945581)
Testing accuracy: 37.34
(1.0, 2, 11.424356)
Testing accuracy: 36.42

 46%|████▌     | 460/1000 [1:14:06<1:41:57, 11.33s/it]********************************************************************************
Round 460
this epoch cost time:0.6487216949462891
this epoch choose: [76, 85, 72, 10, 85, 42, 71, 2, 57, 42]
this epoch dispatch models: [5 6 0 1 1 3 6 2 3 3]
this epoch received models: [np.int64(5), np.int64(6), np.int64(0), np.int64(1), np.int64(1), np.int64(3), np.int64(6), np.int64(2), np.int64(3), np.int64(3)]
hetero_proportion: 	4:3:3
(0.4, 2, 2.120985)
Testing accuracy: 39.43
(0.4, 3, 2.646356)
Testing accuracy: 38.21
(0.4, 4, 4.64774)
Testing accuracy: 37.75
(0.66, 2, 5.159621)
Testing accuracy: 36.24
(0.66, 3, 5.528077)
Testing accuracy: 37.03
(0.66, 4, 6.945581)
Testing accuracy: 37.00
(1.0, 2, 11.424356)
Testing accuracy: 36.45

 46%|████▌     | 461/1000 [1:14:19<1:46:30, 11.86s/it]********************************************************************************
Round 461
this epoch cost time:0.870764970779419
this epoch choose: [57, 59, 22, 74, 61, 79, 85, 83, 43, 2]
this epoch dispatch models: [5 4 2 5 0 4 5 5 0 1]
this epoch received models: [np.int64(5), np.int64(4), np.int64(2), np.int64(5), np.int64(0), np.int64(4), np.int64(5), np.int64(5), np.int64(0), np.int64(1)]
hetero_proportion: 	4:3:3
(0.4, 2, 2.120985)
Testing accuracy: 39.69
(0.4, 3, 2.646356)
Testing accuracy: 38.36
(0.4, 4, 4.64774)
Testing accuracy: 37.99
(0.66, 2, 5.159621)
Testing accuracy: 36.48
(0.66, 3, 5.528077)
Testing accuracy: 37.12
(0.66, 4, 6.945581)
Testing accuracy: 37.09
(1.0, 2, 11.424356)
Testing accuracy: 36.50

 46%|████▌     | 462/1000 [1:14:32<1:51:16, 12.41s/it]********************************************************************************
Round 462
this epoch cost time:0.7078056335449219
this epoch choose: [69, 95, 43, 30, 97, 54, 44, 93, 91, 43]
this epoch dispatch models: [4 4 2 0 6 3 2 6 1 4]
this epoch received models: [np.int64(4), np.int64(4), np.int64(2), np.int64(0), np.int64(6), np.int64(3), np.int64(2), np.int64(6), np.int64(1), np.int64(4)]
hetero_proportion: 	4:3:3
(0.4, 2, 2.120985)
Testing accuracy: 39.98
(0.4, 3, 2.646356)
Testing accuracy: 38.50
(0.4, 4, 4.64774)
Testing accuracy: 38.02
(0.66, 2, 5.159621)
Testing accuracy: 36.57
(0.66, 3, 5.528077)
Testing accuracy: 37.03
(0.66, 4, 6.945581)
Testing accuracy: 37.20
(1.0, 2, 11.424356)
Testing accuracy: 36.42

 46%|████▋     | 463/1000 [1:14:44<1:49:43, 12.26s/it]********************************************************************************
Round 463
this epoch cost time:0.6830947399139404
this epoch choose: [41, 56, 65, 25, 50, 74, 51, 29, 72, 50]
this epoch dispatch models: [4 0 2 0 2 6 4 2 6 2]
this epoch received models: [np.int64(4), np.int64(0), np.int64(2), np.int64(0), np.int64(2), np.int64(6), np.int64(4), np.int64(2), np.int64(6), np.int64(2)]
hetero_proportion: 	4:3:3
(0.4, 2, 2.120985)
Testing accuracy: 39.88
(0.4, 3, 2.646356)
Testing accuracy: 38.53
(0.4, 4, 4.64774)
Testing accuracy: 37.74
(0.66, 2, 5.159621)
Testing accuracy: 36.56
(0.66, 3, 5.528077)
Testing accuracy: 36.92
(0.66, 4, 6.945581)
Testing accuracy: 37.24
(1.0, 2, 11.424356)
Testing accuracy: 36.49

 46%|████▋     | 464/1000 [1:14:57<1:50:00, 12.31s/it]********************************************************************************
Round 464
this epoch cost time:0.7425439357757568
this epoch choose: [5, 22, 40, 0, 69, 74, 92, 79, 73, 75]
this epoch dispatch models: [1 1 1 0 5 5 5 2 3 6]
this epoch received models: [np.int64(1), np.int64(1), np.int64(1), np.int64(0), np.int64(5), np.int64(5), np.int64(5), np.int64(2), np.int64(3), np.int64(6)]
hetero_proportion: 	4:3:3
(0.4, 2, 2.120985)
Testing accuracy: 39.45
(0.4, 3, 2.646356)
Testing accuracy: 38.54
(0.4, 4, 4.64774)
Testing accuracy: 37.60
(0.66, 2, 5.159621)
Testing accuracy: 36.57
(0.66, 3, 5.528077)
Testing accuracy: 37.04
(0.66, 4, 6.945581)
Testing accuracy: 37.03
(1.0, 2, 11.424356)
Testing accuracy: 36.19

 46%|████▋     | 465/1000 [1:15:10<1:52:21, 12.60s/it]********************************************************************************
Round 465
this epoch cost time:0.8848373889923096
this epoch choose: [4, 93, 67, 28, 96, 32, 83, 66, 68, 52]
this epoch dispatch models: [1 4 4 1 6 1 4 2 3 5]
this epoch received models: [np.int64(1), np.int64(4), np.int64(4), np.int64(1), np.int64(6), np.int64(1), np.int64(4), np.int64(2), np.int64(3), np.int64(5)]
hetero_proportion: 	4:3:3
(0.4, 2, 2.120985)
Testing accuracy: 39.66
(0.4, 3, 2.646356)
Testing accuracy: 38.51
(0.4, 4, 4.64774)
Testing accuracy: 37.70
(0.66, 2, 5.159621)
Testing accuracy: 36.99
(0.66, 3, 5.528077)
Testing accuracy: 37.09
(0.66, 4, 6.945581)
Testing accuracy: 37.39
(1.0, 2, 11.424356)
Testing accuracy: 36.49

 47%|████▋     | 466/1000 [1:15:22<1:49:33, 12.31s/it]********************************************************************************
Round 466
this epoch cost time:0.643157958984375
this epoch choose: [93, 71, 78, 93, 85, 64, 66, 65, 86, 54]
this epoch dispatch models: [5 6 4 5 3 3 4 4 6 2]
this epoch received models: [np.int64(5), np.int64(6), np.int64(4), np.int64(5), np.int64(3), np.int64(3), np.int64(4), np.int64(4), np.int64(6), np.int64(2)]
hetero_proportion: 	4:3:3
(0.4, 2, 2.120985)
Testing accuracy: 39.85
(0.4, 3, 2.646356)
Testing accuracy: 38.66
(0.4, 4, 4.64774)
Testing accuracy: 37.99
(0.66, 2, 5.159621)
Testing accuracy: 37.05
(0.66, 3, 5.528077)
Testing accuracy: 37.21
(0.66, 4, 6.945581)
Testing accuracy: 37.38
(1.0, 2, 11.424356)
Testing accuracy: 36.87

 47%|████▋     | 467/1000 [1:15:33<1:46:44, 12.02s/it]********************************************************************************
Round 467
this epoch cost time:0.6439206600189209
this epoch choose: [57, 68, 43, 76, 3, 45, 70, 93, 86, 93]
this epoch dispatch models: [3 5 0 4 0 5 3 4 5 6]
this epoch received models: [np.int64(3), np.int64(5), np.int64(0), np.int64(4), np.int64(0), np.int64(5), np.int64(3), np.int64(4), np.int64(5), np.int64(6)]
hetero_proportion: 	4:3:3
(0.4, 2, 2.120985)
Testing accuracy: 39.88
(0.4, 3, 2.646356)
Testing accuracy: 38.62
(0.4, 4, 4.64774)
Testing accuracy: 37.89
(0.66, 2, 5.159621)
Testing accuracy: 36.75
(0.66, 3, 5.528077)
Testing accuracy: 37.05
(0.66, 4, 6.945581)
Testing accuracy: 37.35
(1.0, 2, 11.424356)
Testing accuracy: 36.76

 47%|████▋     | 468/1000 [1:15:45<1:46:06, 11.97s/it]********************************************************************************
Round 468
this epoch cost time:0.6360437870025635
this epoch choose: [66, 20, 97, 55, 50, 96, 69, 72, 99, 72]
this epoch dispatch models: [3 0 3 0 3 6 0 4 2 4]
this epoch received models: [np.int64(3), np.int64(0), np.int64(3), np.int64(0), np.int64(3), np.int64(6), np.int64(0), np.int64(4), np.int64(2), np.int64(4)]
hetero_proportion: 	4:3:3
(0.4, 2, 2.120985)
Testing accuracy: 39.56
(0.4, 3, 2.646356)
Testing accuracy: 38.27
(0.4, 4, 4.64774)
Testing accuracy: 37.74
(0.66, 2, 5.159621)
Testing accuracy: 36.74
(0.66, 3, 5.528077)
Testing accuracy: 36.97
(0.66, 4, 6.945581)
Testing accuracy: 37.23
(1.0, 2, 11.424356)
Testing accuracy: 36.80

 47%|████▋     | 469/1000 [1:15:56<1:44:42, 11.83s/it]********************************************************************************
Round 469
this epoch cost time:0.6157991886138916
this epoch choose: [93, 72, 79, 51, 34, 52, 95, 61, 79, 62]
this epoch dispatch models: [2 4 0 5 0 2 2 2 6 5]
this epoch received models: [np.int64(2), np.int64(4), np.int64(0), np.int64(5), np.int64(0), np.int64(2), np.int64(2), np.int64(2), np.int64(6), np.int64(5)]
hetero_proportion: 	4:3:3
(0.4, 2, 2.120985)
Testing accuracy: 39.49
(0.4, 3, 2.646356)
Testing accuracy: 38.07
(0.4, 4, 4.64774)
Testing accuracy: 37.92
(0.66, 2, 5.159621)
Testing accuracy: 36.92
(0.66, 3, 5.528077)
Testing accuracy: 36.77
(0.66, 4, 6.945581)
Testing accuracy: 37.42
(1.0, 2, 11.424356)
Testing accuracy: 36.49

 47%|████▋     | 470/1000 [1:16:08<1:44:46, 11.86s/it]********************************************************************************
Round 470
this epoch cost time:0.6311969757080078
this epoch choose: [99, 85, 58, 50, 70, 48, 36, 77, 62, 74]
this epoch dispatch models: [5 5 2 0 1 2 1 6 3 5]
this epoch received models: [np.int64(5), np.int64(5), np.int64(2), np.int64(0), np.int64(1), np.int64(2), np.int64(1), np.int64(6), np.int64(3), np.int64(5)]
hetero_proportion: 	4:3:3
(0.4, 2, 2.120985)
Testing accuracy: 39.80
(0.4, 3, 2.646356)
Testing accuracy: 38.42
(0.4, 4, 4.64774)
Testing accuracy: 38.32
(0.66, 2, 5.159621)
Testing accuracy: 36.71
(0.66, 3, 5.528077)
Testing accuracy: 36.61
(0.66, 4, 6.945581)
Testing accuracy: 37.17
(1.0, 2, 11.424356)
Testing accuracy: 36.78

 47%|████▋     | 471/1000 [1:16:20<1:45:44, 11.99s/it]********************************************************************************
Round 471
this epoch cost time:0.6392936706542969
this epoch choose: [74, 91, 85, 73, 54, 56, 41, 84, 9, 33]
this epoch dispatch models: [3 0 4 3 4 5 3 0 2 1]
this epoch received models: [np.int64(3), np.int64(0), np.int64(4), np.int64(3), np.int64(4), np.int64(5), np.int64(3), np.int64(0), np.int64(2), np.int64(1)]
hetero_proportion: 	4:3:3
(0.4, 2, 2.120985)
Testing accuracy: 39.70
(0.4, 3, 2.646356)
Testing accuracy: 38.40
(0.4, 4, 4.64774)
Testing accuracy: 38.25
(0.66, 2, 5.159621)
Testing accuracy: 36.90
(0.66, 3, 5.528077)
Testing accuracy: 36.71
(0.66, 4, 6.945581)
Testing accuracy: 37.36
(1.0, 2, 11.424356)
Testing accuracy: 36.62

 47%|████▋     | 472/1000 [1:16:33<1:46:11, 12.07s/it]********************************************************************************
Round 472
this epoch cost time:0.7053711414337158
this epoch choose: [92, 98, 64, 20, 33, 98, 75, 56, 71, 41]
this epoch dispatch models: [6 6 4 0 0 2 2 4 3 5]
this epoch received models: [np.int64(6), np.int64(6), np.int64(4), np.int64(0), np.int64(0), np.int64(2), np.int64(2), np.int64(4), np.int64(3), np.int64(5)]
hetero_proportion: 	4:3:3
(0.4, 2, 2.120985)
Testing accuracy: 39.67
(0.4, 3, 2.646356)
Testing accuracy: 38.59
(0.4, 4, 4.64774)
Testing accuracy: 38.52
(0.66, 2, 5.159621)
Testing accuracy: 37.02
(0.66, 3, 5.528077)
Testing accuracy: 36.88
(0.66, 4, 6.945581)
Testing accuracy: 37.10
(1.0, 2, 11.424356)
Testing accuracy: 36.60

 47%|████▋     | 473/1000 [1:16:44<1:44:05, 11.85s/it]********************************************************************************
Round 473
this epoch cost time:0.688730001449585
this epoch choose: [50, 92, 61, 73, 28, 49, 73, 64, 43, 51]
this epoch dispatch models: [5 5 2 6 0 4 6 5 3 3]
this epoch received models: [np.int64(5), np.int64(5), np.int64(2), np.int64(6), np.int64(0), np.int64(4), np.int64(6), np.int64(5), np.int64(3), np.int64(3)]
hetero_proportion: 	4:3:3
(0.4, 2, 2.120985)
Testing accuracy: 39.74
(0.4, 3, 2.646356)
Testing accuracy: 38.50
(0.4, 4, 4.64774)
Testing accuracy: 38.35
(0.66, 2, 5.159621)
Testing accuracy: 36.98
(0.66, 3, 5.528077)
Testing accuracy: 36.80
(0.66, 4, 6.945581)
Testing accuracy: 37.21
(1.0, 2, 11.424356)
Testing accuracy: 36.88

 47%|████▋     | 474/1000 [1:16:56<1:44:42, 11.94s/it]********************************************************************************
Round 474
this epoch cost time:0.6954829692840576
this epoch choose: [44, 46, 84, 70, 93, 83, 59, 90, 70, 7]
this epoch dispatch models: [3 4 6 1 2 0 1 3 6 0]
this epoch received models: [np.int64(3), np.int64(4), np.int64(6), np.int64(1), np.int64(2), np.int64(0), np.int64(1), np.int64(3), np.int64(6), np.int64(0)]
hetero_proportion: 	4:3:3
(0.4, 2, 2.120985)
Testing accuracy: 39.70
(0.4, 3, 2.646356)
Testing accuracy: 38.71
(0.4, 4, 4.64774)
Testing accuracy: 38.15
(0.66, 2, 5.159621)
Testing accuracy: 36.68
(0.66, 3, 5.528077)
Testing accuracy: 36.99
(0.66, 4, 6.945581)
Testing accuracy: 37.27
(1.0, 2, 11.424356)
Testing accuracy: 36.99

 48%|████▊     | 475/1000 [1:17:08<1:44:45, 11.97s/it]********************************************************************************
Round 475
this epoch cost time:0.7642688751220703
this epoch choose: [34, 43, 73, 70, 94, 81, 26, 62, 76, 68]
this epoch dispatch models: [1 5 3 5 0 5 2 4 1 4]
this epoch received models: [np.int64(1), np.int64(5), np.int64(3), np.int64(5), np.int64(0), np.int64(5), np.int64(2), np.int64(4), np.int64(1), np.int64(4)]
hetero_proportion: 	4:3:3
(0.4, 2, 2.120985)
Testing accuracy: 39.73
(0.4, 3, 2.646356)
Testing accuracy: 38.47
(0.4, 4, 4.64774)
Testing accuracy: 38.09
(0.66, 2, 5.159621)
Testing accuracy: 36.52
(0.66, 3, 5.528077)
Testing accuracy: 36.73
(0.66, 4, 6.945581)
Testing accuracy: 37.25
(1.0, 2, 11.424356)
Testing accuracy: 36.69

 48%|████▊     | 476/1000 [1:17:20<1:44:57, 12.02s/it]********************************************************************************
Round 476
this epoch cost time:0.7966289520263672
this epoch choose: [47, 43, 97, 40, 95, 64, 83, 64, 58, 45]
this epoch dispatch models: [4 1 5 1 5 3 2 5 4 4]
this epoch received models: [np.int64(4), np.int64(1), np.int64(5), np.int64(1), np.int64(5), np.int64(3), np.int64(2), np.int64(5), np.int64(4), np.int64(4)]
hetero_proportion: 	4:3:3
(0.4, 2, 2.120985)
Testing accuracy: 39.51
(0.4, 3, 2.646356)
Testing accuracy: 38.30
(0.4, 4, 4.64774)
Testing accuracy: 38.10
(0.66, 2, 5.159621)
Testing accuracy: 36.39
(0.66, 3, 5.528077)
Testing accuracy: 36.72
(0.66, 4, 6.945581)
Testing accuracy: 37.13
(1.0, 2, 11.424356)
Testing accuracy: 36.63

 48%|████▊     | 477/1000 [1:17:33<1:45:09, 12.06s/it]********************************************************************************
Round 477
this epoch cost time:0.6713640689849854
this epoch choose: [54, 92, 93, 68, 75, 44, 67, 67, 90, 97]
this epoch dispatch models: [5 3 6 5 5 2 4 3 1 3]
this epoch received models: [np.int64(5), np.int64(3), np.int64(6), np.int64(5), np.int64(5), np.int64(2), np.int64(4), np.int64(3), np.int64(1), np.int64(3)]
hetero_proportion: 	4:3:3
(0.4, 2, 2.120985)
Testing accuracy: 39.75
(0.4, 3, 2.646356)
Testing accuracy: 38.42
(0.4, 4, 4.64774)
Testing accuracy: 38.26
(0.66, 2, 5.159621)
Testing accuracy: 36.32
(0.66, 3, 5.528077)
Testing accuracy: 36.59
(0.66, 4, 6.945581)
Testing accuracy: 37.01
(1.0, 2, 11.424356)
Testing accuracy: 36.84

 48%|████▊     | 478/1000 [1:17:45<1:45:26, 12.12s/it]********************************************************************************
Round 478
this epoch cost time:0.699007511138916
this epoch choose: [86, 95, 55, 75, 57, 51, 49, 6, 42, 45]
this epoch dispatch models: [4 2 1 0 3 5 5 2 1 1]
this epoch received models: [np.int64(4), np.int64(2), np.int64(1), np.int64(0), np.int64(3), np.int64(5), np.int64(5), np.int64(2), np.int64(1), np.int64(1)]
hetero_proportion: 	4:3:3
(0.4, 2, 2.120985)
Testing accuracy: 39.83
(0.4, 3, 2.646356)
Testing accuracy: 38.54
(0.4, 4, 4.64774)
Testing accuracy: 38.28
(0.66, 2, 5.159621)
Testing accuracy: 36.55
(0.66, 3, 5.528077)
Testing accuracy: 36.97
(0.66, 4, 6.945581)
Testing accuracy: 37.21
(1.0, 2, 11.424356)
Testing accuracy: 36.72

 48%|████▊     | 479/1000 [1:17:57<1:46:33, 12.27s/it]********************************************************************************
Round 479
this epoch cost time:0.723475456237793
this epoch choose: [48, 8, 80, 77, 40, 76, 97, 75, 18, 97]
this epoch dispatch models: [0 0 1 4 0 3 5 6 1 1]
this epoch received models: [np.int64(0), np.int64(0), np.int64(1), np.int64(4), np.int64(0), np.int64(3), np.int64(5), np.int64(6), np.int64(1), np.int64(1)]
hetero_proportion: 	4:3:3
(0.4, 2, 2.120985)
Testing accuracy: 39.39
(0.4, 3, 2.646356)
Testing accuracy: 37.96
(0.4, 4, 4.64774)
Testing accuracy: 37.80
(0.66, 2, 5.159621)
Testing accuracy: 35.99
(0.66, 3, 5.528077)
Testing accuracy: 36.02
(0.66, 4, 6.945581)
Testing accuracy: 37.06
(1.0, 2, 11.424356)
Testing accuracy: 36.34

 48%|████▊     | 480/1000 [1:18:10<1:47:44, 12.43s/it]********************************************************************************
Round 480
this epoch cost time:0.6668612957000732
this epoch choose: [92, 98, 96, 80, 47, 74, 53, 61, 85, 77]
this epoch dispatch models: [0 5 6 3 5 5 3 0 3 6]
this epoch received models: [np.int64(0), np.int64(5), np.int64(6), np.int64(3), np.int64(5), np.int64(5), np.int64(3), np.int64(0), np.int64(3), np.int64(6)]
hetero_proportion: 	4:3:3
(0.4, 2, 2.120985)
Testing accuracy: 39.44
(0.4, 3, 2.646356)
Testing accuracy: 37.97
(0.4, 4, 4.64774)
Testing accuracy: 38.07
(0.66, 2, 5.159621)
Testing accuracy: 36.33
(0.66, 3, 5.528077)
Testing accuracy: 36.05
(0.66, 4, 6.945581)
Testing accuracy: 37.11
(1.0, 2, 11.424356)
Testing accuracy: 36.49

 48%|████▊     | 481/1000 [1:18:23<1:47:26, 12.42s/it]********************************************************************************
Round 481
this epoch cost time:0.7028751373291016
this epoch choose: [45, 79, 73, 99, 80, 85, 50, 94, 26, 59]
this epoch dispatch models: [0 3 5 6 4 5 3 6 1 4]
this epoch received models: [np.int64(0), np.int64(3), np.int64(5), np.int64(6), np.int64(4), np.int64(5), np.int64(3), np.int64(6), np.int64(1), np.int64(4)]
hetero_proportion: 	4:3:3
(0.4, 2, 2.120985)
Testing accuracy: 39.64
(0.4, 3, 2.646356)
Testing accuracy: 38.33
(0.4, 4, 4.64774)
Testing accuracy: 38.22
(0.66, 2, 5.159621)
Testing accuracy: 36.52
(0.66, 3, 5.528077)
Testing accuracy: 36.34
(0.66, 4, 6.945581)
Testing accuracy: 37.28
(1.0, 2, 11.424356)
Testing accuracy: 36.58

 48%|████▊     | 482/1000 [1:18:35<1:47:04, 12.40s/it]********************************************************************************
Round 482
this epoch cost time:0.516488790512085
this epoch choose: [21, 95, 17, 82, 65, 67, 62, 44, 85, 89]
this epoch dispatch models: [1 1 1 2 4 5 1 0 3 3]
this epoch received models: [np.int64(1), np.int64(1), np.int64(1), np.int64(2), np.int64(4), np.int64(5), np.int64(1), np.int64(0), np.int64(3), np.int64(3)]
hetero_proportion: 	4:3:3
(0.4, 2, 2.120985)
Testing accuracy: 39.49
(0.4, 3, 2.646356)
Testing accuracy: 38.28
(0.4, 4, 4.64774)
Testing accuracy: 38.06
(0.66, 2, 5.159621)
Testing accuracy: 36.73
(0.66, 3, 5.528077)
Testing accuracy: 36.23
(0.66, 4, 6.945581)
Testing accuracy: 37.43
(1.0, 2, 11.424356)
Testing accuracy: 36.50

 48%|████▊     | 483/1000 [1:18:47<1:45:59, 12.30s/it]********************************************************************************
Round 483
this epoch cost time:0.6494331359863281
this epoch choose: [71, 74, 72, 3, 47, 55, 49, 27, 98, 65]
this epoch dispatch models: [6 5 6 1 1 4 3 2 3 5]
this epoch received models: [np.int64(6), np.int64(5), np.int64(6), np.int64(1), np.int64(1), np.int64(4), np.int64(3), np.int64(2), np.int64(3), np.int64(5)]
hetero_proportion: 	4:3:3
(0.4, 2, 2.120985)
Testing accuracy: 39.56
(0.4, 3, 2.646356)
Testing accuracy: 38.31
(0.4, 4, 4.64774)
Testing accuracy: 37.82
(0.66, 2, 5.159621)
Testing accuracy: 36.48
(0.66, 3, 5.528077)
Testing accuracy: 36.56
(0.66, 4, 6.945581)
Testing accuracy: 37.19
(1.0, 2, 11.424356)
Testing accuracy: 36.37

 48%|████▊     | 484/1000 [1:18:59<1:44:52, 12.19s/it]********************************************************************************
Round 484
this epoch cost time:0.6366715431213379
this epoch choose: [68, 65, 75, 34, 67, 76, 94, 61, 99, 61]
this epoch dispatch models: [3 1 2 0 5 1 5 5 5 2]
this epoch received models: [np.int64(3), np.int64(1), np.int64(2), np.int64(0), np.int64(5), np.int64(1), np.int64(5), np.int64(5), np.int64(5), np.int64(2)]
hetero_proportion: 	4:3:3
(0.4, 2, 2.120985)
Testing accuracy: 39.34
(0.4, 3, 2.646356)
Testing accuracy: 38.07
(0.4, 4, 4.64774)
Testing accuracy: 37.86
(0.66, 2, 5.159621)
Testing accuracy: 36.71
(0.66, 3, 5.528077)
Testing accuracy: 36.18
(0.66, 4, 6.945581)
Testing accuracy: 37.13
(1.0, 2, 11.424356)
Testing accuracy: 36.48

 48%|████▊     | 485/1000 [1:19:10<1:41:44, 11.85s/it]********************************************************************************
Round 485
this epoch cost time:0.5720930099487305
this epoch choose: [43, 45, 77, 79, 71, 94, 17, 98, 94, 71]
this epoch dispatch models: [1 4 5 5 6 6 1 4 5 2]
this epoch received models: [np.int64(1), np.int64(4), np.int64(5), np.int64(5), np.int64(6), np.int64(6), np.int64(1), np.int64(4), np.int64(5), np.int64(2)]
hetero_proportion: 	4:3:3
(0.4, 2, 2.120985)
Testing accuracy: 39.31
(0.4, 3, 2.646356)
Testing accuracy: 37.98
(0.4, 4, 4.64774)
Testing accuracy: 37.88
(0.66, 2, 5.159621)
Testing accuracy: 36.43
(0.66, 3, 5.528077)
Testing accuracy: 36.34
(0.66, 4, 6.945581)
Testing accuracy: 37.11
(1.0, 2, 11.424356)
Testing accuracy: 36.52

 49%|████▊     | 486/1000 [1:19:22<1:41:16, 11.82s/it]********************************************************************************
Round 486
this epoch cost time:0.6324117183685303
this epoch choose: [95, 85, 22, 45, 1, 8, 41, 23, 35, 52]
this epoch dispatch models: [0 6 2 4 0 0 3 0 2 4]
this epoch received models: [np.int64(0), np.int64(6), np.int64(2), np.int64(4), np.int64(0), np.int64(0), np.int64(3), np.int64(0), np.int64(2), np.int64(4)]
hetero_proportion: 	4:3:3
(0.4, 2, 2.120985)
Testing accuracy: 39.13
(0.4, 3, 2.646356)
Testing accuracy: 38.11
(0.4, 4, 4.64774)
Testing accuracy: 37.55
(0.66, 2, 5.159621)
Testing accuracy: 36.61
(0.66, 3, 5.528077)
Testing accuracy: 36.18
(0.66, 4, 6.945581)
Testing accuracy: 36.89
(1.0, 2, 11.424356)
Testing accuracy: 36.31

 49%|████▊     | 487/1000 [1:19:34<1:42:50, 12.03s/it]********************************************************************************
Round 487
this epoch cost time:0.6993393898010254
this epoch choose: [92, 69, 51, 91, 69, 72, 57, 92, 95, 99]
this epoch dispatch models: [1 3 2 0 0 5 4 6 5 6]
this epoch received models: [np.int64(1), np.int64(3), np.int64(2), np.int64(0), np.int64(0), np.int64(5), np.int64(4), np.int64(6), np.int64(5), np.int64(6)]
hetero_proportion: 	4:3:3
(0.4, 2, 2.120985)
Testing accuracy: 39.12
(0.4, 3, 2.646356)
Testing accuracy: 37.88
(0.4, 4, 4.64774)
Testing accuracy: 37.70
(0.66, 2, 5.159621)
Testing accuracy: 36.41
(0.66, 3, 5.528077)
Testing accuracy: 36.50
(0.66, 4, 6.945581)
Testing accuracy: 37.14
(1.0, 2, 11.424356)
Testing accuracy: 36.43

 49%|████▉     | 488/1000 [1:19:47<1:44:30, 12.25s/it]********************************************************************************
Round 488
this epoch cost time:0.8122670650482178
this epoch choose: [83, 56, 75, 49, 13, 92, 82, 59, 30, 44]
this epoch dispatch models: [4 5 4 1 1 6 6 2 2 4]
this epoch received models: [np.int64(4), np.int64(5), np.int64(4), np.int64(1), np.int64(1), np.int64(6), np.int64(6), np.int64(2), np.int64(2), np.int64(4)]
hetero_proportion: 	4:3:3
(0.4, 2, 2.120985)
Testing accuracy: 39.08
(0.4, 3, 2.646356)
Testing accuracy: 38.01
(0.4, 4, 4.64774)
Testing accuracy: 37.83
(0.66, 2, 5.159621)
Testing accuracy: 36.51
(0.66, 3, 5.528077)
Testing accuracy: 36.47
(0.66, 4, 6.945581)
Testing accuracy: 37.33
(1.0, 2, 11.424356)
Testing accuracy: 36.70

 49%|████▉     | 489/1000 [1:20:01<1:47:24, 12.61s/it]********************************************************************************
Round 489
this epoch cost time:0.840994119644165
this epoch choose: [93, 86, 40, 48, 83, 77, 3, 80, 85, 64]
this epoch dispatch models: [1 5 2 3 5 2 0 1 3 5]
this epoch received models: [np.int64(1), np.int64(5), np.int64(2), np.int64(3), np.int64(5), np.int64(2), np.int64(0), np.int64(1), np.int64(3), np.int64(5)]
hetero_proportion: 	4:3:3
(0.4, 2, 2.120985)
Testing accuracy: 39.19
(0.4, 3, 2.646356)
Testing accuracy: 38.06
(0.4, 4, 4.64774)
Testing accuracy: 37.80
(0.66, 2, 5.159621)
Testing accuracy: 36.22
(0.66, 3, 5.528077)
Testing accuracy: 36.43
(0.66, 4, 6.945581)
Testing accuracy: 37.17
(1.0, 2, 11.424356)
Testing accuracy: 36.61

 49%|████▉     | 490/1000 [1:20:13<1:48:00, 12.71s/it]********************************************************************************
Round 490
this epoch cost time:0.7295663356781006
this epoch choose: [80, 7, 58, 81, 98, 84, 97, 2, 84, 79]
this epoch dispatch models: [3 2 4 6 0 2 6 2 5 2]
this epoch received models: [np.int64(3), np.int64(2), np.int64(4), np.int64(6), np.int64(0), np.int64(2), np.int64(6), np.int64(2), np.int64(5), np.int64(2)]
hetero_proportion: 	4:3:3
(0.4, 2, 2.120985)
Testing accuracy: 39.44
(0.4, 3, 2.646356)
Testing accuracy: 38.05
(0.4, 4, 4.64774)
Testing accuracy: 37.84
(0.66, 2, 5.159621)
Testing accuracy: 36.52
(0.66, 3, 5.528077)
Testing accuracy: 36.41
(0.66, 4, 6.945581)
Testing accuracy: 37.15
(1.0, 2, 11.424356)
Testing accuracy: 36.19

 49%|████▉     | 491/1000 [1:20:26<1:48:32, 12.79s/it]********************************************************************************
Round 491
this epoch cost time:0.7488644123077393
this epoch choose: [68, 80, 77, 40, 94, 74, 40, 98, 98, 93]
this epoch dispatch models: [5 6 4 3 6 3 2 3 6 2]
this epoch received models: [np.int64(5), np.int64(6), np.int64(4), np.int64(3), np.int64(6), np.int64(3), np.int64(2), np.int64(3), np.int64(6), np.int64(2)]
hetero_proportion: 	4:3:3
(0.4, 2, 2.120985)
Testing accuracy: 39.37
(0.4, 3, 2.646356)
Testing accuracy: 38.02
(0.4, 4, 4.64774)
Testing accuracy: 37.70
(0.66, 2, 5.159621)
Testing accuracy: 36.46
(0.66, 3, 5.528077)
Testing accuracy: 36.36
(0.66, 4, 6.945581)
Testing accuracy: 37.04
(1.0, 2, 11.424356)
Testing accuracy: 36.10

 49%|████▉     | 492/1000 [1:20:39<1:46:55, 12.63s/it]********************************************************************************
Round 492
this epoch cost time:0.6163656711578369
this epoch choose: [90, 50, 84, 94, 86, 43, 88, 92, 87, 68]
this epoch dispatch models: [3 1 5 6 3 4 6 3 0 5]
this epoch received models: [np.int64(3), np.int64(1), np.int64(5), np.int64(6), np.int64(3), np.int64(4), np.int64(6), np.int64(3), np.int64(0), np.int64(5)]
hetero_proportion: 	4:3:3
(0.4, 2, 2.120985)
Testing accuracy: 39.40
(0.4, 3, 2.646356)
Testing accuracy: 38.12
(0.4, 4, 4.64774)
Testing accuracy: 37.93
(0.66, 2, 5.159621)
Testing accuracy: 36.54
(0.66, 3, 5.528077)
Testing accuracy: 36.48
(0.66, 4, 6.945581)
Testing accuracy: 37.21
(1.0, 2, 11.424356)
Testing accuracy: 36.36

 49%|████▉     | 493/1000 [1:20:51<1:46:27, 12.60s/it]********************************************************************************
Round 493
this epoch cost time:0.799311637878418
this epoch choose: [94, 87, 92, 83, 46, 67, 51, 87, 47, 72]
this epoch dispatch models: [5 1 6 2 3 5 1 4 3 2]
this epoch received models: [np.int64(5), np.int64(1), np.int64(6), np.int64(2), np.int64(3), np.int64(5), np.int64(1), np.int64(4), np.int64(3), np.int64(2)]
hetero_proportion: 	4:3:3
(0.4, 2, 2.120985)
Testing accuracy: 39.46
(0.4, 3, 2.646356)
Testing accuracy: 38.16
(0.4, 4, 4.64774)
Testing accuracy: 37.72
(0.66, 2, 5.159621)
Testing accuracy: 36.77
(0.66, 3, 5.528077)
Testing accuracy: 36.28
(0.66, 4, 6.945581)
Testing accuracy: 37.25
(1.0, 2, 11.424356)
Testing accuracy: 36.33

 49%|████▉     | 494/1000 [1:21:03<1:44:33, 12.40s/it]********************************************************************************
Round 494
this epoch cost time:0.5597453117370605
this epoch choose: [2, 40, 99, 99, 89, 71, 78, 52, 97, 62]
this epoch dispatch models: [2 3 6 5 3 2 5 2 1 4]
this epoch received models: [np.int64(2), np.int64(3), np.int64(6), np.int64(5), np.int64(3), np.int64(2), np.int64(5), np.int64(2), np.int64(1), np.int64(4)]
hetero_proportion: 	4:3:3
(0.4, 2, 2.120985)
Testing accuracy: 39.42
(0.4, 3, 2.646356)
Testing accuracy: 37.94
(0.4, 4, 4.64774)
Testing accuracy: 37.68
(0.66, 2, 5.159621)
Testing accuracy: 36.25
(0.66, 3, 5.528077)
Testing accuracy: 36.33
(0.66, 4, 6.945581)
Testing accuracy: 37.25
(1.0, 2, 11.424356)
Testing accuracy: 36.13

 50%|████▉     | 495/1000 [1:21:16<1:44:35, 12.43s/it]********************************************************************************
Round 495
this epoch cost time:0.6763081550598145
this epoch choose: [51, 65, 87, 42, 49, 99, 95, 79, 66, 89]
this epoch dispatch models: [5 5 3 3 3 4 6 6 1 1]
this epoch received models: [np.int64(5), np.int64(5), np.int64(3), np.int64(3), np.int64(3), np.int64(4), np.int64(6), np.int64(6), np.int64(1), np.int64(1)]
hetero_proportion: 	4:3:3
(0.4, 2, 2.120985)
Testing accuracy: 39.40
(0.4, 3, 2.646356)
Testing accuracy: 38.21
(0.4, 4, 4.64774)
Testing accuracy: 37.96
(0.66, 2, 5.159621)
Testing accuracy: 36.69
(0.66, 3, 5.528077)
Testing accuracy: 36.56
(0.66, 4, 6.945581)
Testing accuracy: 37.27
(1.0, 2, 11.424356)
Testing accuracy: 36.30

 50%|████▉     | 496/1000 [1:21:28<1:43:05, 12.27s/it]********************************************************************************
Round 496
this epoch cost time:0.6886892318725586
this epoch choose: [78, 52, 92, 82, 75, 95, 76, 70, 92, 58]
this epoch dispatch models: [0 2 5 0 6 6 3 4 1 4]
this epoch received models: [np.int64(0), np.int64(2), np.int64(5), np.int64(0), np.int64(6), np.int64(6), np.int64(3), np.int64(4), np.int64(1), np.int64(4)]
hetero_proportion: 	4:3:3
(0.4, 2, 2.120985)
Testing accuracy: 39.38
(0.4, 3, 2.646356)
Testing accuracy: 38.30
(0.4, 4, 4.64774)
Testing accuracy: 37.83
(0.66, 2, 5.159621)
Testing accuracy: 36.67
(0.66, 3, 5.528077)
Testing accuracy: 36.40
(0.66, 4, 6.945581)
Testing accuracy: 37.05
(1.0, 2, 11.424356)
Testing accuracy: 36.18

 50%|████▉     | 497/1000 [1:21:39<1:41:07, 12.06s/it]********************************************************************************
Round 497
this epoch cost time:0.6449041366577148
this epoch choose: [74, 76, 32, 87, 86, 4, 94, 96, 65, 69]
this epoch dispatch models: [0 0 2 3 1 0 6 3 4 1]
this epoch received models: [np.int64(0), np.int64(0), np.int64(2), np.int64(3), np.int64(1), np.int64(0), np.int64(6), np.int64(3), np.int64(4), np.int64(1)]
hetero_proportion: 	4:3:3
(0.4, 2, 2.120985)
Testing accuracy: 39.64
(0.4, 3, 2.646356)
Testing accuracy: 37.66
(0.4, 4, 4.64774)
Testing accuracy: 37.80
(0.66, 2, 5.159621)
Testing accuracy: 36.31
(0.66, 3, 5.528077)
Testing accuracy: 36.13
(0.66, 4, 6.945581)
Testing accuracy: 36.57
(1.0, 2, 11.424356)
Testing accuracy: 36.15

 50%|████▉     | 498/1000 [1:21:51<1:39:41, 11.92s/it]********************************************************************************
Round 498
this epoch cost time:0.889772891998291
this epoch choose: [77, 83, 99, 49, 41, 21, 58, 50, 73, 71]
this epoch dispatch models: [3 6 6 5 1 1 2 1 1 1]
this epoch received models: [np.int64(3), np.int64(6), np.int64(6), np.int64(5), np.int64(1), np.int64(1), np.int64(2), np.int64(1), np.int64(1), np.int64(1)]
hetero_proportion: 	4:3:3
(0.4, 2, 2.120985)
Testing accuracy: 39.22
(0.4, 3, 2.646356)
Testing accuracy: 37.93
(0.4, 4, 4.64774)
Testing accuracy: 37.84
(0.66, 2, 5.159621)
Testing accuracy: 36.40
(0.66, 3, 5.528077)
Testing accuracy: 36.43
(0.66, 4, 6.945581)
Testing accuracy: 36.86
(1.0, 2, 11.424356)
Testing accuracy: 36.08

 50%|████▉     | 499/1000 [1:22:03<1:39:39, 11.94s/it]********************************************************************************
Round 499
this epoch cost time:0.6365764141082764
this epoch choose: [84, 16, 64, 82, 45, 78, 75, 78, 50, 56]
this epoch dispatch models: [0 0 2 1 3 3 0 1 2 3]
this epoch received models: [np.int64(0), np.int64(0), np.int64(2), np.int64(1), np.int64(3), np.int64(3), np.int64(0), np.int64(1), np.int64(2), np.int64(3)]
hetero_proportion: 	4:3:3
(0.4, 2, 2.120985)
Testing accuracy: 39.04
(0.4, 3, 2.646356)
Testing accuracy: 37.88
(0.4, 4, 4.64774)
Testing accuracy: 37.64
(0.66, 2, 5.159621)
Testing accuracy: 36.54
(0.66, 3, 5.528077)
Testing accuracy: 36.19
(0.66, 4, 6.945581)
Testing accuracy: 36.82
(1.0, 2, 11.424356)
Testing accuracy: 36.28

 50%|█████     | 500/1000 [1:22:14<1:38:48, 11.86s/it]********************************************************************************
Round 500
this epoch cost time:0.7008347511291504
this epoch choose: [50, 71, 93, 71, 80, 94, 79, 20, 93, 81]
this epoch dispatch models: [2 5 6 6 1 1 6 1 3 1]
this epoch received models: [np.int64(2), np.int64(5), np.int64(6), np.int64(6), np.int64(1), np.int64(1), np.int64(6), np.int64(1), np.int64(3), np.int64(1)]
hetero_proportion: 	4:3:3
(0.4, 2, 2.120985)
Testing accuracy: 39.21
(0.4, 3, 2.646356)
Testing accuracy: 37.78
(0.4, 4, 4.64774)
Testing accuracy: 37.58
(0.66, 2, 5.159621)
Testing accuracy: 36.75
(0.66, 3, 5.528077)
Testing accuracy: 36.44
(0.66, 4, 6.945581)
Testing accuracy: 37.00
(1.0, 2, 11.424356)
Testing accuracy: 36.50

 50%|█████     | 501/1000 [1:22:27<1:39:40, 11.98s/it]********************************************************************************
Round 501
this epoch cost time:0.6418304443359375
this epoch choose: [99, 34, 64, 57, 15, 56, 1, 47, 93, 85]
this epoch dispatch models: [3 0 3 3 0 5 0 4 4 0]
this epoch received models: [np.int64(3), np.int64(0), np.int64(3), np.int64(3), np.int64(0), np.int64(5), np.int64(0), np.int64(4), np.int64(4), np.int64(0)]
hetero_proportion: 	4:3:3
(0.4, 2, 2.120985)
Testing accuracy: 39.17
(0.4, 3, 2.646356)
Testing accuracy: 37.76
(0.4, 4, 4.64774)
Testing accuracy: 37.52
(0.66, 2, 5.159621)
Testing accuracy: 36.77
(0.66, 3, 5.528077)
Testing accuracy: 36.39
(0.66, 4, 6.945581)
Testing accuracy: 36.72
(1.0, 2, 11.424356)
Testing accuracy: 36.20

 50%|█████     | 502/1000 [1:22:39<1:40:05, 12.06s/it]********************************************************************************
Round 502
this epoch cost time:0.6319577693939209
this epoch choose: [99, 95, 13, 59, 49, 84, 30, 30, 71, 28]
this epoch dispatch models: [4 6 1 2 3 6 0 2 6 0]
this epoch received models: [np.int64(4), np.int64(6), np.int64(1), np.int64(2), np.int64(3), np.int64(6), np.int64(0), np.int64(2), np.int64(6), np.int64(0)]
hetero_proportion: 	4:3:3
(0.4, 2, 2.120985)
Testing accuracy: 38.97
(0.4, 3, 2.646356)
Testing accuracy: 37.68
(0.4, 4, 4.64774)
Testing accuracy: 37.25
(0.66, 2, 5.159621)
Testing accuracy: 36.61
(0.66, 3, 5.528077)
Testing accuracy: 36.66
(0.66, 4, 6.945581)
Testing accuracy: 36.81
(1.0, 2, 11.424356)
Testing accuracy: 36.42

 50%|█████     | 503/1000 [1:22:51<1:40:38, 12.15s/it]********************************************************************************
Round 503
this epoch cost time:0.5602667331695557
this epoch choose: [10, 13, 92, 99, 46, 93, 4, 77, 84, 47]
this epoch dispatch models: [0 1 3 3 3 6 2 5 0 5]
this epoch received models: [np.int64(0), np.int64(1), np.int64(3), np.int64(3), np.int64(3), np.int64(6), np.int64(2), np.int64(5), np.int64(0), np.int64(5)]
hetero_proportion: 	4:3:3
(0.4, 2, 2.120985)
Testing accuracy: 38.97
(0.4, 3, 2.646356)
Testing accuracy: 37.09
(0.4, 4, 4.64774)
Testing accuracy: 37.39
(0.66, 2, 5.159621)
Testing accuracy: 36.73
(0.66, 3, 5.528077)
Testing accuracy: 36.35
(0.66, 4, 6.945581)
Testing accuracy: 36.95
(1.0, 2, 11.424356)
Testing accuracy: 36.20

 50%|█████     | 504/1000 [1:23:03<1:39:06, 11.99s/it]********************************************************************************
Round 504
this epoch cost time:0.6986730098724365
this epoch choose: [42, 56, 53, 18, 44, 14, 43, 93, 49, 90]
this epoch dispatch models: [5 3 0 1 2 2 5 5 0 5]
this epoch received models: [np.int64(5), np.int64(3), np.int64(0), np.int64(1), np.int64(2), np.int64(2), np.int64(5), np.int64(5), np.int64(0), np.int64(5)]
hetero_proportion: 	4:3:3
(0.4, 2, 2.120985)
Testing accuracy: 38.94
(0.4, 3, 2.646356)
Testing accuracy: 37.56
(0.4, 4, 4.64774)
Testing accuracy: 37.40
(0.66, 2, 5.159621)
Testing accuracy: 36.94
(0.66, 3, 5.528077)
Testing accuracy: 36.72
(0.66, 4, 6.945581)
Testing accuracy: 37.27
(1.0, 2, 11.424356)
Testing accuracy: 36.55

 50%|█████     | 505/1000 [1:23:15<1:39:37, 12.08s/it]********************************************************************************
Round 505
this epoch cost time:0.6933104991912842
this epoch choose: [89, 79, 92, 28, 75, 68, 76, 85, 21, 62]
this epoch dispatch models: [6 2 5 0 6 2 3 6 1 3]
this epoch received models: [np.int64(6), np.int64(2), np.int64(5), np.int64(0), np.int64(6), np.int64(2), np.int64(3), np.int64(6), np.int64(1), np.int64(3)]
hetero_proportion: 	4:3:3
(0.4, 2, 2.120985)
Testing accuracy: 38.99
(0.4, 3, 2.646356)
Testing accuracy: 37.67
(0.4, 4, 4.64774)
Testing accuracy: 37.48
(0.66, 2, 5.159621)
Testing accuracy: 36.92
(0.66, 3, 5.528077)
Testing accuracy: 36.72
(0.66, 4, 6.945581)
Testing accuracy: 37.39
(1.0, 2, 11.424356)
Testing accuracy: 36.41

 51%|█████     | 506/1000 [1:23:27<1:39:11, 12.05s/it]********************************************************************************
Round 506
this epoch cost time:0.7276060581207275
this epoch choose: [96, 77, 65, 65, 72, 85, 75, 41, 73, 94]
this epoch dispatch models: [6 2 5 0 1 0 6 2 3 5]
this epoch received models: [np.int64(6), np.int64(2), np.int64(5), np.int64(0), np.int64(1), np.int64(0), np.int64(6), np.int64(2), np.int64(3), np.int64(5)]
hetero_proportion: 	4:3:3
(0.4, 2, 2.120985)
Testing accuracy: 38.93
(0.4, 3, 2.646356)
Testing accuracy: 37.75
(0.4, 4, 4.64774)
Testing accuracy: 37.23
(0.66, 2, 5.159621)
Testing accuracy: 36.93
(0.66, 3, 5.528077)
Testing accuracy: 36.62
(0.66, 4, 6.945581)
Testing accuracy: 37.17
(1.0, 2, 11.424356)
Testing accuracy: 36.27

 51%|█████     | 507/1000 [1:23:39<1:37:33, 11.87s/it]********************************************************************************
Round 507
this epoch cost time:0.7137866020202637
this epoch choose: [44, 80, 95, 96, 6, 40, 73, 59, 46, 57]
this epoch dispatch models: [3 2 6 2 2 3 1 4 3 2]
this epoch received models: [np.int64(3), np.int64(2), np.int64(6), np.int64(2), np.int64(2), np.int64(3), np.int64(1), np.int64(4), np.int64(3), np.int64(2)]
hetero_proportion: 	4:3:3
(0.4, 2, 2.120985)
Testing accuracy: 39.13
(0.4, 3, 2.646356)
Testing accuracy: 37.86
(0.4, 4, 4.64774)
Testing accuracy: 37.62
(0.66, 2, 5.159621)
Testing accuracy: 36.80
(0.66, 3, 5.528077)
Testing accuracy: 36.69
(0.66, 4, 6.945581)
Testing accuracy: 37.22
(1.0, 2, 11.424356)
Testing accuracy: 36.28

 51%|█████     | 508/1000 [1:23:51<1:39:18, 12.11s/it]********************************************************************************
Round 508
this epoch cost time:0.5540785789489746
this epoch choose: [11, 0, 95, 82, 6, 93, 35, 87, 59, 77]
this epoch dispatch models: [1 0 3 3 1 6 2 6 5 3]
this epoch received models: [np.int64(1), np.int64(0), np.int64(3), np.int64(3), np.int64(1), np.int64(6), np.int64(2), np.int64(6), np.int64(5), np.int64(3)]
hetero_proportion: 	4:3:3
(0.4, 2, 2.120985)
Testing accuracy: 38.85
(0.4, 3, 2.646356)
Testing accuracy: 37.91
(0.4, 4, 4.64774)
Testing accuracy: 37.61
(0.66, 2, 5.159621)
Testing accuracy: 36.65
(0.66, 3, 5.528077)
Testing accuracy: 36.78
(0.66, 4, 6.945581)
Testing accuracy: 37.05
(1.0, 2, 11.424356)
Testing accuracy: 36.30

 51%|█████     | 509/1000 [1:24:03<1:38:05, 11.99s/it]********************************************************************************
Round 509
this epoch cost time:0.7742753028869629
this epoch choose: [99, 79, 88, 90, 32, 69, 82, 47, 82, 54]
this epoch dispatch models: [5 3 3 3 0 5 6 5 0 5]
this epoch received models: [np.int64(5), np.int64(3), np.int64(3), np.int64(3), np.int64(0), np.int64(5), np.int64(6), np.int64(5), np.int64(0), np.int64(5)]
hetero_proportion: 	4:3:3
(0.4, 2, 2.120985)
Testing accuracy: 39.12
(0.4, 3, 2.646356)
Testing accuracy: 38.21
(0.4, 4, 4.64774)
Testing accuracy: 37.53
(0.66, 2, 5.159621)
Testing accuracy: 37.13
(0.66, 3, 5.528077)
Testing accuracy: 36.70
(0.66, 4, 6.945581)
Testing accuracy: 37.22
(1.0, 2, 11.424356)
Testing accuracy: 36.69

 51%|█████     | 510/1000 [1:24:15<1:38:57, 12.12s/it]********************************************************************************
Round 510
this epoch cost time:0.6532726287841797
this epoch choose: [39, 82, 85, 94, 48, 72, 72, 96, 93, 3]
this epoch dispatch models: [0 1 2 6 5 4 3 4 6 1]
this epoch received models: [np.int64(0), np.int64(1), np.int64(2), np.int64(6), np.int64(5), np.int64(4), np.int64(3), np.int64(4), np.int64(6), np.int64(1)]
hetero_proportion: 	4:3:3
(0.4, 2, 2.120985)
Testing accuracy: 39.13
(0.4, 3, 2.646356)
Testing accuracy: 38.09
(0.4, 4, 4.64774)
Testing accuracy: 38.03
(0.66, 2, 5.159621)
Testing accuracy: 36.66
(0.66, 3, 5.528077)
Testing accuracy: 36.83
(0.66, 4, 6.945581)
Testing accuracy: 37.37
(1.0, 2, 11.424356)
Testing accuracy: 36.63

 51%|█████     | 511/1000 [1:24:27<1:38:22, 12.07s/it]********************************************************************************
Round 511
this epoch cost time:0.864323616027832
this epoch choose: [46, 95, 85, 57, 12, 83, 91, 83, 19, 35]
this epoch dispatch models: [1 4 4 1 1 6 5 5 0 1]
this epoch received models: [np.int64(1), np.int64(4), np.int64(4), np.int64(1), np.int64(1), np.int64(6), np.int64(5), np.int64(5), np.int64(0), np.int64(1)]
hetero_proportion: 	4:3:3
(0.4, 2, 2.120985)
Testing accuracy: 39.32
(0.4, 3, 2.646356)
Testing accuracy: 38.56
(0.4, 4, 4.64774)
Testing accuracy: 37.89
(0.66, 2, 5.159621)
Testing accuracy: 36.96
(0.66, 3, 5.528077)
Testing accuracy: 37.00
(0.66, 4, 6.945581)
Testing accuracy: 37.45
(1.0, 2, 11.424356)
Testing accuracy: 36.67

 51%|█████     | 512/1000 [1:24:41<1:41:06, 12.43s/it]********************************************************************************
Round 512
this epoch cost time:0.690446138381958
this epoch choose: [73, 47, 32, 97, 96, 27, 42, 99, 79, 49]
this epoch dispatch models: [6 1 2 0 6 1 2 4 1 3]
this epoch received models: [np.int64(6), np.int64(1), np.int64(2), np.int64(0), np.int64(6), np.int64(1), np.int64(2), np.int64(4), np.int64(1), np.int64(3)]
hetero_proportion: 	4:3:3
(0.4, 2, 2.120985)
Testing accuracy: 39.48
(0.4, 3, 2.646356)
Testing accuracy: 38.46
(0.4, 4, 4.64774)
Testing accuracy: 37.85
(0.66, 2, 5.159621)
Testing accuracy: 36.95
(0.66, 3, 5.528077)
Testing accuracy: 36.78
(0.66, 4, 6.945581)
Testing accuracy: 37.43
(1.0, 2, 11.424356)
Testing accuracy: 36.80

 51%|█████▏    | 513/1000 [1:24:53<1:41:04, 12.45s/it]********************************************************************************
Round 513
this epoch cost time:0.7940759658813477
this epoch choose: [71, 77, 79, 40, 29, 90, 96, 70, 81, 90]
this epoch dispatch models: [0 6 3 5 2 1 6 4 6 6]
this epoch received models: [np.int64(0), np.int64(6), np.int64(3), np.int64(5), np.int64(2), np.int64(1), np.int64(6), np.int64(4), np.int64(6), np.int64(6)]
hetero_proportion: 	4:3:3
(0.4, 2, 2.120985)
Testing accuracy: 39.30
(0.4, 3, 2.646356)
Testing accuracy: 38.43
(0.4, 4, 4.64774)
Testing accuracy: 37.75
(0.66, 2, 5.159621)
Testing accuracy: 36.61
(0.66, 3, 5.528077)
Testing accuracy: 36.70
(0.66, 4, 6.945581)
Testing accuracy: 37.51
(1.0, 2, 11.424356)
Testing accuracy: 36.71

 51%|█████▏    | 514/1000 [1:25:07<1:43:28, 12.78s/it]********************************************************************************
Round 514
this epoch cost time:0.6355624198913574
this epoch choose: [74, 52, 82, 43, 67, 97, 79, 56, 47, 56]
this epoch dispatch models: [6 0 4 0 5 5 2 2 3 3]
this epoch received models: [np.int64(6), np.int64(0), np.int64(4), np.int64(0), np.int64(5), np.int64(5), np.int64(2), np.int64(2), np.int64(3), np.int64(3)]
hetero_proportion: 	4:3:3
(0.4, 2, 2.120985)
Testing accuracy: 39.47
(0.4, 3, 2.646356)
Testing accuracy: 38.17
(0.4, 4, 4.64774)
Testing accuracy: 37.67
(0.66, 2, 5.159621)
Testing accuracy: 36.69
(0.66, 3, 5.528077)
Testing accuracy: 36.87
(0.66, 4, 6.945581)
Testing accuracy: 37.35
(1.0, 2, 11.424356)
Testing accuracy: 36.74

 52%|█████▏    | 515/1000 [1:25:19<1:43:06, 12.76s/it]********************************************************************************
Round 515
this epoch cost time:0.6693837642669678
this epoch choose: [71, 67, 58, 91, 65, 60, 25, 53, 77, 93]
this epoch dispatch models: [6 0 3 0 2 4 1 5 6 4]
this epoch received models: [np.int64(6), np.int64(0), np.int64(3), np.int64(0), np.int64(2), np.int64(4), np.int64(1), np.int64(5), np.int64(6), np.int64(4)]
hetero_proportion: 	4:3:3
(0.4, 2, 2.120985)
Testing accuracy: 39.63
(0.4, 3, 2.646356)
Testing accuracy: 38.31
(0.4, 4, 4.64774)
Testing accuracy: 37.59
(0.66, 2, 5.159621)
Testing accuracy: 36.67
(0.66, 3, 5.528077)
Testing accuracy: 36.83
(0.66, 4, 6.945581)
Testing accuracy: 37.49
(1.0, 2, 11.424356)
Testing accuracy: 36.59

 52%|█████▏    | 516/1000 [1:25:32<1:42:09, 12.66s/it]********************************************************************************
Round 516
this epoch cost time:0.6565377712249756
this epoch choose: [94, 55, 48, 62, 32, 95, 0, 62, 98, 72]
this epoch dispatch models: [0 3 0 3 0 3 2 0 0 4]
this epoch received models: [np.int64(0), np.int64(3), np.int64(0), np.int64(3), np.int64(0), np.int64(3), np.int64(2), np.int64(0), np.int64(0), np.int64(4)]
hetero_proportion: 	4:3:3
(0.4, 2, 2.120985)
Testing accuracy: 38.95
(0.4, 3, 2.646356)
Testing accuracy: 37.77
(0.4, 4, 4.64774)
Testing accuracy: 37.12
(0.66, 2, 5.159621)
Testing accuracy: 36.25
(0.66, 3, 5.528077)
Testing accuracy: 36.63
(0.66, 4, 6.945581)
Testing accuracy: 36.87
(1.0, 2, 11.424356)
Testing accuracy: 36.13

 52%|█████▏    | 517/1000 [1:25:43<1:38:50, 12.28s/it]********************************************************************************
Round 517
this epoch cost time:0.7226881980895996
this epoch choose: [48, 67, 88, 61, 45, 73, 91, 93, 57, 12]
this epoch dispatch models: [5 5 5 1 3 4 3 5 5 1]
this epoch received models: [np.int64(5), np.int64(5), np.int64(5), np.int64(1), np.int64(3), np.int64(4), np.int64(3), np.int64(5), np.int64(5), np.int64(1)]
hetero_proportion: 	4:3:3
(0.4, 2, 2.120985)
Testing accuracy: 39.30
(0.4, 3, 2.646356)
Testing accuracy: 37.88
(0.4, 4, 4.64774)
Testing accuracy: 37.36
(0.66, 2, 5.159621)
Testing accuracy: 36.89
(0.66, 3, 5.528077)
Testing accuracy: 36.81
(0.66, 4, 6.945581)
Testing accuracy: 37.13
(1.0, 2, 11.424356)
Testing accuracy: 36.43

 52%|█████▏    | 518/1000 [1:25:56<1:38:46, 12.30s/it]********************************************************************************
Round 518
this epoch cost time:0.7073452472686768
this epoch choose: [28, 46, 54, 51, 74, 14, 85, 84, 92, 73]
this epoch dispatch models: [1 3 1 0 6 2 2 6 3 3]
this epoch received models: [np.int64(1), np.int64(3), np.int64(1), np.int64(0), np.int64(6), np.int64(2), np.int64(2), np.int64(6), np.int64(3), np.int64(3)]
hetero_proportion: 	4:3:3
(0.4, 2, 2.120985)
Testing accuracy: 39.29
(0.4, 3, 2.646356)
Testing accuracy: 38.18
(0.4, 4, 4.64774)
Testing accuracy: 37.44
(0.66, 2, 5.159621)
Testing accuracy: 37.06
(0.66, 3, 5.528077)
Testing accuracy: 36.91
(0.66, 4, 6.945581)
Testing accuracy: 37.32
(1.0, 2, 11.424356)
Testing accuracy: 36.52

 52%|█████▏    | 519/1000 [1:26:08<1:39:57, 12.47s/it]********************************************************************************
Round 519
this epoch cost time:0.8536152839660645
this epoch choose: [85, 27, 50, 27, 78, 46, 93, 92, 41, 81]
this epoch dispatch models: [2 2 4 0 6 0 5 6 0 6]
this epoch received models: [np.int64(2), np.int64(2), np.int64(4), np.int64(0), np.int64(6), np.int64(0), np.int64(5), np.int64(6), np.int64(0), np.int64(6)]
hetero_proportion: 	4:3:3
(0.4, 2, 2.120985)
Testing accuracy: 39.17
(0.4, 3, 2.646356)
Testing accuracy: 38.09
(0.4, 4, 4.64774)
Testing accuracy: 36.81
(0.66, 2, 5.159621)
Testing accuracy: 36.51
(0.66, 3, 5.528077)
Testing accuracy: 36.65
(0.66, 4, 6.945581)
Testing accuracy: 37.08
(1.0, 2, 11.424356)
Testing accuracy: 36.13

 52%|█████▏    | 520/1000 [1:26:20<1:37:15, 12.16s/it]********************************************************************************
Round 520
this epoch cost time:0.6939651966094971
this epoch choose: [95, 56, 72, 88, 49, 41, 54, 32, 99, 61]
this epoch dispatch models: [2 4 2 4 5 3 3 0 5 2]
this epoch received models: [np.int64(2), np.int64(4), np.int64(2), np.int64(4), np.int64(5), np.int64(3), np.int64(3), np.int64(0), np.int64(5), np.int64(2)]
hetero_proportion: 	4:3:3
(0.4, 2, 2.120985)
Testing accuracy: 39.14
(0.4, 3, 2.646356)
Testing accuracy: 38.41
(0.4, 4, 4.64774)
Testing accuracy: 37.28
(0.66, 2, 5.159621)
Testing accuracy: 36.74
(0.66, 3, 5.528077)
Testing accuracy: 36.89
(0.66, 4, 6.945581)
Testing accuracy: 37.01
(1.0, 2, 11.424356)
Testing accuracy: 36.47

 52%|█████▏    | 521/1000 [1:26:32<1:36:11, 12.05s/it]********************************************************************************
Round 521
this epoch cost time:0.6958727836608887
this epoch choose: [97, 99, 76, 74, 41, 43, 2, 98, 22, 84]
this epoch dispatch models: [4 1 2 5 3 1 2 3 0 5]
this epoch received models: [np.int64(4), np.int64(1), np.int64(2), np.int64(5), np.int64(3), np.int64(1), np.int64(2), np.int64(3), np.int64(0), np.int64(5)]
hetero_proportion: 	4:3:3
(0.4, 2, 2.120985)
Testing accuracy: 39.20
(0.4, 3, 2.646356)
Testing accuracy: 38.23
(0.4, 4, 4.64774)
Testing accuracy: 37.61
(0.66, 2, 5.159621)
Testing accuracy: 36.70
(0.66, 3, 5.528077)
Testing accuracy: 36.77
(0.66, 4, 6.945581)
Testing accuracy: 37.22
(1.0, 2, 11.424356)
Testing accuracy: 36.27

 52%|█████▏    | 522/1000 [1:26:45<1:38:13, 12.33s/it]********************************************************************************
Round 522
this epoch cost time:0.7055401802062988
this epoch choose: [52, 56, 81, 98, 29, 44, 54, 84, 63, 88]
this epoch dispatch models: [3 4 4 5 2 4 2 4 5 2]
this epoch received models: [np.int64(3), np.int64(4), np.int64(4), np.int64(5), np.int64(2), np.int64(4), np.int64(2), np.int64(4), np.int64(5), np.int64(2)]
hetero_proportion: 	4:3:3
(0.4, 2, 2.120985)
Testing accuracy: 39.25
(0.4, 3, 2.646356)
Testing accuracy: 38.35
(0.4, 4, 4.64774)
Testing accuracy: 37.75
(0.66, 2, 5.159621)
Testing accuracy: 36.80
(0.66, 3, 5.528077)
Testing accuracy: 36.65
(0.66, 4, 6.945581)
Testing accuracy: 37.24
(1.0, 2, 11.424356)
Testing accuracy: 36.37

 52%|█████▏    | 523/1000 [1:26:57<1:38:09, 12.35s/it]********************************************************************************
Round 523
this epoch cost time:0.7409837245941162
this epoch choose: [63, 96, 98, 52, 46, 40, 99, 65, 80, 76]
this epoch dispatch models: [5 1 0 4 5 5 6 3 6 5]
this epoch received models: [np.int64(5), np.int64(1), np.int64(0), np.int64(4), np.int64(5), np.int64(5), np.int64(6), np.int64(3), np.int64(6), np.int64(5)]
hetero_proportion: 	4:3:3
(0.4, 2, 2.120985)
Testing accuracy: 38.95
(0.4, 3, 2.646356)
Testing accuracy: 38.00
(0.4, 4, 4.64774)
Testing accuracy: 37.42
(0.66, 2, 5.159621)
Testing accuracy: 36.66
(0.66, 3, 5.528077)
Testing accuracy: 36.67
(0.66, 4, 6.945581)
Testing accuracy: 37.26
(1.0, 2, 11.424356)
Testing accuracy: 36.27

 52%|█████▏    | 524/1000 [1:27:09<1:38:15, 12.39s/it]********************************************************************************
Round 524
this epoch cost time:0.6190955638885498
this epoch choose: [42, 87, 52, 43, 75, 88, 32, 65, 88, 79]
this epoch dispatch models: [1 0 1 1 1 2 0 3 5 3]
this epoch received models: [np.int64(1), np.int64(0), np.int64(1), np.int64(1), np.int64(1), np.int64(2), np.int64(0), np.int64(3), np.int64(5), np.int64(3)]
hetero_proportion: 	4:3:3
(0.4, 2, 2.120985)
Testing accuracy: 38.76
(0.4, 3, 2.646356)
Testing accuracy: 37.91
(0.4, 4, 4.64774)
Testing accuracy: 37.43
(0.66, 2, 5.159621)
Testing accuracy: 36.57
(0.66, 3, 5.528077)
Testing accuracy: 36.91
(0.66, 4, 6.945581)
Testing accuracy: 37.22
(1.0, 2, 11.424356)
Testing accuracy: 36.29

 52%|█████▎    | 525/1000 [1:27:22<1:37:17, 12.29s/it]********************************************************************************
Round 525
this epoch cost time:0.7141737937927246
this epoch choose: [57, 89, 45, 79, 44, 99, 91, 55, 28, 89]
this epoch dispatch models: [4 4 0 5 4 6 5 2 0 6]
this epoch received models: [np.int64(4), np.int64(4), np.int64(0), np.int64(5), np.int64(4), np.int64(6), np.int64(5), np.int64(2), np.int64(0), np.int64(6)]
hetero_proportion: 	4:3:3
(0.4, 2, 2.120985)
Testing accuracy: 39.02
(0.4, 3, 2.646356)
Testing accuracy: 37.92
(0.4, 4, 4.64774)
Testing accuracy: 37.85
(0.66, 2, 5.159621)
Testing accuracy: 36.58
(0.66, 3, 5.528077)
Testing accuracy: 37.11
(0.66, 4, 6.945581)
Testing accuracy: 37.38
(1.0, 2, 11.424356)
Testing accuracy: 36.61

 53%|█████▎    | 526/1000 [1:27:35<1:39:03, 12.54s/it]********************************************************************************
Round 526
this epoch cost time:0.6576797962188721
this epoch choose: [70, 44, 89, 58, 91, 41, 73, 78, 67, 43]
this epoch dispatch models: [4 2 3 4 1 3 6 4 2 4]
this epoch received models: [np.int64(4), np.int64(2), np.int64(3), np.int64(4), np.int64(1), np.int64(3), np.int64(6), np.int64(4), np.int64(2), np.int64(4)]
hetero_proportion: 	4:3:3
(0.4, 2, 2.120985)
Testing accuracy: 39.17
(0.4, 3, 2.646356)
Testing accuracy: 37.97
(0.4, 4, 4.64774)
Testing accuracy: 37.83
(0.66, 2, 5.159621)
Testing accuracy: 36.69
(0.66, 3, 5.528077)
Testing accuracy: 36.96
(0.66, 4, 6.945581)
Testing accuracy: 37.29
(1.0, 2, 11.424356)
Testing accuracy: 36.58

 53%|█████▎    | 527/1000 [1:27:47<1:38:55, 12.55s/it]********************************************************************************
Round 527
this epoch cost time:0.5783669948577881
this epoch choose: [21, 79, 88, 28, 98, 68, 84, 97, 58, 54]
this epoch dispatch models: [1 2 3 2 0 1 6 6 4 0]
this epoch received models: [np.int64(1), np.int64(2), np.int64(3), np.int64(2), np.int64(0), np.int64(1), np.int64(6), np.int64(6), np.int64(4), np.int64(0)]
hetero_proportion: 	4:3:3
(0.4, 2, 2.120985)
Testing accuracy: 38.78
(0.4, 3, 2.646356)
Testing accuracy: 38.04
(0.4, 4, 4.64774)
Testing accuracy: 37.68
(0.66, 2, 5.159621)
Testing accuracy: 36.71
(0.66, 3, 5.528077)
Testing accuracy: 36.83
(0.66, 4, 6.945581)
Testing accuracy: 37.23
(1.0, 2, 11.424356)
Testing accuracy: 36.49

 53%|█████▎    | 528/1000 [1:28:00<1:38:23, 12.51s/it]********************************************************************************
Round 528
this epoch cost time:0.6906137466430664
this epoch choose: [65, 79, 70, 8, 50, 49, 93, 88, 26, 93]
this epoch dispatch models: [3 0 6 2 1 3 0 6 2 5]
this epoch received models: [np.int64(3), np.int64(0), np.int64(6), np.int64(2), np.int64(1), np.int64(3), np.int64(0), np.int64(6), np.int64(2), np.int64(5)]
hetero_proportion: 	4:3:3
(0.4, 2, 2.120985)
Testing accuracy: 39.03
(0.4, 3, 2.646356)
Testing accuracy: 37.98
(0.4, 4, 4.64774)
Testing accuracy: 37.50
(0.66, 2, 5.159621)
Testing accuracy: 36.84
(0.66, 3, 5.528077)
Testing accuracy: 36.70
(0.66, 4, 6.945581)
Testing accuracy: 37.33
(1.0, 2, 11.424356)
Testing accuracy: 36.36

 53%|█████▎    | 529/1000 [1:28:12<1:36:39, 12.31s/it]********************************************************************************
Round 529
this epoch cost time:0.7028868198394775
this epoch choose: [98, 70, 85, 50, 71, 46, 66, 82, 99, 50]
this epoch dispatch models: [5 5 1 0 5 3 4 1 6 3]
this epoch received models: [np.int64(5), np.int64(5), np.int64(1), np.int64(0), np.int64(5), np.int64(3), np.int64(4), np.int64(1), np.int64(6), np.int64(3)]
hetero_proportion: 	4:3:3
(0.4, 2, 2.120985)
Testing accuracy: 38.95
(0.4, 3, 2.646356)
Testing accuracy: 37.89
(0.4, 4, 4.64774)
Testing accuracy: 37.44
(0.66, 2, 5.159621)
Testing accuracy: 36.51
(0.66, 3, 5.528077)
Testing accuracy: 36.85
(0.66, 4, 6.945581)
Testing accuracy: 37.30
(1.0, 2, 11.424356)
Testing accuracy: 36.30

 53%|█████▎    | 530/1000 [1:28:23<1:33:45, 11.97s/it]********************************************************************************
Round 530
this epoch cost time:0.6919386386871338
this epoch choose: [97, 91, 82, 63, 53, 90, 59, 75, 94, 42]
this epoch dispatch models: [4 1 4 0 3 6 3 5 6 4]
this epoch received models: [np.int64(4), np.int64(1), np.int64(4), np.int64(0), np.int64(3), np.int64(6), np.int64(3), np.int64(5), np.int64(6), np.int64(4)]
hetero_proportion: 	4:3:3
(0.4, 2, 2.120985)
Testing accuracy: 39.03
(0.4, 3, 2.646356)
Testing accuracy: 38.20
(0.4, 4, 4.64774)
Testing accuracy: 37.50
(0.66, 2, 5.159621)
Testing accuracy: 36.85
(0.66, 3, 5.528077)
Testing accuracy: 36.91
(0.66, 4, 6.945581)
Testing accuracy: 37.14
(1.0, 2, 11.424356)
Testing accuracy: 36.58

 53%|█████▎    | 531/1000 [1:28:34<1:32:11, 11.80s/it]********************************************************************************
Round 531
this epoch cost time:0.7317287921905518
this epoch choose: [38, 58, 17, 56, 92, 90, 86, 59, 85, 48]
this epoch dispatch models: [1 4 2 4 3 6 6 3 6 4]
this epoch received models: [np.int64(1), np.int64(4), np.int64(2), np.int64(4), np.int64(3), np.int64(6), np.int64(6), np.int64(3), np.int64(6), np.int64(4)]
hetero_proportion: 	4:3:3
(0.4, 2, 2.120985)
Testing accuracy: 39.20
(0.4, 3, 2.646356)
Testing accuracy: 37.97
(0.4, 4, 4.64774)
Testing accuracy: 37.63
(0.66, 2, 5.159621)
Testing accuracy: 36.75
(0.66, 3, 5.528077)
Testing accuracy: 36.91
(0.66, 4, 6.945581)
Testing accuracy: 37.27
(1.0, 2, 11.424356)
Testing accuracy: 36.58

 53%|█████▎    | 532/1000 [1:28:47<1:34:53, 12.16s/it]********************************************************************************
Round 532
this epoch cost time:0.8880705833435059
this epoch choose: [83, 61, 73, 41, 76, 35, 42, 39, 64, 98]
this epoch dispatch models: [6 5 3 0 6 2 3 2 2 5]
this epoch received models: [np.int64(6), np.int64(5), np.int64(3), np.int64(0), np.int64(6), np.int64(2), np.int64(3), np.int64(2), np.int64(2), np.int64(5)]
hetero_proportion: 	4:3:3
(0.4, 2, 2.120985)
Testing accuracy: 39.09
(0.4, 3, 2.646356)
Testing accuracy: 38.17
(0.4, 4, 4.64774)
Testing accuracy: 37.55
(0.66, 2, 5.159621)
Testing accuracy: 36.90
(0.66, 3, 5.528077)
Testing accuracy: 36.95
(0.66, 4, 6.945581)
Testing accuracy: 37.28
(1.0, 2, 11.424356)
Testing accuracy: 36.44

 53%|█████▎    | 533/1000 [1:28:59<1:33:17, 11.99s/it]********************************************************************************
Round 533
this epoch cost time:0.6315450668334961
this epoch choose: [73, 58, 63, 79, 33, 50, 37, 33, 42, 74]
this epoch dispatch models: [1 3 1 6 2 4 2 1 0 6]
this epoch received models: [np.int64(1), np.int64(3), np.int64(1), np.int64(6), np.int64(2), np.int64(4), np.int64(2), np.int64(1), np.int64(0), np.int64(6)]
hetero_proportion: 	4:3:3
(0.4, 2, 2.120985)
Testing accuracy: 39.04
(0.4, 3, 2.646356)
Testing accuracy: 37.70
(0.4, 4, 4.64774)
Testing accuracy: 37.32
(0.66, 2, 5.159621)
Testing accuracy: 36.49
(0.66, 3, 5.528077)
Testing accuracy: 36.87
(0.66, 4, 6.945581)
Testing accuracy: 37.21
(1.0, 2, 11.424356)
Testing accuracy: 36.68

 53%|█████▎    | 534/1000 [1:29:11<1:33:55, 12.09s/it]********************************************************************************
Round 534
this epoch cost time:0.731147050857544
this epoch choose: [56, 82, 86, 68, 82, 93, 96, 85, 86, 75]
this epoch dispatch models: [5 6 1 3 5 4 4 6 4 6]
this epoch received models: [np.int64(5), np.int64(6), np.int64(1), np.int64(3), np.int64(5), np.int64(4), np.int64(4), np.int64(6), np.int64(4), np.int64(6)]
hetero_proportion: 	4:3:3
(0.4, 2, 2.120985)
Testing accuracy: 38.97
(0.4, 3, 2.646356)
Testing accuracy: 37.85
(0.4, 4, 4.64774)
Testing accuracy: 37.66
(0.66, 2, 5.159621)
Testing accuracy: 36.78
(0.66, 3, 5.528077)
Testing accuracy: 37.04
(0.66, 4, 6.945581)
Testing accuracy: 37.26
(1.0, 2, 11.424356)
Testing accuracy: 36.73

 54%|█████▎    | 535/1000 [1:29:24<1:35:46, 12.36s/it]********************************************************************************
Round 535
this epoch cost time:0.6791558265686035
this epoch choose: [49, 71, 45, 74, 53, 99, 40, 71, 73, 87]
this epoch dispatch models: [1 6 3 0 5 4 1 6 4 4]
this epoch received models: [np.int64(1), np.int64(6), np.int64(3), np.int64(0), np.int64(5), np.int64(4), np.int64(1), np.int64(6), np.int64(4), np.int64(4)]
hetero_proportion: 	4:3:3
(0.4, 2, 2.120985)
Testing accuracy: 39.35
(0.4, 3, 2.646356)
Testing accuracy: 37.78
(0.4, 4, 4.64774)
Testing accuracy: 37.49
(0.66, 2, 5.159621)
Testing accuracy: 36.73
(0.66, 3, 5.528077)
Testing accuracy: 37.10
(0.66, 4, 6.945581)
Testing accuracy: 37.24
(1.0, 2, 11.424356)
Testing accuracy: 36.58

 54%|█████▎    | 536/1000 [1:29:37<1:37:17, 12.58s/it]********************************************************************************
Round 536
this epoch cost time:0.642268180847168
this epoch choose: [59, 42, 66, 13, 79, 80, 92, 41, 16, 98]
this epoch dispatch models: [3 3 4 2 3 0 6 2 0 4]
this epoch received models: [np.int64(3), np.int64(3), np.int64(4), np.int64(2), np.int64(3), np.int64(0), np.int64(6), np.int64(2), np.int64(0), np.int64(4)]
hetero_proportion: 	4:3:3
(0.4, 2, 2.120985)
Testing accuracy: 39.63
(0.4, 3, 2.646356)
Testing accuracy: 38.31
(0.4, 4, 4.64774)
Testing accuracy: 37.78
(0.66, 2, 5.159621)
Testing accuracy: 36.87
(0.66, 3, 5.528077)
Testing accuracy: 37.13
(0.66, 4, 6.945581)
Testing accuracy: 37.27
(1.0, 2, 11.424356)
Testing accuracy: 36.58

 54%|█████▎    | 537/1000 [1:29:50<1:37:37, 12.65s/it]********************************************************************************
Round 537
this epoch cost time:0.5516035556793213
this epoch choose: [40, 62, 30, 79, 45, 73, 67, 85, 30, 66]
this epoch dispatch models: [4 3 0 5 0 3 4 3 0 1]
this epoch received models: [np.int64(4), np.int64(3), np.int64(0), np.int64(5), np.int64(0), np.int64(3), np.int64(4), np.int64(3), np.int64(0), np.int64(1)]
hetero_proportion: 	4:3:3
(0.4, 2, 2.120985)
Testing accuracy: 39.11
(0.4, 3, 2.646356)
Testing accuracy: 37.83
(0.4, 4, 4.64774)
Testing accuracy: 37.79
(0.66, 2, 5.159621)
Testing accuracy: 36.72
(0.66, 3, 5.528077)
Testing accuracy: 37.06
(0.66, 4, 6.945581)
Testing accuracy: 37.22
(1.0, 2, 11.424356)
Testing accuracy: 36.76

 54%|█████▍    | 538/1000 [1:30:02<1:35:50, 12.45s/it]********************************************************************************
Round 538
this epoch cost time:0.7897357940673828
this epoch choose: [10, 4, 80, 41, 83, 68, 41, 21, 98, 95]
this epoch dispatch models: [0 0 6 5 2 5 5 2 6 2]
this epoch received models: [np.int64(0), np.int64(0), np.int64(6), np.int64(5), np.int64(2), np.int64(5), np.int64(5), np.int64(2), np.int64(6), np.int64(2)]
hetero_proportion: 	4:3:3
(0.4, 2, 2.120985)
Testing accuracy: 39.19
(0.4, 3, 2.646356)
Testing accuracy: 38.07
(0.4, 4, 4.64774)
Testing accuracy: 37.88
(0.66, 2, 5.159621)
Testing accuracy: 36.98
(0.66, 3, 5.528077)
Testing accuracy: 37.13
(0.66, 4, 6.945581)
Testing accuracy: 37.23
(1.0, 2, 11.424356)
Testing accuracy: 36.72

 54%|█████▍    | 539/1000 [1:30:15<1:36:47, 12.60s/it]********************************************************************************
Round 539
this epoch cost time:0.6448080539703369
this epoch choose: [57, 95, 82, 89, 26, 54, 58, 80, 21, 71]
this epoch dispatch models: [4 6 5 6 0 2 3 1 0 6]
this epoch received models: [np.int64(4), np.int64(6), np.int64(5), np.int64(6), np.int64(0), np.int64(2), np.int64(3), np.int64(1), np.int64(0), np.int64(6)]
hetero_proportion: 	4:3:3
(0.4, 2, 2.120985)
Testing accuracy: 39.44
(0.4, 3, 2.646356)
Testing accuracy: 38.01
(0.4, 4, 4.64774)
Testing accuracy: 37.85
(0.66, 2, 5.159621)
Testing accuracy: 37.24
(0.66, 3, 5.528077)
Testing accuracy: 36.95
(0.66, 4, 6.945581)
Testing accuracy: 37.55
(1.0, 2, 11.424356)
Testing accuracy: 37.05

 54%|█████▍    | 540/1000 [1:30:28<1:37:06, 12.67s/it]********************************************************************************
Round 540
this epoch cost time:0.6155657768249512
this epoch choose: [4, 71, 64, 95, 69, 87, 99, 84, 14, 48]
this epoch dispatch models: [2 5 4 5 0 2 6 2 2 1]
this epoch received models: [np.int64(2), np.int64(5), np.int64(4), np.int64(5), np.int64(0), np.int64(2), np.int64(6), np.int64(2), np.int64(2), np.int64(1)]
hetero_proportion: 	4:3:3
(0.4, 2, 2.120985)
Testing accuracy: 38.96
(0.4, 3, 2.646356)
Testing accuracy: 37.69
(0.4, 4, 4.64774)
Testing accuracy: 37.10
(0.66, 2, 5.159621)
Testing accuracy: 36.83
(0.66, 3, 5.528077)
Testing accuracy: 36.70
(0.66, 4, 6.945581)
Testing accuracy: 37.02
(1.0, 2, 11.424356)
Testing accuracy: 36.71

 54%|█████▍    | 541/1000 [1:30:40<1:36:07, 12.57s/it]********************************************************************************
Round 541
this epoch cost time:0.7563514709472656
this epoch choose: [58, 55, 99, 6, 29, 80, 53, 75, 73, 71]
this epoch dispatch models: [5 2 6 2 2 6 1 1 1 5]
this epoch received models: [np.int64(5), np.int64(2), np.int64(6), np.int64(2), np.int64(2), np.int64(6), np.int64(1), np.int64(1), np.int64(1), np.int64(5)]
hetero_proportion: 	4:3:3
(0.4, 2, 2.120985)
Testing accuracy: 39.23
(0.4, 3, 2.646356)
Testing accuracy: 37.85
(0.4, 4, 4.64774)
Testing accuracy: 37.10
(0.66, 2, 5.159621)
Testing accuracy: 36.85
(0.66, 3, 5.528077)
Testing accuracy: 36.78
(0.66, 4, 6.945581)
Testing accuracy: 37.27
(1.0, 2, 11.424356)
Testing accuracy: 36.67

 54%|█████▍    | 542/1000 [1:30:53<1:36:38, 12.66s/it]********************************************************************************
Round 542
this epoch cost time:0.7378675937652588
this epoch choose: [78, 53, 77, 65, 86, 45, 80, 90, 80, 65]
this epoch dispatch models: [3 5 4 2 2 3 6 4 3 5]
this epoch received models: [np.int64(3), np.int64(5), np.int64(4), np.int64(2), np.int64(2), np.int64(3), np.int64(6), np.int64(4), np.int64(3), np.int64(5)]
hetero_proportion: 	4:3:3
(0.4, 2, 2.120985)
Testing accuracy: 39.47
(0.4, 3, 2.646356)
Testing accuracy: 38.02
(0.4, 4, 4.64774)
Testing accuracy: 37.48
(0.66, 2, 5.159621)
Testing accuracy: 36.95
(0.66, 3, 5.528077)
Testing accuracy: 36.85
(0.66, 4, 6.945581)
Testing accuracy: 37.43
(1.0, 2, 11.424356)
Testing accuracy: 36.81

 54%|█████▍    | 543/1000 [1:31:05<1:36:08, 12.62s/it]********************************************************************************
Round 543
this epoch cost time:0.7610054016113281
this epoch choose: [83, 51, 89, 55, 66, 93, 62, 95, 9, 81]
this epoch dispatch models: [1 3 3 4 1 3 0 5 1 0]
this epoch received models: [np.int64(1), np.int64(3), np.int64(3), np.int64(4), np.int64(1), np.int64(3), np.int64(0), np.int64(5), np.int64(1), np.int64(0)]
hetero_proportion: 	4:3:3
(0.4, 2, 2.120985)
Testing accuracy: 38.86
(0.4, 3, 2.646356)
Testing accuracy: 37.64
(0.4, 4, 4.64774)
Testing accuracy: 37.53
(0.66, 2, 5.159621)
Testing accuracy: 36.73
(0.66, 3, 5.528077)
Testing accuracy: 36.58
(0.66, 4, 6.945581)
Testing accuracy: 37.07
(1.0, 2, 11.424356)
Testing accuracy: 36.40

 54%|█████▍    | 544/1000 [1:31:17<1:33:40, 12.33s/it]********************************************************************************
Round 544
this epoch cost time:0.6151480674743652
this epoch choose: [66, 86, 65, 76, 32, 89, 40, 36, 71, 56]
this epoch dispatch models: [3 1 4 6 0 5 3 0 6 5]
this epoch received models: [np.int64(3), np.int64(1), np.int64(4), np.int64(6), np.int64(0), np.int64(5), np.int64(3), np.int64(0), np.int64(6), np.int64(5)]
hetero_proportion: 	4:3:3
(0.4, 2, 2.120985)
Testing accuracy: 39.14
(0.4, 3, 2.646356)
Testing accuracy: 37.58
(0.4, 4, 4.64774)
Testing accuracy: 37.58
(0.66, 2, 5.159621)
Testing accuracy: 37.04
(0.66, 3, 5.528077)
Testing accuracy: 36.90
(0.66, 4, 6.945581)
Testing accuracy: 37.36
(1.0, 2, 11.424356)
Testing accuracy: 36.40

 55%|█████▍    | 545/1000 [1:31:29<1:33:12, 12.29s/it]********************************************************************************
Round 545
this epoch cost time:0.5911879539489746
this epoch choose: [89, 72, 23, 79, 56, 96, 84, 84, 67, 39]
this epoch dispatch models: [4 6 1 1 3 2 6 4 3 1]
this epoch received models: [np.int64(4), np.int64(6), np.int64(1), np.int64(1), np.int64(3), np.int64(2), np.int64(6), np.int64(4), np.int64(3), np.int64(1)]
hetero_proportion: 	4:3:3
(0.4, 2, 2.120985)
Testing accuracy: 38.99
(0.4, 3, 2.646356)
Testing accuracy: 37.94
(0.4, 4, 4.64774)
Testing accuracy: 37.51
(0.66, 2, 5.159621)
Testing accuracy: 37.00
(0.66, 3, 5.528077)
Testing accuracy: 36.52
(0.66, 4, 6.945581)
Testing accuracy: 37.45
(1.0, 2, 11.424356)
Testing accuracy: 36.57

 55%|█████▍    | 546/1000 [1:31:41<1:31:05, 12.04s/it]********************************************************************************
Round 546
this epoch cost time:0.6203389167785645
this epoch choose: [12, 59, 6, 85, 22, 32, 70, 26, 16, 42]
this epoch dispatch models: [1 5 1 6 0 0 2 1 0 3]
this epoch received models: [np.int64(1), np.int64(5), np.int64(1), np.int64(6), np.int64(0), np.int64(0), np.int64(2), np.int64(1), np.int64(0), np.int64(3)]
hetero_proportion: 	4:3:3
(0.4, 2, 2.120985)
Testing accuracy: 39.11
(0.4, 3, 2.646356)
Testing accuracy: 37.69
(0.4, 4, 4.64774)
Testing accuracy: 37.58
(0.66, 2, 5.159621)
Testing accuracy: 36.84
(0.66, 3, 5.528077)
Testing accuracy: 36.72
(0.66, 4, 6.945581)
Testing accuracy: 37.27
(1.0, 2, 11.424356)
Testing accuracy: 36.48

 55%|█████▍    | 547/1000 [1:31:53<1:31:06, 12.07s/it]********************************************************************************
Round 547
this epoch cost time:0.8219752311706543
this epoch choose: [83, 51, 87, 40, 72, 64, 38, 0, 86, 48]
this epoch dispatch models: [5 2 6 4 2 0 1 0 4 2]
this epoch received models: [np.int64(5), np.int64(2), np.int64(6), np.int64(4), np.int64(2), np.int64(0), np.int64(1), np.int64(0), np.int64(4), np.int64(2)]
hetero_proportion: 	4:3:3
(0.4, 2, 2.120985)
Testing accuracy: 39.23
(0.4, 3, 2.646356)
Testing accuracy: 37.99
(0.4, 4, 4.64774)
Testing accuracy: 37.49
(0.66, 2, 5.159621)
Testing accuracy: 36.72
(0.66, 3, 5.528077)
Testing accuracy: 36.70
(0.66, 4, 6.945581)
Testing accuracy: 37.21
(1.0, 2, 11.424356)
Testing accuracy: 36.46

 55%|█████▍    | 548/1000 [1:32:06<1:32:29, 12.28s/it]********************************************************************************
Round 548
this epoch cost time:0.5857648849487305
this epoch choose: [61, 12, 32, 50, 78, 84, 76, 9, 51, 99]
this epoch dispatch models: [5 0 1 3 3 3 6 0 4 2]
this epoch received models: [np.int64(5), np.int64(0), np.int64(1), np.int64(3), np.int64(3), np.int64(3), np.int64(6), np.int64(0), np.int64(4), np.int64(2)]
hetero_proportion: 	4:3:3
(0.4, 2, 2.120985)
Testing accuracy: 39.18
(0.4, 3, 2.646356)
Testing accuracy: 38.06
(0.4, 4, 4.64774)
Testing accuracy: 37.66
(0.66, 2, 5.159621)
Testing accuracy: 36.94
(0.66, 3, 5.528077)
Testing accuracy: 36.88
(0.66, 4, 6.945581)
Testing accuracy: 37.41
(1.0, 2, 11.424356)
Testing accuracy: 36.60

 55%|█████▍    | 549/1000 [1:32:18<1:31:40, 12.20s/it]********************************************************************************
Round 549
this epoch cost time:0.5563249588012695
this epoch choose: [84, 87, 88, 82, 48, 73, 72, 93, 2, 28]
this epoch dispatch models: [5 0 6 1 0 4 1 6 2 0]
this epoch received models: [np.int64(5), np.int64(0), np.int64(6), np.int64(1), np.int64(0), np.int64(4), np.int64(1), np.int64(6), np.int64(2), np.int64(0)]
hetero_proportion: 	4:3:3
(0.4, 2, 2.120985)
Testing accuracy: 38.97
(0.4, 3, 2.646356)
Testing accuracy: 37.72
(0.4, 4, 4.64774)
Testing accuracy: 37.63
(0.66, 2, 5.159621)
Testing accuracy: 36.76
(0.66, 3, 5.528077)
Testing accuracy: 36.70
(0.66, 4, 6.945581)
Testing accuracy: 37.27
(1.0, 2, 11.424356)
Testing accuracy: 36.53

 55%|█████▌    | 550/1000 [1:32:30<1:30:50, 12.11s/it]********************************************************************************
Round 550
this epoch cost time:0.684072732925415
this epoch choose: [98, 65, 91, 2, 82, 70, 73, 66, 97, 79]
this epoch dispatch models: [4 3 6 0 4 6 3 5 1 3]
this epoch received models: [np.int64(4), np.int64(3), np.int64(6), np.int64(0), np.int64(4), np.int64(6), np.int64(3), np.int64(5), np.int64(1), np.int64(3)]
hetero_proportion: 	4:3:3
(0.4, 2, 2.120985)
Testing accuracy: 38.95
(0.4, 3, 2.646356)
Testing accuracy: 37.83
(0.4, 4, 4.64774)
Testing accuracy: 37.49
(0.66, 2, 5.159621)
Testing accuracy: 36.92
(0.66, 3, 5.528077)
Testing accuracy: 36.58
(0.66, 4, 6.945581)
Testing accuracy: 37.39
(1.0, 2, 11.424356)
Testing accuracy: 36.36

 55%|█████▌    | 551/1000 [1:32:42<1:31:04, 12.17s/it]********************************************************************************
Round 551
this epoch cost time:0.8640532493591309
this epoch choose: [95, 89, 96, 22, 6, 87, 99, 82, 83, 83]
this epoch dispatch models: [6 4 6 1 1 3 0 6 2 6]
this epoch received models: [np.int64(6), np.int64(4), np.int64(6), np.int64(1), np.int64(1), np.int64(3), np.int64(0), np.int64(6), np.int64(2), np.int64(6)]
hetero_proportion: 	4:3:3
(0.4, 2, 2.120985)
Testing accuracy: 39.22
(0.4, 3, 2.646356)
Testing accuracy: 37.81
(0.4, 4, 4.64774)
Testing accuracy: 37.57
(0.66, 2, 5.159621)
Testing accuracy: 36.93
(0.66, 3, 5.528077)
Testing accuracy: 36.66
(0.66, 4, 6.945581)
Testing accuracy: 37.33
(1.0, 2, 11.424356)
Testing accuracy: 36.55

 55%|█████▌    | 552/1000 [1:32:54<1:31:40, 12.28s/it]********************************************************************************
Round 552
this epoch cost time:0.7384810447692871
this epoch choose: [52, 75, 54, 45, 89, 68, 74, 69, 80, 85]
this epoch dispatch models: [5 6 5 3 6 5 5 0 6 2]
this epoch received models: [np.int64(5), np.int64(6), np.int64(5), np.int64(3), np.int64(6), np.int64(5), np.int64(5), np.int64(0), np.int64(6), np.int64(2)]
hetero_proportion: 	4:3:3
(0.4, 2, 2.120985)
Testing accuracy: 38.94
(0.4, 3, 2.646356)
Testing accuracy: 37.79
(0.4, 4, 4.64774)
Testing accuracy: 37.53
(0.66, 2, 5.159621)
Testing accuracy: 36.96
(0.66, 3, 5.528077)
Testing accuracy: 36.78
(0.66, 4, 6.945581)
Testing accuracy: 37.53
(1.0, 2, 11.424356)
Testing accuracy: 36.45

 55%|█████▌    | 553/1000 [1:33:08<1:34:12, 12.64s/it]********************************************************************************
Round 553
this epoch cost time:0.6347999572753906
this epoch choose: [91, 32, 76, 64, 76, 32, 49, 55, 85, 58]
this epoch dispatch models: [6 0 6 1 0 1 1 5 0 5]
this epoch received models: [np.int64(6), np.int64(0), np.int64(6), np.int64(1), np.int64(0), np.int64(1), np.int64(1), np.int64(5), np.int64(0), np.int64(5)]
hetero_proportion: 	4:3:3
(0.4, 2, 2.120985)
Testing accuracy: 38.90
(0.4, 3, 2.646356)
Testing accuracy: 37.63
(0.4, 4, 4.64774)
Testing accuracy: 37.56
(0.66, 2, 5.159621)
Testing accuracy: 36.55
(0.66, 3, 5.528077)
Testing accuracy: 36.50
(0.66, 4, 6.945581)
Testing accuracy: 37.29
(1.0, 2, 11.424356)
Testing accuracy: 36.55

 55%|█████▌    | 554/1000 [1:33:20<1:33:54, 12.63s/it]********************************************************************************
Round 554
this epoch cost time:0.7607085704803467
this epoch choose: [79, 32, 97, 85, 49, 85, 80, 57, 81, 88]
this epoch dispatch models: [1 0 3 4 3 4 2 5 6 6]
this epoch received models: [np.int64(1), np.int64(0), np.int64(3), np.int64(4), np.int64(3), np.int64(4), np.int64(2), np.int64(5), np.int64(6), np.int64(6)]
hetero_proportion: 	4:3:3
(0.4, 2, 2.120985)
Testing accuracy: 38.95
(0.4, 3, 2.646356)
Testing accuracy: 37.76
(0.4, 4, 4.64774)
Testing accuracy: 37.70
(0.66, 2, 5.159621)
Testing accuracy: 36.87
(0.66, 3, 5.528077)
Testing accuracy: 36.74
(0.66, 4, 6.945581)
Testing accuracy: 37.43
(1.0, 2, 11.424356)
Testing accuracy: 36.50

 56%|█████▌    | 555/1000 [1:33:33<1:32:59, 12.54s/it]********************************************************************************
Round 555
this epoch cost time:0.6619164943695068
this epoch choose: [93, 57, 72, 82, 54, 89, 95, 52, 74, 82]
this epoch dispatch models: [6 4 5 2 3 5 3 4 4 3]
this epoch received models: [np.int64(6), np.int64(4), np.int64(5), np.int64(2), np.int64(3), np.int64(5), np.int64(3), np.int64(4), np.int64(4), np.int64(3)]
hetero_proportion: 	4:3:3
(0.4, 2, 2.120985)
Testing accuracy: 38.90
(0.4, 3, 2.646356)
Testing accuracy: 37.83
(0.4, 4, 4.64774)
Testing accuracy: 37.70
(0.66, 2, 5.159621)
Testing accuracy: 36.76
(0.66, 3, 5.528077)
Testing accuracy: 36.78
(0.66, 4, 6.945581)
Testing accuracy: 37.52
(1.0, 2, 11.424356)
Testing accuracy: 36.46

 56%|█████▌    | 556/1000 [1:33:43<1:28:09, 11.91s/it]********************************************************************************
Round 556
this epoch cost time:0.7357907295227051
this epoch choose: [41, 46, 76, 57, 50, 87, 80, 28, 50, 83]
this epoch dispatch models: [4 5 6 3 5 4 6 2 3 0]
this epoch received models: [np.int64(4), np.int64(5), np.int64(6), np.int64(3), np.int64(5), np.int64(4), np.int64(6), np.int64(2), np.int64(3), np.int64(0)]
hetero_proportion: 	4:3:3
(0.4, 2, 2.120985)
Testing accuracy: 38.82
(0.4, 3, 2.646356)
Testing accuracy: 37.82
(0.4, 4, 4.64774)
Testing accuracy: 37.25
(0.66, 2, 5.159621)
Testing accuracy: 36.86
(0.66, 3, 5.528077)
Testing accuracy: 36.72
(0.66, 4, 6.945581)
Testing accuracy: 37.39
(1.0, 2, 11.424356)
Testing accuracy: 36.36

 56%|█████▌    | 557/1000 [1:33:56<1:29:34, 12.13s/it]********************************************************************************
Round 557
this epoch cost time:0.6675138473510742
this epoch choose: [82, 42, 78, 54, 49, 33, 56, 53, 81, 56]
this epoch dispatch models: [2 4 3 5 2 1 4 3 1 3]
this epoch received models: [np.int64(2), np.int64(4), np.int64(3), np.int64(5), np.int64(2), np.int64(1), np.int64(4), np.int64(3), np.int64(1), np.int64(3)]
hetero_proportion: 	4:3:3
(0.4, 2, 2.120985)
Testing accuracy: 38.77
(0.4, 3, 2.646356)
Testing accuracy: 37.72
(0.4, 4, 4.64774)
Testing accuracy: 37.50
(0.66, 2, 5.159621)
Testing accuracy: 36.83
(0.66, 3, 5.528077)
Testing accuracy: 36.81
(0.66, 4, 6.945581)
Testing accuracy: 37.40
(1.0, 2, 11.424356)
Testing accuracy: 36.62

 56%|█████▌    | 558/1000 [1:34:08<1:29:20, 12.13s/it]********************************************************************************
Round 558
this epoch cost time:0.6238017082214355
this epoch choose: [48, 42, 89, 71, 19, 93, 63, 55, 59, 46]
this epoch dispatch models: [2 4 3 6 1 6 1 0 5 2]
this epoch received models: [np.int64(2), np.int64(4), np.int64(3), np.int64(6), np.int64(1), np.int64(6), np.int64(1), np.int64(0), np.int64(5), np.int64(2)]
hetero_proportion: 	4:3:3
(0.4, 2, 2.120985)
Testing accuracy: 38.80
(0.4, 3, 2.646356)
Testing accuracy: 37.93
(0.4, 4, 4.64774)
Testing accuracy: 37.49
(0.66, 2, 5.159621)
Testing accuracy: 36.24
(0.66, 3, 5.528077)
Testing accuracy: 36.59
(0.66, 4, 6.945581)
Testing accuracy: 37.43
(1.0, 2, 11.424356)
Testing accuracy: 36.39

 56%|█████▌    | 559/1000 [1:34:21<1:30:49, 12.36s/it]********************************************************************************
Round 559
this epoch cost time:0.5469012260437012
this epoch choose: [82, 89, 94, 62, 89, 52, 58, 99, 35, 91]
this epoch dispatch models: [6 4 3 4 6 4 3 6 0 4]
this epoch received models: [np.int64(6), np.int64(4), np.int64(3), np.int64(4), np.int64(6), np.int64(4), np.int64(3), np.int64(6), np.int64(0), np.int64(4)]
hetero_proportion: 	4:3:3
(0.4, 2, 2.120985)
Testing accuracy: 39.09
(0.4, 3, 2.646356)
Testing accuracy: 37.90
(0.4, 4, 4.64774)
Testing accuracy: 37.65
(0.66, 2, 5.159621)
Testing accuracy: 36.67
(0.66, 3, 5.528077)
Testing accuracy: 36.79
(0.66, 4, 6.945581)
Testing accuracy: 37.54
(1.0, 2, 11.424356)
Testing accuracy: 36.53

 56%|█████▌    | 560/1000 [1:34:33<1:29:26, 12.20s/it]********************************************************************************
Round 560
this epoch cost time:0.7891714572906494
this epoch choose: [33, 85, 89, 74, 74, 81, 49, 64, 43, 44]
this epoch dispatch models: [2 6 6 6 1 6 3 5 3 5]
this epoch received models: [np.int64(2), np.int64(6), np.int64(6), np.int64(6), np.int64(1), np.int64(6), np.int64(3), np.int64(5), np.int64(3), np.int64(5)]
hetero_proportion: 	4:3:3
(0.4, 2, 2.120985)
Testing accuracy: 39.27
(0.4, 3, 2.646356)
Testing accuracy: 37.93
(0.4, 4, 4.64774)
Testing accuracy: 37.66
(0.66, 2, 5.159621)
Testing accuracy: 36.74
(0.66, 3, 5.528077)
Testing accuracy: 36.97
(0.66, 4, 6.945581)
Testing accuracy: 37.50
(1.0, 2, 11.424356)
Testing accuracy: 36.70

 56%|█████▌    | 561/1000 [1:34:46<1:30:57, 12.43s/it]********************************************************************************
Round 561
this epoch cost time:0.6343328952789307
this epoch choose: [33, 9, 99, 71, 26, 58, 97, 79, 71, 34]
this epoch dispatch models: [2 0 2 5 1 2 6 6 6 0]
this epoch received models: [np.int64(2), np.int64(0), np.int64(2), np.int64(5), np.int64(1), np.int64(2), np.int64(6), np.int64(6), np.int64(6), np.int64(0)]
hetero_proportion: 	4:3:3
(0.4, 2, 2.120985)
Testing accuracy: 39.05
(0.4, 3, 2.646356)
Testing accuracy: 37.72
(0.4, 4, 4.64774)
Testing accuracy: 37.92
(0.66, 2, 5.159621)
Testing accuracy: 36.95
(0.66, 3, 5.528077)
Testing accuracy: 36.89
(0.66, 4, 6.945581)
Testing accuracy: 37.44
(1.0, 2, 11.424356)
Testing accuracy: 36.68

 56%|█████▌    | 562/1000 [1:34:58<1:31:07, 12.48s/it]********************************************************************************
Round 562
this epoch cost time:0.5961711406707764
this epoch choose: [61, 93, 0, 93, 84, 86, 78, 63, 95, 67]
this epoch dispatch models: [3 4 1 5 5 0 2 0 6 4]
this epoch received models: [np.int64(3), np.int64(4), np.int64(1), np.int64(5), np.int64(5), np.int64(0), np.int64(2), np.int64(0), np.int64(6), np.int64(4)]
hetero_proportion: 	4:3:3
(0.4, 2, 2.120985)
Testing accuracy: 38.59
(0.4, 3, 2.646356)
Testing accuracy: 37.64
(0.4, 4, 4.64774)
Testing accuracy: 37.44
(0.66, 2, 5.159621)
Testing accuracy: 36.66
(0.66, 3, 5.528077)
Testing accuracy: 36.70
(0.66, 4, 6.945581)
Testing accuracy: 37.33
(1.0, 2, 11.424356)
Testing accuracy: 36.47

 56%|█████▋    | 563/1000 [1:35:11<1:30:34, 12.44s/it]********************************************************************************
Round 563
this epoch cost time:0.5610654354095459
this epoch choose: [55, 67, 88, 63, 99, 78, 92, 62, 88, 24]
this epoch dispatch models: [0 5 5 3 6 5 1 2 4 2]
this epoch received models: [np.int64(0), np.int64(5), np.int64(5), np.int64(3), np.int64(6), np.int64(5), np.int64(1), np.int64(2), np.int64(4), np.int64(2)]
hetero_proportion: 	4:3:3
(0.4, 2, 2.120985)
Testing accuracy: 38.58
(0.4, 3, 2.646356)
Testing accuracy: 37.87
(0.4, 4, 4.64774)
Testing accuracy: 37.49
(0.66, 2, 5.159621)
Testing accuracy: 36.71
(0.66, 3, 5.528077)
Testing accuracy: 36.71
(0.66, 4, 6.945581)
Testing accuracy: 37.34
(1.0, 2, 11.424356)
Testing accuracy: 36.44

 56%|█████▋    | 564/1000 [1:35:23<1:30:26, 12.44s/it]********************************************************************************
Round 564
this epoch cost time:0.5859863758087158
this epoch choose: [93, 55, 50, 58, 96, 46, 10, 93, 20, 90]
this epoch dispatch models: [6 0 2 4 3 4 1 2 1 1]
this epoch received models: [np.int64(6), np.int64(0), np.int64(2), np.int64(4), np.int64(3), np.int64(4), np.int64(1), np.int64(2), np.int64(1), np.int64(1)]
hetero_proportion: 	4:3:3
(0.4, 2, 2.120985)
Testing accuracy: 38.88
(0.4, 3, 2.646356)
Testing accuracy: 37.96
(0.4, 4, 4.64774)
Testing accuracy: 37.67
(0.66, 2, 5.159621)
Testing accuracy: 36.98
(0.66, 3, 5.528077)
Testing accuracy: 36.89
(0.66, 4, 6.945581)
Testing accuracy: 37.61
(1.0, 2, 11.424356)
Testing accuracy: 36.63

 56%|█████▋    | 565/1000 [1:35:35<1:28:01, 12.14s/it]********************************************************************************
Round 565
this epoch cost time:0.658653974533081
this epoch choose: [61, 46, 88, 67, 85, 64, 15, 93, 48, 6]
this epoch dispatch models: [3 1 6 4 5 5 2 5 2 1]
this epoch received models: [np.int64(3), np.int64(1), np.int64(6), np.int64(4), np.int64(5), np.int64(5), np.int64(2), np.int64(5), np.int64(2), np.int64(1)]
hetero_proportion: 	4:3:3
(0.4, 2, 2.120985)
Testing accuracy: 39.07
(0.4, 3, 2.646356)
Testing accuracy: 38.10
(0.4, 4, 4.64774)
Testing accuracy: 37.67
(0.66, 2, 5.159621)
Testing accuracy: 37.02
(0.66, 3, 5.528077)
Testing accuracy: 36.89
(0.66, 4, 6.945581)
Testing accuracy: 37.58
(1.0, 2, 11.424356)
Testing accuracy: 36.76

 57%|█████▋    | 566/1000 [1:35:46<1:27:19, 12.07s/it]********************************************************************************
Round 566
this epoch cost time:0.6648993492126465
this epoch choose: [55, 77, 25, 73, 54, 94, 92, 61, 82, 22]
this epoch dispatch models: [0 0 2 6 5 5 6 1 6 0]
this epoch received models: [np.int64(0), np.int64(0), np.int64(2), np.int64(6), np.int64(5), np.int64(5), np.int64(6), np.int64(1), np.int64(6), np.int64(0)]
hetero_proportion: 	4:3:3
(0.4, 2, 2.120985)
Testing accuracy: 38.74
(0.4, 3, 2.646356)
Testing accuracy: 37.99
(0.4, 4, 4.64774)
Testing accuracy: 37.61
(0.66, 2, 5.159621)
Testing accuracy: 36.81
(0.66, 3, 5.528077)
Testing accuracy: 36.85
(0.66, 4, 6.945581)
Testing accuracy: 37.26
(1.0, 2, 11.424356)
Testing accuracy: 36.59

 57%|█████▋    | 567/1000 [1:35:59<1:28:08, 12.21s/it]********************************************************************************
Round 567
this epoch cost time:0.6771211624145508
this epoch choose: [87, 48, 28, 79, 46, 92, 44, 41, 72, 84]
this epoch dispatch models: [1 5 1 2 4 6 1 1 5 6]
this epoch received models: [np.int64(1), np.int64(5), np.int64(1), np.int64(2), np.int64(4), np.int64(6), np.int64(1), np.int64(1), np.int64(5), np.int64(6)]
hetero_proportion: 	4:3:3
(0.4, 2, 2.120985)
Testing accuracy: 38.95
(0.4, 3, 2.646356)
Testing accuracy: 38.20
(0.4, 4, 4.64774)
Testing accuracy: 37.54
(0.66, 2, 5.159621)
Testing accuracy: 36.81
(0.66, 3, 5.528077)
Testing accuracy: 36.94
(0.66, 4, 6.945581)
Testing accuracy: 37.32
(1.0, 2, 11.424356)
Testing accuracy: 36.43

 57%|█████▋    | 568/1000 [1:36:10<1:25:53, 11.93s/it]********************************************************************************
Round 568
this epoch cost time:0.7028677463531494
this epoch choose: [91, 89, 21, 64, 80, 61, 72, 51, 71, 64]
this epoch dispatch models: [4 3 1 3 1 2 0 3 6 2]
this epoch received models: [np.int64(4), np.int64(3), np.int64(1), np.int64(3), np.int64(1), np.int64(2), np.int64(0), np.int64(3), np.int64(6), np.int64(2)]
hetero_proportion: 	4:3:3
(0.4, 2, 2.120985)
Testing accuracy: 38.92
(0.4, 3, 2.646356)
Testing accuracy: 38.25
(0.4, 4, 4.64774)
Testing accuracy: 37.52
(0.66, 2, 5.159621)
Testing accuracy: 36.84
(0.66, 3, 5.528077)
Testing accuracy: 36.91
(0.66, 4, 6.945581)
Testing accuracy: 37.31
(1.0, 2, 11.424356)
Testing accuracy: 36.50

 57%|█████▋    | 569/1000 [1:36:22<1:25:35, 11.92s/it]********************************************************************************
Round 569
this epoch cost time:0.7781975269317627
this epoch choose: [25, 83, 77, 97, 16, 15, 35, 75, 1, 40]
this epoch dispatch models: [1 3 6 1 0 2 1 3 2 5]
this epoch received models: [np.int64(1), np.int64(3), np.int64(6), np.int64(1), np.int64(0), np.int64(2), np.int64(1), np.int64(3), np.int64(2), np.int64(5)]
hetero_proportion: 	4:3:3
(0.4, 2, 2.120985)
Testing accuracy: 39.09
(0.4, 3, 2.646356)
Testing accuracy: 37.96
(0.4, 4, 4.64774)
Testing accuracy: 37.20
(0.66, 2, 5.159621)
Testing accuracy: 36.66
(0.66, 3, 5.528077)
Testing accuracy: 36.94
(0.66, 4, 6.945581)
Testing accuracy: 37.55
(1.0, 2, 11.424356)
Testing accuracy: 36.42

 57%|█████▋    | 570/1000 [1:36:36<1:29:26, 12.48s/it]********************************************************************************
Round 570
this epoch cost time:0.6129376888275146
this epoch choose: [47, 58, 93, 27, 43, 99, 39, 84, 91, 18]
this epoch dispatch models: [0 4 4 2 4 5 0 1 6 0]
this epoch received models: [np.int64(0), np.int64(4), np.int64(4), np.int64(2), np.int64(4), np.int64(5), np.int64(0), np.int64(1), np.int64(6), np.int64(0)]
hetero_proportion: 	4:3:3
(0.4, 2, 2.120985)
Testing accuracy: 39.05
(0.4, 3, 2.646356)
Testing accuracy: 37.71
(0.4, 4, 4.64774)
Testing accuracy: 37.64
(0.66, 2, 5.159621)
Testing accuracy: 36.66
(0.66, 3, 5.528077)
Testing accuracy: 37.17
(0.66, 4, 6.945581)
Testing accuracy: 37.64
(1.0, 2, 11.424356)
Testing accuracy: 36.55

 57%|█████▋    | 571/1000 [1:36:48<1:29:26, 12.51s/it]********************************************************************************
Round 571
this epoch cost time:0.773005485534668
this epoch choose: [48, 8, 91, 50, 77, 53, 34, 97, 91, 48]
this epoch dispatch models: [4 1 1 4 5 2 1 0 4 5]
this epoch received models: [np.int64(4), np.int64(1), np.int64(1), np.int64(4), np.int64(5), np.int64(2), np.int64(1), np.int64(0), np.int64(4), np.int64(5)]
hetero_proportion: 	4:3:3
(0.4, 2, 2.120985)
Testing accuracy: 38.86
(0.4, 3, 2.646356)
Testing accuracy: 37.62
(0.4, 4, 4.64774)
Testing accuracy: 37.40
(0.66, 2, 5.159621)
Testing accuracy: 36.83
(0.66, 3, 5.528077)
Testing accuracy: 36.89
(0.66, 4, 6.945581)
Testing accuracy: 37.46
(1.0, 2, 11.424356)
Testing accuracy: 36.54

 57%|█████▋    | 572/1000 [1:37:02<1:30:41, 12.71s/it]********************************************************************************
Round 572
this epoch cost time:0.6219897270202637
this epoch choose: [72, 24, 99, 88, 20, 77, 66, 53, 50, 87]
this epoch dispatch models: [6 1 4 4 1 2 4 3 0 6]
this epoch received models: [np.int64(6), np.int64(1), np.int64(4), np.int64(4), np.int64(1), np.int64(2), np.int64(4), np.int64(3), np.int64(0), np.int64(6)]
hetero_proportion: 	4:3:3
(0.4, 2, 2.120985)
Testing accuracy: 38.72
(0.4, 3, 2.646356)
Testing accuracy: 38.02
(0.4, 4, 4.64774)
Testing accuracy: 37.65
(0.66, 2, 5.159621)
Testing accuracy: 36.74
(0.66, 3, 5.528077)
Testing accuracy: 37.02
(0.66, 4, 6.945581)
Testing accuracy: 37.58
(1.0, 2, 11.424356)
Testing accuracy: 36.91

 57%|█████▋    | 573/1000 [1:37:14<1:29:48, 12.62s/it]********************************************************************************
Round 573
this epoch cost time:0.6871175765991211
this epoch choose: [94, 62, 75, 77, 8, 63, 77, 26, 9, 87]
this epoch dispatch models: [3 1 6 1 1 2 6 2 1 2]
this epoch received models: [np.int64(3), np.int64(1), np.int64(6), np.int64(1), np.int64(1), np.int64(2), np.int64(6), np.int64(2), np.int64(1), np.int64(2)]
hetero_proportion: 	4:3:3
(0.4, 2, 2.120985)
Testing accuracy: 38.42
(0.4, 3, 2.646356)
Testing accuracy: 37.59
(0.4, 4, 4.64774)
Testing accuracy: 37.58
(0.66, 2, 5.159621)
Testing accuracy: 36.48
(0.66, 3, 5.528077)
Testing accuracy: 36.91
(0.66, 4, 6.945581)
Testing accuracy: 37.35
(1.0, 2, 11.424356)
Testing accuracy: 36.50

 57%|█████▋    | 574/1000 [1:37:27<1:29:50, 12.65s/it]********************************************************************************
Round 574
this epoch cost time:0.7051496505737305
this epoch choose: [49, 55, 24, 79, 79, 84, 18, 70, 56, 44]
this epoch dispatch models: [5 4 0 5 4 3 2 0 3 5]
this epoch received models: [np.int64(5), np.int64(4), np.int64(0), np.int64(5), np.int64(4), np.int64(3), np.int64(2), np.int64(0), np.int64(3), np.int64(5)]
hetero_proportion: 	4:3:3
(0.4, 2, 2.120985)
Testing accuracy: 38.83
(0.4, 3, 2.646356)
Testing accuracy: 38.12
(0.4, 4, 4.64774)
Testing accuracy: 37.96
(0.66, 2, 5.159621)
Testing accuracy: 36.73
(0.66, 3, 5.528077)
Testing accuracy: 37.12
(0.66, 4, 6.945581)
Testing accuracy: 37.56
(1.0, 2, 11.424356)
Testing accuracy: 36.54

 57%|█████▊    | 575/1000 [1:37:40<1:30:32, 12.78s/it]********************************************************************************
Round 575
this epoch cost time:0.5890910625457764
this epoch choose: [89, 94, 94, 73, 47, 72, 45, 67, 35, 22]
this epoch dispatch models: [4 6 5 1 0 6 2 0 0 2]
this epoch received models: [np.int64(4), np.int64(6), np.int64(5), np.int64(1), np.int64(0), np.int64(6), np.int64(2), np.int64(0), np.int64(0), np.int64(2)]
hetero_proportion: 	4:3:3
(0.4, 2, 2.120985)
Testing accuracy: 38.99
(0.4, 3, 2.646356)
Testing accuracy: 38.14
(0.4, 4, 4.64774)
Testing accuracy: 37.74
(0.66, 2, 5.159621)
Testing accuracy: 36.49
(0.66, 3, 5.528077)
Testing accuracy: 37.10
(0.66, 4, 6.945581)
Testing accuracy: 37.30
(1.0, 2, 11.424356)
Testing accuracy: 36.81

 58%|█████▊    | 576/1000 [1:37:52<1:29:57, 12.73s/it]********************************************************************************
Round 576
this epoch cost time:0.8531241416931152
this epoch choose: [82, 76, 60, 83, 95, 75, 73, 92, 71, 28]
this epoch dispatch models: [4 5 0 6 6 4 1 6 1 2]
this epoch received models: [np.int64(4), np.int64(5), np.int64(0), np.int64(6), np.int64(6), np.int64(4), np.int64(1), np.int64(6), np.int64(1), np.int64(2)]
hetero_proportion: 	4:3:3
(0.4, 2, 2.120985)
Testing accuracy: 38.84
(0.4, 3, 2.646356)
Testing accuracy: 38.11
(0.4, 4, 4.64774)
Testing accuracy: 37.76
(0.66, 2, 5.159621)
Testing accuracy: 36.62
(0.66, 3, 5.528077)
Testing accuracy: 37.05
(0.66, 4, 6.945581)
Testing accuracy: 37.16
(1.0, 2, 11.424356)
Testing accuracy: 36.67

 58%|█████▊    | 577/1000 [1:38:06<1:31:07, 12.93s/it]********************************************************************************
Round 577
this epoch cost time:0.977745532989502
this epoch choose: [99, 48, 70, 75, 47, 95, 96, 83, 93, 67]
this epoch dispatch models: [4 3 2 2 4 6 3 6 6 4]
this epoch received models: [np.int64(4), np.int64(3), np.int64(2), np.int64(2), np.int64(4), np.int64(6), np.int64(3), np.int64(6), np.int64(6), np.int64(4)]
hetero_proportion: 	4:3:3
(0.4, 2, 2.120985)
Testing accuracy: 39.02
(0.4, 3, 2.646356)
Testing accuracy: 38.01
(0.4, 4, 4.64774)
Testing accuracy: 37.96
(0.66, 2, 5.159621)
Testing accuracy: 36.74
(0.66, 3, 5.528077)
Testing accuracy: 37.08
(0.66, 4, 6.945581)
Testing accuracy: 37.09
(1.0, 2, 11.424356)
Testing accuracy: 36.60

 58%|█████▊    | 578/1000 [1:38:22<1:37:05, 13.80s/it]********************************************************************************
Round 578
this epoch cost time:0.8275763988494873
this epoch choose: [63, 28, 68, 86, 75, 82, 80, 85, 76, 75]
this epoch dispatch models: [4 0 4 2 3 6 6 0 4 6]
this epoch received models: [np.int64(4), np.int64(0), np.int64(4), np.int64(2), np.int64(3), np.int64(6), np.int64(6), np.int64(0), np.int64(4), np.int64(6)]
hetero_proportion: 	4:3:3
(0.4, 2, 2.120985)
Testing accuracy: 38.67
(0.4, 3, 2.646356)
Testing accuracy: 37.95
(0.4, 4, 4.64774)
Testing accuracy: 37.89
(0.66, 2, 5.159621)
Testing accuracy: 36.79
(0.66, 3, 5.528077)
Testing accuracy: 37.10
(0.66, 4, 6.945581)
Testing accuracy: 37.20
(1.0, 2, 11.424356)
Testing accuracy: 36.88

 58%|█████▊    | 579/1000 [1:38:38<1:42:05, 14.55s/it]********************************************************************************
Round 579
this epoch cost time:0.6534106731414795
this epoch choose: [43, 89, 99, 6, 47, 95, 79, 84, 50, 84]
this epoch dispatch models: [5 5 6 2 1 5 3 6 3 0]
this epoch received models: [np.int64(5), np.int64(5), np.int64(6), np.int64(2), np.int64(1), np.int64(5), np.int64(3), np.int64(6), np.int64(3), np.int64(0)]
hetero_proportion: 	4:3:3
(0.4, 2, 2.120985)
Testing accuracy: 39.04
(0.4, 3, 2.646356)
Testing accuracy: 37.65
(0.4, 4, 4.64774)
Testing accuracy: 37.56
(0.66, 2, 5.159621)
Testing accuracy: 36.75
(0.66, 3, 5.528077)
Testing accuracy: 37.03
(0.66, 4, 6.945581)
Testing accuracy: 37.13
(1.0, 2, 11.424356)
Testing accuracy: 36.69

 58%|█████▊    | 580/1000 [1:38:54<1:44:18, 14.90s/it]********************************************************************************
Round 580
this epoch cost time:0.8300998210906982
this epoch choose: [86, 69, 76, 81, 81, 74, 58, 76, 74, 61]
this epoch dispatch models: [3 3 4 6 6 6 0 6 4 1]
this epoch received models: [np.int64(3), np.int64(3), np.int64(4), np.int64(6), np.int64(6), np.int64(6), np.int64(0), np.int64(6), np.int64(4), np.int64(1)]
hetero_proportion: 	4:3:3
(0.4, 2, 2.120985)
Testing accuracy: 39.36
(0.4, 3, 2.646356)
Testing accuracy: 37.99
(0.4, 4, 4.64774)
Testing accuracy: 37.81
(0.66, 2, 5.159621)
Testing accuracy: 36.59
(0.66, 3, 5.528077)
Testing accuracy: 37.12
(0.66, 4, 6.945581)
Testing accuracy: 37.22
(1.0, 2, 11.424356)
Testing accuracy: 36.51

 58%|█████▊    | 581/1000 [1:39:10<1:46:29, 15.25s/it]********************************************************************************
Round 581
this epoch cost time:0.7327175140380859
this epoch choose: [74, 36, 76, 26, 16, 77, 28, 36, 13, 85]
this epoch dispatch models: [3 2 2 0 1 1 0 0 0 1]
this epoch received models: [np.int64(3), np.int64(2), np.int64(2), np.int64(0), np.int64(1), np.int64(1), np.int64(0), np.int64(0), np.int64(0), np.int64(1)]
hetero_proportion: 	4:3:3
(0.4, 2, 2.120985)
Testing accuracy: 38.82
(0.4, 3, 2.646356)
Testing accuracy: 37.72
(0.4, 4, 4.64774)
Testing accuracy: 37.34
(0.66, 2, 5.159621)
Testing accuracy: 36.77
(0.66, 3, 5.528077)
Testing accuracy: 37.06
(0.66, 4, 6.945581)
Testing accuracy: 36.78
(1.0, 2, 11.424356)
Testing accuracy: 36.32

 58%|█████▊    | 582/1000 [1:39:25<1:46:02, 15.22s/it]********************************************************************************
Round 582
this epoch cost time:0.9127740859985352
this epoch choose: [45, 83, 54, 54, 72, 27, 85, 96, 59, 85]
this epoch dispatch models: [5 2 3 2 5 1 2 6 4 6]
this epoch received models: [np.int64(5), np.int64(2), np.int64(3), np.int64(2), np.int64(5), np.int64(1), np.int64(2), np.int64(6), np.int64(4), np.int64(6)]
hetero_proportion: 	4:3:3
(0.4, 2, 2.120985)
Testing accuracy: 39.05
(0.4, 3, 2.646356)
Testing accuracy: 37.82
(0.4, 4, 4.64774)
Testing accuracy: 37.37
(0.66, 2, 5.159621)
Testing accuracy: 36.75
(0.66, 3, 5.528077)
Testing accuracy: 37.32
(0.66, 4, 6.945581)
Testing accuracy: 37.00
(1.0, 2, 11.424356)
Testing accuracy: 36.64

 58%|█████▊    | 583/1000 [1:39:41<1:48:25, 15.60s/it]********************************************************************************
Round 583
this epoch cost time:0.9899129867553711
this epoch choose: [91, 43, 64, 53, 80, 89, 6, 59, 95, 79]
this epoch dispatch models: [0 5 5 4 5 2 2 3 1 6]
this epoch received models: [np.int64(0), np.int64(5), np.int64(5), np.int64(4), np.int64(5), np.int64(2), np.int64(2), np.int64(3), np.int64(1), np.int64(6)]
hetero_proportion: 	4:3:3
(0.4, 2, 2.120985)
Testing accuracy: 39.08
(0.4, 3, 2.646356)
Testing accuracy: 38.13
(0.4, 4, 4.64774)
Testing accuracy: 37.68
(0.66, 2, 5.159621)
Testing accuracy: 36.79
(0.66, 3, 5.528077)
Testing accuracy: 37.15
(0.66, 4, 6.945581)
Testing accuracy: 37.26
(1.0, 2, 11.424356)
Testing accuracy: 36.55

 58%|█████▊    | 584/1000 [1:39:58<1:50:18, 15.91s/it]********************************************************************************
Round 584
this epoch cost time:0.8104994297027588
this epoch choose: [89, 76, 54, 40, 88, 69, 41, 66, 55, 81]
this epoch dispatch models: [6 6 0 4 4 5 1 3 3 3]
this epoch received models: [np.int64(6), np.int64(6), np.int64(0), np.int64(4), np.int64(4), np.int64(5), np.int64(1), np.int64(3), np.int64(3), np.int64(3)]
hetero_proportion: 	4:3:3
(0.4, 2, 2.120985)
Testing accuracy: 39.23
(0.4, 3, 2.646356)
Testing accuracy: 38.25
(0.4, 4, 4.64774)
Testing accuracy: 37.62
(0.66, 2, 5.159621)
Testing accuracy: 36.49
(0.66, 3, 5.528077)
Testing accuracy: 37.10
(0.66, 4, 6.945581)
Testing accuracy: 37.22
(1.0, 2, 11.424356)
Testing accuracy: 36.60

 58%|█████▊    | 585/1000 [1:40:15<1:51:10, 16.07s/it]********************************************************************************
Round 585
this epoch cost time:0.6782395839691162
this epoch choose: [73, 50, 72, 43, 94, 48, 20, 99, 96, 2]
this epoch dispatch models: [6 5 5 5 2 1 2 3 6 1]
this epoch received models: [np.int64(6), np.int64(5), np.int64(5), np.int64(5), np.int64(2), np.int64(1), np.int64(2), np.int64(3), np.int64(6), np.int64(1)]
hetero_proportion: 	4:3:3
(0.4, 2, 2.120985)
Testing accuracy: 39.29
(0.4, 3, 2.646356)
Testing accuracy: 38.40
(0.4, 4, 4.64774)
Testing accuracy: 37.79
(0.66, 2, 5.159621)
Testing accuracy: 36.85
(0.66, 3, 5.528077)
Testing accuracy: 37.18
(0.66, 4, 6.945581)
Testing accuracy: 37.19
(1.0, 2, 11.424356)
Testing accuracy: 36.61

 59%|█████▊    | 586/1000 [1:40:30<1:49:42, 15.90s/it]********************************************************************************
Round 586
this epoch cost time:0.7070026397705078
this epoch choose: [86, 71, 99, 71, 63, 87, 54, 3, 82, 78]
this epoch dispatch models: [6 5 3 3 4 6 0 2 2 4]
this epoch received models: [np.int64(6), np.int64(5), np.int64(3), np.int64(3), np.int64(4), np.int64(6), np.int64(0), np.int64(2), np.int64(2), np.int64(4)]
hetero_proportion: 	4:3:3
(0.4, 2, 2.120985)
Testing accuracy: 39.05
(0.4, 3, 2.646356)
Testing accuracy: 38.34
(0.4, 4, 4.64774)
Testing accuracy: 37.99
(0.66, 2, 5.159621)
Testing accuracy: 36.93
(0.66, 3, 5.528077)
Testing accuracy: 37.30
(0.66, 4, 6.945581)
Testing accuracy: 37.44
(1.0, 2, 11.424356)
Testing accuracy: 36.78

 59%|█████▊    | 587/1000 [1:40:47<1:51:19, 16.17s/it]********************************************************************************
Round 587
this epoch cost time:0.9179191589355469
this epoch choose: [85, 67, 49, 55, 73, 70, 75, 80, 42, 96]
this epoch dispatch models: [0 3 2 5 3 6 5 5 5 6]
this epoch received models: [np.int64(0), np.int64(3), np.int64(2), np.int64(5), np.int64(3), np.int64(6), np.int64(5), np.int64(5), np.int64(5), np.int64(6)]
hetero_proportion: 	4:3:3
(0.4, 2, 2.120985)
Testing accuracy: 39.15
(0.4, 3, 2.646356)
Testing accuracy: 38.37
(0.4, 4, 4.64774)
Testing accuracy: 37.99
(0.66, 2, 5.159621)
Testing accuracy: 36.81
(0.66, 3, 5.528077)
Testing accuracy: 37.26
(0.66, 4, 6.945581)
Testing accuracy: 37.47
(1.0, 2, 11.424356)
Testing accuracy: 36.84

 59%|█████▉    | 588/1000 [1:41:03<1:51:58, 16.31s/it]********************************************************************************
Round 588
this epoch cost time:0.7522721290588379
this epoch choose: [83, 98, 25, 90, 93, 60, 71, 94, 99, 48]
this epoch dispatch models: [0 6 1 6 4 5 6 5 6 5]
this epoch received models: [np.int64(0), np.int64(6), np.int64(1), np.int64(6), np.int64(4), np.int64(5), np.int64(6), np.int64(5), np.int64(6), np.int64(5)]
hetero_proportion: 	4:3:3
(0.4, 2, 2.120985)
Testing accuracy: 39.10
(0.4, 3, 2.646356)
Testing accuracy: 38.22
(0.4, 4, 4.64774)
Testing accuracy: 37.68
(0.66, 2, 5.159621)
Testing accuracy: 36.55
(0.66, 3, 5.528077)
Testing accuracy: 37.29
(0.66, 4, 6.945581)
Testing accuracy: 37.32
(1.0, 2, 11.424356)
Testing accuracy: 36.81

 59%|█████▉    | 589/1000 [1:41:20<1:51:22, 16.26s/it]********************************************************************************
Round 589
this epoch cost time:0.7934887409210205
this epoch choose: [68, 89, 75, 57, 49, 18, 56, 72, 64, 88]
this epoch dispatch models: [5 1 6 1 5 2 5 4 4 2]
this epoch received models: [np.int64(5), np.int64(1), np.int64(6), np.int64(1), np.int64(5), np.int64(2), np.int64(5), np.int64(4), np.int64(4), np.int64(2)]
hetero_proportion: 	4:3:3
(0.4, 2, 2.120985)
Testing accuracy: 38.86
(0.4, 3, 2.646356)
Testing accuracy: 37.99
(0.4, 4, 4.64774)
Testing accuracy: 37.80
(0.66, 2, 5.159621)
Testing accuracy: 36.60
(0.66, 3, 5.528077)
Testing accuracy: 37.19
(0.66, 4, 6.945581)
Testing accuracy: 37.29
(1.0, 2, 11.424356)
Testing accuracy: 36.78

 59%|█████▉    | 590/1000 [1:41:36<1:50:21, 16.15s/it]********************************************************************************
Round 590
this epoch cost time:0.762237548828125
this epoch choose: [45, 65, 15, 72, 84, 49, 93, 85, 63, 53]
this epoch dispatch models: [5 2 1 6 5 2 3 6 4 4]
this epoch received models: [np.int64(5), np.int64(2), np.int64(1), np.int64(6), np.int64(5), np.int64(2), np.int64(3), np.int64(6), np.int64(4), np.int64(4)]
hetero_proportion: 	4:3:3
(0.4, 2, 2.120985)
Testing accuracy: 39.26
(0.4, 3, 2.646356)
Testing accuracy: 38.21
(0.4, 4, 4.64774)
Testing accuracy: 37.80
(0.66, 2, 5.159621)
Testing accuracy: 36.73
(0.66, 3, 5.528077)
Testing accuracy: 37.12
(0.66, 4, 6.945581)
Testing accuracy: 37.31
(1.0, 2, 11.424356)
Testing accuracy: 36.74

 59%|█████▉    | 591/1000 [1:41:52<1:50:18, 16.18s/it]********************************************************************************
Round 591
this epoch cost time:0.9847702980041504
this epoch choose: [42, 86, 83, 54, 61, 25, 21, 55, 52, 67]
this epoch dispatch models: [4 6 6 3 2 2 0 3 4 0]
this epoch received models: [np.int64(4), np.int64(6), np.int64(6), np.int64(3), np.int64(2), np.int64(2), np.int64(0), np.int64(3), np.int64(4), np.int64(0)]
hetero_proportion: 	4:3:3
(0.4, 2, 2.120985)
Testing accuracy: 39.32
(0.4, 3, 2.646356)
Testing accuracy: 38.24
(0.4, 4, 4.64774)
Testing accuracy: 37.63
(0.66, 2, 5.159621)
Testing accuracy: 36.90
(0.66, 3, 5.528077)
Testing accuracy: 36.99
(0.66, 4, 6.945581)
Testing accuracy: 37.52
(1.0, 2, 11.424356)
Testing accuracy: 36.67

 59%|█████▉    | 592/1000 [1:42:08<1:50:22, 16.23s/it]********************************************************************************
Round 592
this epoch cost time:0.7573626041412354
this epoch choose: [85, 61, 81, 84, 38, 99, 61, 92, 96, 98]
this epoch dispatch models: [0 3 3 5 2 6 0 4 6 0]
this epoch received models: [np.int64(0), np.int64(3), np.int64(3), np.int64(5), np.int64(2), np.int64(6), np.int64(0), np.int64(4), np.int64(6), np.int64(0)]
hetero_proportion: 	4:3:3
(0.4, 2, 2.120985)
Testing accuracy: 39.10
(0.4, 3, 2.646356)
Testing accuracy: 38.21
(0.4, 4, 4.64774)
Testing accuracy: 37.62
(0.66, 2, 5.159621)
Testing accuracy: 36.69
(0.66, 3, 5.528077)
Testing accuracy: 37.16
(0.66, 4, 6.945581)
Testing accuracy: 37.26
(1.0, 2, 11.424356)
Testing accuracy: 36.77

 59%|█████▉    | 593/1000 [1:42:24<1:49:01, 16.07s/it]********************************************************************************
Round 593
this epoch cost time:0.6694366931915283
this epoch choose: [79, 88, 95, 64, 55, 88, 97, 27, 58, 47]
this epoch dispatch models: [3 6 6 1 4 4 5 1 5 3]
this epoch received models: [np.int64(3), np.int64(6), np.int64(6), np.int64(1), np.int64(4), np.int64(4), np.int64(5), np.int64(1), np.int64(5), np.int64(3)]
hetero_proportion: 	4:3:3
(0.4, 2, 2.120985)
Testing accuracy: 39.04
(0.4, 3, 2.646356)
Testing accuracy: 38.19
(0.4, 4, 4.64774)
Testing accuracy: 37.56
(0.66, 2, 5.159621)
Testing accuracy: 36.78
(0.66, 3, 5.528077)
Testing accuracy: 37.14
(0.66, 4, 6.945581)
Testing accuracy: 37.37
(1.0, 2, 11.424356)
Testing accuracy: 36.59

 59%|█████▉    | 594/1000 [1:42:40<1:49:16, 16.15s/it]********************************************************************************
Round 594
this epoch cost time:0.9016718864440918
this epoch choose: [98, 76, 1, 88, 4, 79, 60, 45, 67, 83]
this epoch dispatch models: [2 3 2 3 2 2 5 3 0 2]
this epoch received models: [np.int64(2), np.int64(3), np.int64(2), np.int64(3), np.int64(2), np.int64(2), np.int64(5), np.int64(3), np.int64(0), np.int64(2)]
hetero_proportion: 	4:3:3
(0.4, 2, 2.120985)
Testing accuracy: 38.91
(0.4, 3, 2.646356)
Testing accuracy: 37.97
(0.4, 4, 4.64774)
Testing accuracy: 37.34
(0.66, 2, 5.159621)
Testing accuracy: 36.48
(0.66, 3, 5.528077)
Testing accuracy: 36.90
(0.66, 4, 6.945581)
Testing accuracy: 37.37
(1.0, 2, 11.424356)
Testing accuracy: 36.67

 60%|█████▉    | 595/1000 [1:42:58<1:51:34, 16.53s/it]********************************************************************************
Round 595
this epoch cost time:0.7722420692443848
this epoch choose: [51, 58, 74, 45, 52, 92, 17, 69, 42, 90]
this epoch dispatch models: [4 0 5 5 0 2 0 0 5 5]
this epoch received models: [np.int64(4), np.int64(0), np.int64(5), np.int64(5), np.int64(0), np.int64(2), np.int64(0), np.int64(0), np.int64(5), np.int64(5)]
hetero_proportion: 	4:3:3
(0.4, 2, 2.120985)
Testing accuracy: 39.14
(0.4, 3, 2.646356)
Testing accuracy: 38.17
(0.4, 4, 4.64774)
Testing accuracy: 37.46
(0.66, 2, 5.159621)
Testing accuracy: 36.70
(0.66, 3, 5.528077)
Testing accuracy: 37.17
(0.66, 4, 6.945581)
Testing accuracy: 37.39
(1.0, 2, 11.424356)
Testing accuracy: 36.65

 60%|█████▉    | 596/1000 [1:43:14<1:50:34, 16.42s/it]********************************************************************************
Round 596
this epoch cost time:0.7595643997192383
this epoch choose: [85, 17, 60, 99, 82, 95, 45, 57, 93, 24]
this epoch dispatch models: [5 2 5 6 5 1 2 1 6 2]
this epoch received models: [np.int64(5), np.int64(2), np.int64(5), np.int64(6), np.int64(5), np.int64(1), np.int64(2), np.int64(1), np.int64(6), np.int64(2)]
hetero_proportion: 	4:3:3
(0.4, 2, 2.120985)
Testing accuracy: 38.91
(0.4, 3, 2.646356)
Testing accuracy: 38.08
(0.4, 4, 4.64774)
Testing accuracy: 37.55
(0.66, 2, 5.159621)
Testing accuracy: 36.72
(0.66, 3, 5.528077)
Testing accuracy: 36.91
(0.66, 4, 6.945581)
Testing accuracy: 37.20
(1.0, 2, 11.424356)
Testing accuracy: 36.56

 60%|█████▉    | 597/1000 [1:43:29<1:47:28, 16.00s/it]********************************************************************************
Round 597
this epoch cost time:0.8967115879058838
this epoch choose: [51, 69, 10, 50, 46, 1, 36, 27, 74, 62]
this epoch dispatch models: [0 4 2 0 0 2 0 0 1 4]
this epoch received models: [np.int64(0), np.int64(4), np.int64(2), np.int64(0), np.int64(0), np.int64(2), np.int64(0), np.int64(0), np.int64(1), np.int64(4)]
hetero_proportion: 	4:3:3
(0.4, 2, 2.120985)
Testing accuracy: 38.96
(0.4, 3, 2.646356)
Testing accuracy: 37.76
(0.4, 4, 4.64774)
Testing accuracy: 37.10
(0.66, 2, 5.159621)
Testing accuracy: 36.54
(0.66, 3, 5.528077)
Testing accuracy: 37.00
(0.66, 4, 6.945581)
Testing accuracy: 37.04
(1.0, 2, 11.424356)
Testing accuracy: 36.31

 60%|█████▉    | 598/1000 [1:43:45<1:47:36, 16.06s/it]********************************************************************************
Round 598
this epoch cost time:0.8412168025970459
this epoch choose: [47, 93, 80, 40, 73, 57, 97, 82, 79, 92]
this epoch dispatch models: [0 4 5 5 6 2 2 6 6 6]
this epoch received models: [np.int64(0), np.int64(4), np.int64(5), np.int64(5), np.int64(6), np.int64(2), np.int64(2), np.int64(6), np.int64(6), np.int64(6)]
hetero_proportion: 	4:3:3
(0.4, 2, 2.120985)
Testing accuracy: 39.18
(0.4, 3, 2.646356)
Testing accuracy: 37.70
(0.4, 4, 4.64774)
Testing accuracy: 37.27
(0.66, 2, 5.159621)
Testing accuracy: 36.58
(0.66, 3, 5.528077)
Testing accuracy: 36.93
(0.66, 4, 6.945581)
Testing accuracy: 37.17
(1.0, 2, 11.424356)
Testing accuracy: 36.32

 60%|█████▉    | 599/1000 [1:44:00<1:45:44, 15.82s/it]********************************************************************************
Round 599
this epoch cost time:0.9017415046691895
this epoch choose: [22, 38, 94, 83, 28, 95, 61, 99, 61, 27]
this epoch dispatch models: [0 2 2 1 2 2 5 6 5 0]
this epoch received models: [np.int64(0), np.int64(2), np.int64(2), np.int64(1), np.int64(2), np.int64(2), np.int64(5), np.int64(6), np.int64(5), np.int64(0)]
hetero_proportion: 	4:3:3
(0.4, 2, 2.120985)
Testing accuracy: 38.72
(0.4, 3, 2.646356)
Testing accuracy: 37.71
(0.4, 4, 4.64774)
Testing accuracy: 37.20
(0.66, 2, 5.159621)
Testing accuracy: 36.47
(0.66, 3, 5.528077)
Testing accuracy: 36.80
(0.66, 4, 6.945581)
Testing accuracy: 37.16
(1.0, 2, 11.424356)
Testing accuracy: 36.28

 60%|██████    | 600/1000 [1:44:16<1:45:48, 15.87s/it]********************************************************************************
Round 600
this epoch cost time:0.7606327533721924
this epoch choose: [42, 6, 41, 92, 51, 89, 59, 60, 85, 4]
this epoch dispatch models: [4 0 3 6 3 6 1 3 5 1]
this epoch received models: [np.int64(4), np.int64(0), np.int64(3), np.int64(6), np.int64(3), np.int64(6), np.int64(1), np.int64(3), np.int64(5), np.int64(1)]
hetero_proportion: 	4:3:3
(0.4, 2, 2.120985)
Testing accuracy: 38.95
(0.4, 3, 2.646356)
Testing accuracy: 37.76
(0.4, 4, 4.64774)
Testing accuracy: 37.42
(0.66, 2, 5.159621)
Testing accuracy: 36.73
(0.66, 3, 5.528077)
Testing accuracy: 36.96
(0.66, 4, 6.945581)
Testing accuracy: 37.08
(1.0, 2, 11.424356)
Testing accuracy: 36.53

 60%|██████    | 601/1000 [1:44:32<1:45:46, 15.91s/it]********************************************************************************
Round 601
this epoch cost time:0.8125569820404053
this epoch choose: [57, 95, 77, 67, 34, 8, 85, 80, 55, 96]
this epoch dispatch models: [3 6 5 0 1 0 5 5 3 5]
this epoch received models: [np.int64(3), np.int64(6), np.int64(5), np.int64(0), np.int64(1), np.int64(0), np.int64(5), np.int64(5), np.int64(3), np.int64(5)]
hetero_proportion: 	4:3:3
(0.4, 2, 2.120985)
Testing accuracy: 38.90
(0.4, 3, 2.646356)
Testing accuracy: 37.60
(0.4, 4, 4.64774)
Testing accuracy: 37.15
(0.66, 2, 5.159621)
Testing accuracy: 36.60
(0.66, 3, 5.528077)
Testing accuracy: 36.97
(0.66, 4, 6.945581)
Testing accuracy: 36.99
(1.0, 2, 11.424356)
Testing accuracy: 36.53

 60%|██████    | 602/1000 [1:44:48<1:46:12, 16.01s/it]********************************************************************************
Round 602
this epoch cost time:0.7932155132293701
this epoch choose: [1, 48, 88, 66, 44, 34, 63, 42, 82, 47]
this epoch dispatch models: [0 5 5 5 0 2 0 3 6 5]
this epoch received models: [np.int64(0), np.int64(5), np.int64(5), np.int64(5), np.int64(0), np.int64(2), np.int64(0), np.int64(3), np.int64(6), np.int64(5)]
hetero_proportion: 	4:3:3
(0.4, 2, 2.120985)
Testing accuracy: 39.01
(0.4, 3, 2.646356)
Testing accuracy: 37.53
(0.4, 4, 4.64774)
Testing accuracy: 37.31
(0.66, 2, 5.159621)
Testing accuracy: 36.77
(0.66, 3, 5.528077)
Testing accuracy: 36.94
(0.66, 4, 6.945581)
Testing accuracy: 37.03
(1.0, 2, 11.424356)
Testing accuracy: 36.18

 60%|██████    | 603/1000 [1:45:04<1:44:48, 15.84s/it]********************************************************************************
Round 603
this epoch cost time:0.7359199523925781
this epoch choose: [59, 88, 66, 88, 55, 54, 73, 74, 67, 72]
this epoch dispatch models: [4 2 4 3 5 4 4 1 5 0]
this epoch received models: [np.int64(4), np.int64(2), np.int64(4), np.int64(3), np.int64(5), np.int64(4), np.int64(4), np.int64(1), np.int64(5), np.int64(0)]
hetero_proportion: 	4:3:3
(0.4, 2, 2.120985)
Testing accuracy: 38.91
(0.4, 3, 2.646356)
Testing accuracy: 37.81
(0.4, 4, 4.64774)
Testing accuracy: 37.54
(0.66, 2, 5.159621)
Testing accuracy: 36.65
(0.66, 3, 5.528077)
Testing accuracy: 37.02
(0.66, 4, 6.945581)
Testing accuracy: 37.05
(1.0, 2, 11.424356)
Testing accuracy: 36.41

 60%|██████    | 604/1000 [1:45:20<1:44:10, 15.78s/it]********************************************************************************
Round 604
this epoch cost time:0.8291542530059814
this epoch choose: [78, 1, 0, 91, 49, 89, 70, 85, 94, 99]
this epoch dispatch models: [6 2 0 5 5 3 3 3 6 3]
this epoch received models: [np.int64(6), np.int64(2), np.int64(0), np.int64(5), np.int64(5), np.int64(3), np.int64(3), np.int64(3), np.int64(6), np.int64(3)]
hetero_proportion: 	4:3:3
(0.4, 2, 2.120985)
Testing accuracy: 38.80
(0.4, 3, 2.646356)
Testing accuracy: 37.74
(0.4, 4, 4.64774)
Testing accuracy: 37.29
(0.66, 2, 5.159621)
Testing accuracy: 36.82
(0.66, 3, 5.528077)
Testing accuracy: 37.02
(0.66, 4, 6.945581)
Testing accuracy: 37.32
(1.0, 2, 11.424356)
Testing accuracy: 36.38

 60%|██████    | 605/1000 [1:45:35<1:43:41, 15.75s/it]********************************************************************************
Round 605
this epoch cost time:0.7432253360748291
this epoch choose: [74, 44, 44, 78, 31, 75, 82, 95, 87, 19]
this epoch dispatch models: [6 0 4 3 0 5 2 5 6 1]
this epoch received models: [np.int64(6), np.int64(0), np.int64(4), np.int64(3), np.int64(0), np.int64(5), np.int64(2), np.int64(5), np.int64(6), np.int64(1)]
hetero_proportion: 	4:3:3
(0.4, 2, 2.120985)
Testing accuracy: 39.00
(0.4, 3, 2.646356)
Testing accuracy: 38.17
(0.4, 4, 4.64774)
Testing accuracy: 37.45
(0.66, 2, 5.159621)
Testing accuracy: 36.89
(0.66, 3, 5.528077)
Testing accuracy: 37.07
(0.66, 4, 6.945581)
Testing accuracy: 37.40
(1.0, 2, 11.424356)
Testing accuracy: 36.80

 61%|██████    | 606/1000 [1:45:50<1:42:26, 15.60s/it]********************************************************************************
Round 606
this epoch cost time:0.806215763092041
this epoch choose: [16, 65, 48, 89, 88, 93, 61, 24, 74, 17]
this epoch dispatch models: [2 5 4 6 2 2 4 2 6 0]
this epoch received models: [np.int64(2), np.int64(5), np.int64(4), np.int64(6), np.int64(2), np.int64(2), np.int64(4), np.int64(2), np.int64(6), np.int64(0)]
hetero_proportion: 	4:3:3
(0.4, 2, 2.120985)
Testing accuracy: 39.15
(0.4, 3, 2.646356)
Testing accuracy: 38.43
(0.4, 4, 4.64774)
Testing accuracy: 37.47
(0.66, 2, 5.159621)
Testing accuracy: 36.90
(0.66, 3, 5.528077)
Testing accuracy: 37.08
(0.66, 4, 6.945581)
Testing accuracy: 37.32
(1.0, 2, 11.424356)
Testing accuracy: 36.83

 61%|██████    | 607/1000 [1:46:06<1:41:33, 15.50s/it]********************************************************************************
Round 607
this epoch cost time:0.7767519950866699
this epoch choose: [77, 88, 98, 14, 16, 99, 4, 76, 57, 78]
this epoch dispatch models: [0 2 6 0 2 0 1 0 4 6]
this epoch received models: [np.int64(0), np.int64(2), np.int64(6), np.int64(0), np.int64(2), np.int64(0), np.int64(1), np.int64(0), np.int64(4), np.int64(6)]
hetero_proportion: 	4:3:3
(0.4, 2, 2.120985)
Testing accuracy: 38.68
(0.4, 3, 2.646356)
Testing accuracy: 37.56
(0.4, 4, 4.64774)
Testing accuracy: 37.44
(0.66, 2, 5.159621)
Testing accuracy: 36.87
(0.66, 3, 5.528077)
Testing accuracy: 37.04
(0.66, 4, 6.945581)
Testing accuracy: 37.25
(1.0, 2, 11.424356)
Testing accuracy: 36.44

 61%|██████    | 608/1000 [1:46:21<1:41:41, 15.56s/it]********************************************************************************
Round 608
this epoch cost time:0.8620119094848633
this epoch choose: [45, 70, 97, 49, 84, 93, 70, 44, 91, 69]
this epoch dispatch models: [1 6 4 3 3 4 6 4 5 4]
this epoch received models: [np.int64(1), np.int64(6), np.int64(4), np.int64(3), np.int64(3), np.int64(4), np.int64(6), np.int64(4), np.int64(5), np.int64(4)]
hetero_proportion: 	4:3:3
(0.4, 2, 2.120985)
Testing accuracy: 38.88
(0.4, 3, 2.646356)
Testing accuracy: 38.03
(0.4, 4, 4.64774)
Testing accuracy: 37.43
(0.66, 2, 5.159621)
Testing accuracy: 37.08
(0.66, 3, 5.528077)
Testing accuracy: 37.31
(0.66, 4, 6.945581)
Testing accuracy: 37.24
(1.0, 2, 11.424356)
Testing accuracy: 36.77

 61%|██████    | 609/1000 [1:46:37<1:41:42, 15.61s/it]********************************************************************************
Round 609
this epoch cost time:0.6705334186553955
this epoch choose: [91, 67, 85, 65, 59, 91, 17, 82, 67, 96]
this epoch dispatch models: [1 3 4 5 4 6 0 6 3 2]
this epoch received models: [np.int64(1), np.int64(3), np.int64(4), np.int64(5), np.int64(4), np.int64(6), np.int64(0), np.int64(6), np.int64(3), np.int64(2)]
hetero_proportion: 	4:3:3
(0.4, 2, 2.120985)
Testing accuracy: 38.80
(0.4, 3, 2.646356)
Testing accuracy: 38.06
(0.4, 4, 4.64774)
Testing accuracy: 37.50
(0.66, 2, 5.159621)
Testing accuracy: 36.95
(0.66, 3, 5.528077)
Testing accuracy: 37.08
(0.66, 4, 6.945581)
Testing accuracy: 37.11
(1.0, 2, 11.424356)
Testing accuracy: 36.74

 61%|██████    | 610/1000 [1:46:52<1:40:01, 15.39s/it]********************************************************************************
Round 610
this epoch cost time:0.7739269733428955
this epoch choose: [46, 95, 84, 62, 58, 98, 60, 75, 34, 40]
this epoch dispatch models: [2 6 6 5 4 6 2 6 1 5]
this epoch received models: [np.int64(2), np.int64(6), np.int64(6), np.int64(5), np.int64(4), np.int64(6), np.int64(2), np.int64(6), np.int64(1), np.int64(5)]
hetero_proportion: 	4:3:3
(0.4, 2, 2.120985)
Testing accuracy: 38.81
(0.4, 3, 2.646356)
Testing accuracy: 37.90
(0.4, 4, 4.64774)
Testing accuracy: 37.49
(0.66, 2, 5.159621)
Testing accuracy: 36.87
(0.66, 3, 5.528077)
Testing accuracy: 37.01
(0.66, 4, 6.945581)
Testing accuracy: 37.21
(1.0, 2, 11.424356)
Testing accuracy: 36.63

 61%|██████    | 611/1000 [1:47:07<1:38:56, 15.26s/it]********************************************************************************
Round 611
this epoch cost time:0.7257697582244873
this epoch choose: [59, 54, 88, 6, 71, 71, 0, 45, 78, 59]
this epoch dispatch models: [3 4 1 2 4 6 2 3 5 0]
this epoch received models: [np.int64(3), np.int64(4), np.int64(1), np.int64(2), np.int64(4), np.int64(6), np.int64(2), np.int64(3), np.int64(5), np.int64(0)]
hetero_proportion: 	4:3:3
(0.4, 2, 2.120985)
Testing accuracy: 38.91
(0.4, 3, 2.646356)
Testing accuracy: 37.91
(0.4, 4, 4.64774)
Testing accuracy: 37.47
(0.66, 2, 5.159621)
Testing accuracy: 36.71
(0.66, 3, 5.528077)
Testing accuracy: 37.30
(0.66, 4, 6.945581)
Testing accuracy: 37.46
(1.0, 2, 11.424356)
Testing accuracy: 36.76

 61%|██████    | 612/1000 [1:47:22<1:38:01, 15.16s/it]********************************************************************************
Round 612
this epoch cost time:0.7908401489257812
this epoch choose: [40, 81, 55, 48, 85, 50, 91, 87, 79, 82]
this epoch dispatch models: [3 0 4 4 3 2 4 4 3 6]
this epoch received models: [np.int64(3), np.int64(0), np.int64(4), np.int64(4), np.int64(3), np.int64(2), np.int64(4), np.int64(4), np.int64(3), np.int64(6)]
hetero_proportion: 	4:3:3
(0.4, 2, 2.120985)
Testing accuracy: 38.94
(0.4, 3, 2.646356)
Testing accuracy: 37.98
(0.4, 4, 4.64774)
Testing accuracy: 37.59
(0.66, 2, 5.159621)
Testing accuracy: 36.75
(0.66, 3, 5.528077)
Testing accuracy: 37.13
(0.66, 4, 6.945581)
Testing accuracy: 37.53
(1.0, 2, 11.424356)
Testing accuracy: 36.82

 61%|██████▏   | 613/1000 [1:47:37<1:37:42, 15.15s/it]********************************************************************************
Round 613
this epoch cost time:0.7329244613647461
this epoch choose: [28, 75, 79, 57, 23, 86, 27, 20, 11, 96]
this epoch dispatch models: [2 1 0 3 0 5 1 1 2 4]
this epoch received models: [np.int64(2), np.int64(1), np.int64(0), np.int64(3), np.int64(0), np.int64(5), np.int64(1), np.int64(1), np.int64(2), np.int64(4)]
hetero_proportion: 	4:3:3
(0.4, 2, 2.120985)
Testing accuracy: 39.04
(0.4, 3, 2.646356)
Testing accuracy: 38.30
(0.4, 4, 4.64774)
Testing accuracy: 37.33
(0.66, 2, 5.159621)
Testing accuracy: 36.65
(0.66, 3, 5.528077)
Testing accuracy: 37.44
(0.66, 4, 6.945581)
Testing accuracy: 37.12
(1.0, 2, 11.424356)
Testing accuracy: 36.82

 61%|██████▏   | 614/1000 [1:47:53<1:38:33, 15.32s/it]********************************************************************************
Round 614
this epoch cost time:0.8809454441070557
this epoch choose: [42, 62, 11, 47, 99, 71, 29, 53, 61, 90]
this epoch dispatch models: [1 4 2 3 4 2 0 5 4 3]
this epoch received models: [np.int64(1), np.int64(4), np.int64(2), np.int64(3), np.int64(4), np.int64(2), np.int64(0), np.int64(5), np.int64(4), np.int64(3)]
hetero_proportion: 	4:3:3
(0.4, 2, 2.120985)
Testing accuracy: 39.31
(0.4, 3, 2.646356)
Testing accuracy: 38.25
(0.4, 4, 4.64774)
Testing accuracy: 37.48
(0.66, 2, 5.159621)
Testing accuracy: 36.70
(0.66, 3, 5.528077)
Testing accuracy: 37.40
(0.66, 4, 6.945581)
Testing accuracy: 37.35
(1.0, 2, 11.424356)
Testing accuracy: 36.67

 62%|██████▏   | 615/1000 [1:48:08<1:37:54, 15.26s/it]********************************************************************************
Round 615
this epoch cost time:0.8379948139190674
this epoch choose: [75, 68, 57, 90, 89, 85, 10, 67, 76, 45]
this epoch dispatch models: [5 2 0 4 3 5 2 3 4 1]
this epoch received models: [np.int64(5), np.int64(2), np.int64(0), np.int64(4), np.int64(3), np.int64(5), np.int64(2), np.int64(3), np.int64(4), np.int64(1)]
hetero_proportion: 	4:3:3
(0.4, 2, 2.120985)
Testing accuracy: 39.44
(0.4, 3, 2.646356)
Testing accuracy: 38.32
(0.4, 4, 4.64774)
Testing accuracy: 37.67
(0.66, 2, 5.159621)
Testing accuracy: 36.75
(0.66, 3, 5.528077)
Testing accuracy: 37.25
(0.66, 4, 6.945581)
Testing accuracy: 37.29
(1.0, 2, 11.424356)
Testing accuracy: 36.70

 62%|██████▏   | 616/1000 [1:48:23<1:38:06, 15.33s/it]********************************************************************************
Round 616
this epoch cost time:0.8266186714172363
this epoch choose: [98, 50, 23, 79, 46, 81, 94, 23, 91, 63]
this epoch dispatch models: [6 5 0 4 3 6 5 0 6 1]
this epoch received models: [np.int64(6), np.int64(5), np.int64(0), np.int64(4), np.int64(3), np.int64(6), np.int64(5), np.int64(0), np.int64(6), np.int64(1)]
hetero_proportion: 	4:3:3
(0.4, 2, 2.120985)
Testing accuracy: 38.53
(0.4, 3, 2.646356)
Testing accuracy: 37.42
(0.4, 4, 4.64774)
Testing accuracy: 37.04
(0.66, 2, 5.159621)
Testing accuracy: 36.30
(0.66, 3, 5.528077)
Testing accuracy: 36.91
(0.66, 4, 6.945581)
Testing accuracy: 37.12
(1.0, 2, 11.424356)
Testing accuracy: 36.53

 62%|██████▏   | 617/1000 [1:48:39<1:38:13, 15.39s/it]********************************************************************************
Round 617
this epoch cost time:1.1195266246795654
this epoch choose: [78, 72, 69, 83, 53, 44, 8, 85, 90, 56]
this epoch dispatch models: [1 6 4 6 3 5 0 0 6 4]
this epoch received models: [np.int64(1), np.int64(6), np.int64(4), np.int64(6), np.int64(3), np.int64(5), np.int64(0), np.int64(0), np.int64(6), np.int64(4)]
hetero_proportion: 	4:3:3
(0.4, 2, 2.120985)
Testing accuracy: 38.83
(0.4, 3, 2.646356)
Testing accuracy: 37.56
(0.4, 4, 4.64774)
Testing accuracy: 37.20
(0.66, 2, 5.159621)
Testing accuracy: 36.53
(0.66, 3, 5.528077)
Testing accuracy: 37.30
(0.66, 4, 6.945581)
Testing accuracy: 37.08
(1.0, 2, 11.424356)
Testing accuracy: 36.56

 62%|██████▏   | 618/1000 [1:48:55<1:39:31, 15.63s/it]********************************************************************************
Round 618
this epoch cost time:0.8295605182647705
this epoch choose: [42, 65, 93, 47, 77, 80, 67, 66, 89, 76]
this epoch dispatch models: [1 5 4 1 3 6 3 0 6 1]
this epoch received models: [np.int64(1), np.int64(5), np.int64(4), np.int64(1), np.int64(3), np.int64(6), np.int64(3), np.int64(0), np.int64(6), np.int64(1)]
hetero_proportion: 	4:3:3
(0.4, 2, 2.120985)
Testing accuracy: 38.67
(0.4, 3, 2.646356)
Testing accuracy: 37.59
(0.4, 4, 4.64774)
Testing accuracy: 37.25
(0.66, 2, 5.159621)
Testing accuracy: 36.48
(0.66, 3, 5.528077)
Testing accuracy: 36.97
(0.66, 4, 6.945581)
Testing accuracy: 37.02
(1.0, 2, 11.424356)
Testing accuracy: 36.58

 62%|██████▏   | 619/1000 [1:49:10<1:37:50, 15.41s/it]********************************************************************************
Round 619
this epoch cost time:0.7423183917999268
this epoch choose: [90, 9, 24, 52, 44, 86, 93, 71, 44, 88]
this epoch dispatch models: [6 1 2 0 0 6 6 3 2 1]
this epoch received models: [np.int64(6), np.int64(1), np.int64(2), np.int64(0), np.int64(0), np.int64(6), np.int64(6), np.int64(3), np.int64(2), np.int64(1)]
hetero_proportion: 	4:3:3
(0.4, 2, 2.120985)
Testing accuracy: 38.82
(0.4, 3, 2.646356)
Testing accuracy: 37.83
(0.4, 4, 4.64774)
Testing accuracy: 37.39
(0.66, 2, 5.159621)
Testing accuracy: 36.65
(0.66, 3, 5.528077)
Testing accuracy: 37.16
(0.66, 4, 6.945581)
Testing accuracy: 37.31
(1.0, 2, 11.424356)
Testing accuracy: 36.74

 62%|██████▏   | 620/1000 [1:49:25<1:36:39, 15.26s/it]********************************************************************************
Round 620
this epoch cost time:0.8620584011077881
this epoch choose: [47, 68, 61, 70, 54, 38, 52, 85, 83, 48]
this epoch dispatch models: [3 3 5 6 5 2 0 2 3 3]
this epoch received models: [np.int64(3), np.int64(3), np.int64(5), np.int64(6), np.int64(5), np.int64(2), np.int64(0), np.int64(2), np.int64(3), np.int64(3)]
hetero_proportion: 	4:3:3
(0.4, 2, 2.120985)
Testing accuracy: 38.76
(0.4, 3, 2.646356)
Testing accuracy: 38.02
(0.4, 4, 4.64774)
Testing accuracy: 37.48
(0.66, 2, 5.159621)
Testing accuracy: 36.66
(0.66, 3, 5.528077)
Testing accuracy: 37.24
(0.66, 4, 6.945581)
Testing accuracy: 37.31
(1.0, 2, 11.424356)
Testing accuracy: 36.65

 62%|██████▏   | 621/1000 [1:49:41<1:37:33, 15.44s/it]********************************************************************************
Round 621
this epoch cost time:0.6272385120391846
this epoch choose: [24, 35, 85, 65, 78, 42, 50, 74, 59, 7]
this epoch dispatch models: [1 0 3 2 0 5 3 1 3 0]
this epoch received models: [np.int64(1), np.int64(0), np.int64(3), np.int64(2), np.int64(0), np.int64(5), np.int64(3), np.int64(1), np.int64(3), np.int64(0)]
hetero_proportion: 	4:3:3
(0.4, 2, 2.120985)
Testing accuracy: 38.90
(0.4, 3, 2.646356)
Testing accuracy: 37.82
(0.4, 4, 4.64774)
Testing accuracy: 37.81
(0.66, 2, 5.159621)
Testing accuracy: 36.60
(0.66, 3, 5.528077)
Testing accuracy: 37.23
(0.66, 4, 6.945581)
Testing accuracy: 37.19
(1.0, 2, 11.424356)
Testing accuracy: 36.55

 62%|██████▏   | 622/1000 [1:49:55<1:35:45, 15.20s/it]********************************************************************************
Round 622
this epoch cost time:0.7757091522216797
this epoch choose: [84, 47, 57, 80, 77, 47, 51, 85, 90, 75]
this epoch dispatch models: [0 4 4 3 3 3 5 4 6 5]
this epoch received models: [np.int64(0), np.int64(4), np.int64(4), np.int64(3), np.int64(3), np.int64(3), np.int64(5), np.int64(4), np.int64(6), np.int64(5)]
hetero_proportion: 	4:3:3
(0.4, 2, 2.120985)
Testing accuracy: 38.84
(0.4, 3, 2.646356)
Testing accuracy: 37.87
(0.4, 4, 4.64774)
Testing accuracy: 37.82
(0.66, 2, 5.159621)
Testing accuracy: 36.67
(0.66, 3, 5.528077)
Testing accuracy: 37.20
(0.66, 4, 6.945581)
Testing accuracy: 37.20
(1.0, 2, 11.424356)
Testing accuracy: 36.56

 62%|██████▏   | 623/1000 [1:50:11<1:36:09, 15.30s/it]********************************************************************************
Round 623
this epoch cost time:0.8002033233642578
this epoch choose: [68, 76, 31, 59, 67, 6, 49, 63, 95, 81]
this epoch dispatch models: [4 5 2 1 3 2 3 1 6 6]
this epoch received models: [np.int64(4), np.int64(5), np.int64(2), np.int64(1), np.int64(3), np.int64(2), np.int64(3), np.int64(1), np.int64(6), np.int64(6)]
hetero_proportion: 	4:3:3
(0.4, 2, 2.120985)
Testing accuracy: 38.83
(0.4, 3, 2.646356)
Testing accuracy: 37.92
(0.4, 4, 4.64774)
Testing accuracy: 37.61
(0.66, 2, 5.159621)
Testing accuracy: 36.65
(0.66, 3, 5.528077)
Testing accuracy: 37.28
(0.66, 4, 6.945581)
Testing accuracy: 37.19
(1.0, 2, 11.424356)
Testing accuracy: 36.44

 62%|██████▏   | 624/1000 [1:50:26<1:34:54, 15.15s/it]********************************************************************************
Round 624
this epoch cost time:0.8527770042419434
this epoch choose: [72, 37, 95, 48, 97, 11, 88, 67, 48, 83]
this epoch dispatch models: [4 0 0 1 4 2 6 3 3 5]
this epoch received models: [np.int64(4), np.int64(0), np.int64(0), np.int64(1), np.int64(4), np.int64(2), np.int64(6), np.int64(3), np.int64(3), np.int64(5)]
hetero_proportion: 	4:3:3
(0.4, 2, 2.120985)
Testing accuracy: 38.78
(0.4, 3, 2.646356)
Testing accuracy: 37.69
(0.4, 4, 4.64774)
Testing accuracy: 37.42
(0.66, 2, 5.159621)
Testing accuracy: 36.82
(0.66, 3, 5.528077)
Testing accuracy: 37.12
(0.66, 4, 6.945581)
Testing accuracy: 37.34
(1.0, 2, 11.424356)
Testing accuracy: 36.72

 62%|██████▎   | 625/1000 [1:50:41<1:35:33, 15.29s/it]********************************************************************************
Round 625
this epoch cost time:0.6664824485778809
this epoch choose: [84, 65, 77, 67, 62, 72, 88, 86, 98, 97]
this epoch dispatch models: [3 1 6 5 0 6 6 5 6 6]
this epoch received models: [np.int64(3), np.int64(1), np.int64(6), np.int64(5), np.int64(0), np.int64(6), np.int64(6), np.int64(5), np.int64(6), np.int64(6)]
hetero_proportion: 	4:3:3
(0.4, 2, 2.120985)
Testing accuracy: 38.85
(0.4, 3, 2.646356)
Testing accuracy: 37.69
(0.4, 4, 4.64774)
Testing accuracy: 37.52
(0.66, 2, 5.159621)
Testing accuracy: 36.59
(0.66, 3, 5.528077)
Testing accuracy: 37.12
(0.66, 4, 6.945581)
Testing accuracy: 37.28
(1.0, 2, 11.424356)
Testing accuracy: 36.68

 63%|██████▎   | 626/1000 [1:50:56<1:34:35, 15.18s/it]********************************************************************************
Round 626
this epoch cost time:0.7026820182800293
this epoch choose: [63, 74, 73, 51, 7, 90, 26, 52, 41, 44]
this epoch dispatch models: [4 3 3 4 2 0 2 5 4 1]
this epoch received models: [np.int64(4), np.int64(3), np.int64(3), np.int64(4), np.int64(2), np.int64(0), np.int64(2), np.int64(5), np.int64(4), np.int64(1)]
hetero_proportion: 	4:3:3
(0.4, 2, 2.120985)
Testing accuracy: 39.10
(0.4, 3, 2.646356)
Testing accuracy: 37.69
(0.4, 4, 4.64774)
Testing accuracy: 37.72
(0.66, 2, 5.159621)
Testing accuracy: 36.78
(0.66, 3, 5.528077)
Testing accuracy: 37.35
(0.66, 4, 6.945581)
Testing accuracy: 37.25
(1.0, 2, 11.424356)
Testing accuracy: 36.66

 63%|██████▎   | 627/1000 [1:51:12<1:35:46, 15.41s/it]********************************************************************************
Round 627
this epoch cost time:0.792222261428833
this epoch choose: [55, 30, 90, 73, 67, 81, 52, 87, 53, 50]
this epoch dispatch models: [4 2 1 5 2 5 0 6 2 4]
this epoch received models: [np.int64(4), np.int64(2), np.int64(1), np.int64(5), np.int64(2), np.int64(5), np.int64(0), np.int64(6), np.int64(2), np.int64(4)]
hetero_proportion: 	4:3:3
(0.4, 2, 2.120985)
Testing accuracy: 39.00
(0.4, 3, 2.646356)
Testing accuracy: 37.69
(0.4, 4, 4.64774)
Testing accuracy: 37.64
(0.66, 2, 5.159621)
Testing accuracy: 37.02
(0.66, 3, 5.528077)
Testing accuracy: 37.21
(0.66, 4, 6.945581)
Testing accuracy: 37.28
(1.0, 2, 11.424356)
Testing accuracy: 36.68

 63%|██████▎   | 628/1000 [1:51:28<1:36:26, 15.56s/it]********************************************************************************
Round 628
this epoch cost time:0.7422475814819336
this epoch choose: [90, 55, 40, 54, 72, 74, 7, 81, 49, 95]
this epoch dispatch models: [4 3 4 3 5 4 0 3 4 3]
this epoch received models: [np.int64(4), np.int64(3), np.int64(4), np.int64(3), np.int64(5), np.int64(4), np.int64(0), np.int64(3), np.int64(4), np.int64(3)]
hetero_proportion: 	4:3:3
(0.4, 2, 2.120985)
Testing accuracy: 38.93
(0.4, 3, 2.646356)
Testing accuracy: 37.77
(0.4, 4, 4.64774)
Testing accuracy: 37.79
(0.66, 2, 5.159621)
Testing accuracy: 36.90
(0.66, 3, 5.528077)
Testing accuracy: 37.24
(0.66, 4, 6.945581)
Testing accuracy: 37.44
(1.0, 2, 11.424356)
Testing accuracy: 36.70

 63%|██████▎   | 629/1000 [1:51:44<1:36:13, 15.56s/it]********************************************************************************
Round 629
this epoch cost time:0.7747464179992676
this epoch choose: [75, 45, 3, 74, 87, 57, 77, 63, 61, 93]
this epoch dispatch models: [4 4 1 6 6 3 6 3 5 2]
this epoch received models: [np.int64(4), np.int64(4), np.int64(1), np.int64(6), np.int64(6), np.int64(3), np.int64(6), np.int64(3), np.int64(5), np.int64(2)]
hetero_proportion: 	4:3:3
(0.4, 2, 2.120985)
Testing accuracy: 38.94
(0.4, 3, 2.646356)
Testing accuracy: 37.92
(0.4, 4, 4.64774)
Testing accuracy: 37.99
(0.66, 2, 5.159621)
Testing accuracy: 36.96
(0.66, 3, 5.528077)
Testing accuracy: 37.40
(0.66, 4, 6.945581)
Testing accuracy: 37.54
(1.0, 2, 11.424356)
Testing accuracy: 37.04

 63%|██████▎   | 630/1000 [1:51:59<1:35:41, 15.52s/it]********************************************************************************
Round 630
this epoch cost time:0.772784948348999
this epoch choose: [48, 46, 32, 96, 66, 45, 89, 5, 75, 7]
this epoch dispatch models: [3 4 2 4 3 0 6 0 5 0]
this epoch received models: [np.int64(3), np.int64(4), np.int64(2), np.int64(4), np.int64(3), np.int64(0), np.int64(6), np.int64(0), np.int64(5), np.int64(0)]
hetero_proportion: 	4:3:3
(0.4, 2, 2.120985)
Testing accuracy: 38.99
(0.4, 3, 2.646356)
Testing accuracy: 37.87
(0.4, 4, 4.64774)
Testing accuracy: 37.83
(0.66, 2, 5.159621)
Testing accuracy: 36.76
(0.66, 3, 5.528077)
Testing accuracy: 37.16
(0.66, 4, 6.945581)
Testing accuracy: 37.31
(1.0, 2, 11.424356)
Testing accuracy: 36.85

 63%|██████▎   | 631/1000 [1:52:15<1:36:42, 15.73s/it]********************************************************************************
Round 631
this epoch cost time:1.0088109970092773
this epoch choose: [97, 83, 84, 4, 86, 80, 80, 39, 38, 83]
this epoch dispatch models: [6 5 6 0 5 5 6 2 2 5]
this epoch received models: [np.int64(6), np.int64(5), np.int64(6), np.int64(0), np.int64(5), np.int64(5), np.int64(6), np.int64(2), np.int64(2), np.int64(5)]
hetero_proportion: 	4:3:3
(0.4, 2, 2.120985)
Testing accuracy: 39.14
(0.4, 3, 2.646356)
Testing accuracy: 37.86
(0.4, 4, 4.64774)
Testing accuracy: 37.95
(0.66, 2, 5.159621)
Testing accuracy: 36.71
(0.66, 3, 5.528077)
Testing accuracy: 37.18
(0.66, 4, 6.945581)
Testing accuracy: 37.39
(1.0, 2, 11.424356)
Testing accuracy: 36.90

 63%|██████▎   | 632/1000 [1:52:32<1:38:44, 16.10s/it]********************************************************************************
Round 632
this epoch cost time:0.8699679374694824
this epoch choose: [94, 49, 79, 90, 64, 61, 58, 83, 15, 74]
this epoch dispatch models: [1 1 6 5 4 1 5 3 2 1]
this epoch received models: [np.int64(1), np.int64(1), np.int64(6), np.int64(5), np.int64(4), np.int64(1), np.int64(5), np.int64(3), np.int64(2), np.int64(1)]
hetero_proportion: 	4:3:3
(0.4, 2, 2.120985)
Testing accuracy: 39.18
(0.4, 3, 2.646356)
Testing accuracy: 37.93
(0.4, 4, 4.64774)
Testing accuracy: 38.19
(0.66, 2, 5.159621)
Testing accuracy: 37.03
(0.66, 3, 5.528077)
Testing accuracy: 37.44
(0.66, 4, 6.945581)
Testing accuracy: 37.40
(1.0, 2, 11.424356)
Testing accuracy: 36.80

 63%|██████▎   | 633/1000 [1:52:48<1:38:01, 16.03s/it]********************************************************************************
Round 633
this epoch cost time:0.9099400043487549
this epoch choose: [83, 81, 40, 91, 46, 83, 44, 26, 15, 90]
this epoch dispatch models: [4 4 4 0 3 6 5 1 0 6]
this epoch received models: [np.int64(4), np.int64(4), np.int64(4), np.int64(0), np.int64(3), np.int64(6), np.int64(5), np.int64(1), np.int64(0), np.int64(6)]
hetero_proportion: 	4:3:3
(0.4, 2, 2.120985)
Testing accuracy: 39.15
(0.4, 3, 2.646356)
Testing accuracy: 38.14
(0.4, 4, 4.64774)
Testing accuracy: 38.24
(0.66, 2, 5.159621)
Testing accuracy: 36.86
(0.66, 3, 5.528077)
Testing accuracy: 37.49
(0.66, 4, 6.945581)
Testing accuracy: 37.36
(1.0, 2, 11.424356)
Testing accuracy: 36.80

 63%|██████▎   | 634/1000 [1:53:04<1:38:03, 16.08s/it]********************************************************************************
Round 634
this epoch cost time:0.7296338081359863
this epoch choose: [1, 31, 60, 99, 9, 27, 43, 76, 37, 36]
this epoch dispatch models: [0 0 2 6 1 2 2 6 0 1]
this epoch received models: [np.int64(0), np.int64(0), np.int64(2), np.int64(6), np.int64(1), np.int64(2), np.int64(2), np.int64(6), np.int64(0), np.int64(1)]
hetero_proportion: 	4:3:3
(0.4, 2, 2.120985)
Testing accuracy: 39.15
(0.4, 3, 2.646356)
Testing accuracy: 38.21
(0.4, 4, 4.64774)
Testing accuracy: 38.12
(0.66, 2, 5.159621)
Testing accuracy: 36.96
(0.66, 3, 5.528077)
Testing accuracy: 37.28
(0.66, 4, 6.945581)
Testing accuracy: 37.58
(1.0, 2, 11.424356)
Testing accuracy: 36.91

 64%|██████▎   | 635/1000 [1:53:19<1:36:07, 15.80s/it]********************************************************************************
Round 635
this epoch cost time:0.8383529186248779
this epoch choose: [95, 69, 84, 84, 87, 73, 91, 65, 53, 84]
this epoch dispatch models: [3 4 6 5 6 2 2 0 3 3]
this epoch received models: [np.int64(3), np.int64(4), np.int64(6), np.int64(5), np.int64(6), np.int64(2), np.int64(2), np.int64(0), np.int64(3), np.int64(3)]
hetero_proportion: 	4:3:3
(0.4, 2, 2.120985)
Testing accuracy: 39.09
(0.4, 3, 2.646356)
Testing accuracy: 38.12
(0.4, 4, 4.64774)
Testing accuracy: 38.21
(0.66, 2, 5.159621)
Testing accuracy: 37.03
(0.66, 3, 5.528077)
Testing accuracy: 37.22
(0.66, 4, 6.945581)
Testing accuracy: 37.58
(1.0, 2, 11.424356)
Testing accuracy: 36.87

 64%|██████▎   | 636/1000 [1:53:37<1:38:37, 16.26s/it]********************************************************************************
Round 636
this epoch cost time:0.9337615966796875
this epoch choose: [69, 64, 72, 93, 3, 9, 59, 86, 89, 57]
this epoch dispatch models: [5 5 6 6 0 2 4 4 6 0]
this epoch received models: [np.int64(5), np.int64(5), np.int64(6), np.int64(6), np.int64(0), np.int64(2), np.int64(4), np.int64(4), np.int64(6), np.int64(0)]
hetero_proportion: 	4:3:3
(0.4, 2, 2.120985)
Testing accuracy: 38.98
(0.4, 3, 2.646356)
Testing accuracy: 38.12
(0.4, 4, 4.64774)
Testing accuracy: 38.29
(0.66, 2, 5.159621)
Testing accuracy: 37.04
(0.66, 3, 5.528077)
Testing accuracy: 37.08
(0.66, 4, 6.945581)
Testing accuracy: 37.47
(1.0, 2, 11.424356)
Testing accuracy: 36.99

 64%|██████▎   | 637/1000 [1:53:56<1:42:52, 17.00s/it]********************************************************************************
Round 637
this epoch cost time:0.8143820762634277
this epoch choose: [76, 92, 79, 53, 51, 82, 78, 85, 50, 82]
this epoch dispatch models: [6 0 6 1 4 0 5 2 0 6]
this epoch received models: [np.int64(6), np.int64(0), np.int64(6), np.int64(1), np.int64(4), np.int64(0), np.int64(5), np.int64(2), np.int64(0), np.int64(6)]
hetero_proportion: 	4:3:3
(0.4, 2, 2.120985)
Testing accuracy: 38.85
(0.4, 3, 2.646356)
Testing accuracy: 37.89
(0.4, 4, 4.64774)
Testing accuracy: 38.02
(0.66, 2, 5.159621)
Testing accuracy: 36.73
(0.66, 3, 5.528077)
Testing accuracy: 37.10
(0.66, 4, 6.945581)
Testing accuracy: 37.11
(1.0, 2, 11.424356)
Testing accuracy: 36.77

 64%|██████▍   | 638/1000 [1:54:14<1:45:36, 17.50s/it]********************************************************************************
Round 638
this epoch cost time:0.7510006427764893
this epoch choose: [94, 93, 59, 54, 55, 98, 71, 1, 37, 78]
this epoch dispatch models: [4 2 2 3 5 3 3 2 1 6]
this epoch received models: [np.int64(4), np.int64(2), np.int64(2), np.int64(3), np.int64(5), np.int64(3), np.int64(3), np.int64(2), np.int64(1), np.int64(6)]
hetero_proportion: 	4:3:3
(0.4, 2, 2.120985)
Testing accuracy: 38.89
(0.4, 3, 2.646356)
Testing accuracy: 37.73
(0.4, 4, 4.64774)
Testing accuracy: 37.69
(0.66, 2, 5.159621)
Testing accuracy: 36.95
(0.66, 3, 5.528077)
Testing accuracy: 36.87
(0.66, 4, 6.945581)
Testing accuracy: 37.18
(1.0, 2, 11.424356)
Testing accuracy: 36.73

 64%|██████▍   | 639/1000 [1:54:32<1:45:58, 17.61s/it]********************************************************************************
Round 639
this epoch cost time:0.8046793937683105
this epoch choose: [85, 63, 45, 88, 47, 77, 93, 84, 85, 96]
this epoch dispatch models: [6 2 1 3 4 3 6 4 0 0]
this epoch received models: [np.int64(6), np.int64(2), np.int64(1), np.int64(3), np.int64(4), np.int64(3), np.int64(6), np.int64(4), np.int64(0), np.int64(0)]
hetero_proportion: 	4:3:3
(0.4, 2, 2.120985)
Testing accuracy: 38.90
(0.4, 3, 2.646356)
Testing accuracy: 37.89
(0.4, 4, 4.64774)
Testing accuracy: 37.80
(0.66, 2, 5.159621)
Testing accuracy: 37.08
(0.66, 3, 5.528077)
Testing accuracy: 36.94
(0.66, 4, 6.945581)
Testing accuracy: 37.26
(1.0, 2, 11.424356)
Testing accuracy: 36.92

 64%|██████▍   | 640/1000 [1:54:50<1:46:27, 17.74s/it]********************************************************************************
Round 640
this epoch cost time:0.9535274505615234
this epoch choose: [73, 76, 92, 68, 49, 53, 83, 43, 86, 22]
this epoch dispatch models: [6 6 6 3 1 5 6 5 5 2]
this epoch received models: [np.int64(6), np.int64(6), np.int64(6), np.int64(3), np.int64(1), np.int64(5), np.int64(6), np.int64(5), np.int64(5), np.int64(2)]
hetero_proportion: 	4:3:3
(0.4, 2, 2.120985)
Testing accuracy: 38.88
(0.4, 3, 2.646356)
Testing accuracy: 38.19
(0.4, 4, 4.64774)
Testing accuracy: 38.04
(0.66, 2, 5.159621)
Testing accuracy: 36.94
(0.66, 3, 5.528077)
Testing accuracy: 36.91
(0.66, 4, 6.945581)
Testing accuracy: 37.36
(1.0, 2, 11.424356)
Testing accuracy: 36.89

 64%|██████▍   | 641/1000 [1:55:10<1:49:27, 18.30s/it]********************************************************************************
Round 641
this epoch cost time:1.0710699558258057
this epoch choose: [88, 92, 83, 49, 67, 63, 73, 18, 91, 72]
this epoch dispatch models: [5 6 5 1 4 4 5 0 5 6]
this epoch received models: [np.int64(5), np.int64(6), np.int64(5), np.int64(1), np.int64(4), np.int64(4), np.int64(5), np.int64(0), np.int64(5), np.int64(6)]
hetero_proportion: 	4:3:3
(0.4, 2, 2.120985)
Testing accuracy: 38.93
(0.4, 3, 2.646356)
Testing accuracy: 37.96
(0.4, 4, 4.64774)
Testing accuracy: 37.86
(0.66, 2, 5.159621)
Testing accuracy: 36.93
(0.66, 3, 5.528077)
Testing accuracy: 36.94
(0.66, 4, 6.945581)
Testing accuracy: 37.38
(1.0, 2, 11.424356)
Testing accuracy: 36.90

 64%|██████▍   | 642/1000 [1:55:28<1:49:56, 18.43s/it]********************************************************************************
Round 642
this epoch cost time:0.8947937488555908
this epoch choose: [65, 92, 20, 5, 88, 94, 53, 88, 64, 69]
this epoch dispatch models: [1 6 1 0 6 6 3 4 0 2]
this epoch received models: [np.int64(1), np.int64(6), np.int64(1), np.int64(0), np.int64(6), np.int64(6), np.int64(3), np.int64(4), np.int64(0), np.int64(2)]
hetero_proportion: 	4:3:3
(0.4, 2, 2.120985)
Testing accuracy: 38.97
(0.4, 3, 2.646356)
Testing accuracy: 37.97
(0.4, 4, 4.64774)
Testing accuracy: 37.76
(0.66, 2, 5.159621)
Testing accuracy: 36.79
(0.66, 3, 5.528077)
Testing accuracy: 37.01
(0.66, 4, 6.945581)
Testing accuracy: 37.24
(1.0, 2, 11.424356)
Testing accuracy: 36.86

 64%|██████▍   | 643/1000 [1:55:47<1:50:11, 18.52s/it]********************************************************************************
Round 643
this epoch cost time:1.1202583312988281
this epoch choose: [97, 86, 59, 83, 99, 39, 59, 70, 48, 2]
this epoch dispatch models: [5 3 0 2 5 0 3 5 3 1]
this epoch received models: [np.int64(5), np.int64(3), np.int64(0), np.int64(2), np.int64(5), np.int64(0), np.int64(3), np.int64(5), np.int64(3), np.int64(1)]
hetero_proportion: 	4:3:3
(0.4, 2, 2.120985)
Testing accuracy: 39.03
(0.4, 3, 2.646356)
Testing accuracy: 37.88
(0.4, 4, 4.64774)
Testing accuracy: 37.91
(0.66, 2, 5.159621)
Testing accuracy: 36.90
(0.66, 3, 5.528077)
Testing accuracy: 36.83
(0.66, 4, 6.945581)
Testing accuracy: 37.47
(1.0, 2, 11.424356)
Testing accuracy: 36.96

 64%|██████▍   | 644/1000 [1:56:06<1:51:16, 18.75s/it]********************************************************************************
Round 644
this epoch cost time:1.099330186843872
this epoch choose: [90, 68, 55, 82, 86, 74, 62, 83, 91, 63]
this epoch dispatch models: [0 3 1 5 2 2 5 6 2 5]
this epoch received models: [np.int64(0), np.int64(3), np.int64(1), np.int64(5), np.int64(2), np.int64(2), np.int64(5), np.int64(6), np.int64(2), np.int64(5)]
hetero_proportion: 	4:3:3
(0.4, 2, 2.120985)
Testing accuracy: 38.92
(0.4, 3, 2.646356)
Testing accuracy: 37.81
(0.4, 4, 4.64774)
Testing accuracy: 37.97
(0.66, 2, 5.159621)
Testing accuracy: 36.81
(0.66, 3, 5.528077)
Testing accuracy: 36.65
(0.66, 4, 6.945581)
Testing accuracy: 37.21
(1.0, 2, 11.424356)
Testing accuracy: 36.77

 64%|██████▍   | 645/1000 [1:56:26<1:53:07, 19.12s/it]********************************************************************************
Round 645
this epoch cost time:0.8929908275604248
this epoch choose: [27, 98, 34, 53, 85, 59, 76, 97, 70, 34]
this epoch dispatch models: [2 1 1 4 0 1 4 5 4 1]
this epoch received models: [np.int64(2), np.int64(1), np.int64(1), np.int64(4), np.int64(0), np.int64(1), np.int64(4), np.int64(5), np.int64(4), np.int64(1)]
hetero_proportion: 	4:3:3
(0.4, 2, 2.120985)
Testing accuracy: 38.77
(0.4, 3, 2.646356)
Testing accuracy: 37.68
(0.4, 4, 4.64774)
Testing accuracy: 37.63
(0.66, 2, 5.159621)
Testing accuracy: 36.54
(0.66, 3, 5.528077)
Testing accuracy: 36.62
(0.66, 4, 6.945581)
Testing accuracy: 37.14
(1.0, 2, 11.424356)
Testing accuracy: 36.57

 65%|██████▍   | 646/1000 [1:56:45<1:52:06, 19.00s/it]********************************************************************************
Round 646
this epoch cost time:0.7981564998626709
this epoch choose: [87, 79, 53, 58, 78, 56, 8, 14, 60, 68]
this epoch dispatch models: [1 2 1 5 6 0 2 1 5 4]
this epoch received models: [np.int64(1), np.int64(2), np.int64(1), np.int64(5), np.int64(6), np.int64(0), np.int64(2), np.int64(1), np.int64(5), np.int64(4)]
hetero_proportion: 	4:3:3
(0.4, 2, 2.120985)
Testing accuracy: 38.59
(0.4, 3, 2.646356)
Testing accuracy: 37.90
(0.4, 4, 4.64774)
Testing accuracy: 37.44
(0.66, 2, 5.159621)
Testing accuracy: 36.53
(0.66, 3, 5.528077)
Testing accuracy: 36.45
(0.66, 4, 6.945581)
Testing accuracy: 36.90
(1.0, 2, 11.424356)
Testing accuracy: 36.63

 65%|██████▍   | 647/1000 [1:57:04<1:51:56, 19.03s/it]********************************************************************************
Round 647
this epoch cost time:0.6381587982177734
this epoch choose: [87, 86, 97, 58, 66, 92, 29, 65, 97, 98]
this epoch dispatch models: [1 0 3 5 1 3 1 0 3 3]
this epoch received models: [np.int64(1), np.int64(0), np.int64(3), np.int64(5), np.int64(1), np.int64(3), np.int64(1), np.int64(0), np.int64(3), np.int64(3)]
hetero_proportion: 	4:3:3
(0.4, 2, 2.120985)
Testing accuracy: 38.76
(0.4, 3, 2.646356)
Testing accuracy: 37.53
(0.4, 4, 4.64774)
Testing accuracy: 37.43
(0.66, 2, 5.159621)
Testing accuracy: 36.64
(0.66, 3, 5.528077)
Testing accuracy: 36.51
(0.66, 4, 6.945581)
Testing accuracy: 36.90
(1.0, 2, 11.424356)
Testing accuracy: 36.59

 65%|██████▍   | 648/1000 [1:57:23<1:50:17, 18.80s/it]********************************************************************************
Round 648
this epoch cost time:0.8586955070495605
this epoch choose: [40, 55, 49, 75, 56, 90, 96, 92, 31, 52]
this epoch dispatch models: [1 4 4 6 3 1 4 4 0 2]
this epoch received models: [np.int64(1), np.int64(4), np.int64(4), np.int64(6), np.int64(3), np.int64(1), np.int64(4), np.int64(4), np.int64(0), np.int64(2)]
hetero_proportion: 	4:3:3
(0.4, 2, 2.120985)
Testing accuracy: 38.86
(0.4, 3, 2.646356)
Testing accuracy: 37.67
(0.4, 4, 4.64774)
Testing accuracy: 37.71
(0.66, 2, 5.159621)
Testing accuracy: 36.73
(0.66, 3, 5.528077)
Testing accuracy: 36.65
(0.66, 4, 6.945581)
Testing accuracy: 37.06
(1.0, 2, 11.424356)
Testing accuracy: 36.58

 65%|██████▍   | 649/1000 [1:57:42<1:50:29, 18.89s/it]********************************************************************************
Round 649
this epoch cost time:0.8305578231811523
this epoch choose: [93, 3, 86, 54, 65, 28, 74, 9, 72, 21]
this epoch dispatch models: [4 0 0 1 3 1 6 1 6 1]
this epoch received models: [np.int64(4), np.int64(0), np.int64(0), np.int64(1), np.int64(3), np.int64(1), np.int64(6), np.int64(1), np.int64(6), np.int64(1)]
hetero_proportion: 	4:3:3
(0.4, 2, 2.120985)
Testing accuracy: 38.75
(0.4, 3, 2.646356)
Testing accuracy: 37.53
(0.4, 4, 4.64774)
Testing accuracy: 37.85
(0.66, 2, 5.159621)
Testing accuracy: 36.76
(0.66, 3, 5.528077)
Testing accuracy: 36.58
(0.66, 4, 6.945581)
Testing accuracy: 37.02
(1.0, 2, 11.424356)
Testing accuracy: 36.58

 65%|██████▌   | 650/1000 [1:58:00<1:48:32, 18.61s/it]********************************************************************************
Round 650
this epoch cost time:0.9969620704650879
this epoch choose: [69, 78, 86, 64, 90, 28, 58, 78, 65, 34]
this epoch dispatch models: [5 4 4 3 4 0 4 5 5 0]
this epoch received models: [np.int64(5), np.int64(4), np.int64(4), np.int64(3), np.int64(4), np.int64(0), np.int64(4), np.int64(5), np.int64(5), np.int64(0)]
hetero_proportion: 	4:3:3
(0.4, 2, 2.120985)
Testing accuracy: 38.62
(0.4, 3, 2.646356)
Testing accuracy: 37.54
(0.4, 4, 4.64774)
Testing accuracy: 37.61
(0.66, 2, 5.159621)
Testing accuracy: 36.94
(0.66, 3, 5.528077)
Testing accuracy: 36.69
(0.66, 4, 6.945581)
Testing accuracy: 36.97
(1.0, 2, 11.424356)
Testing accuracy: 36.37

 65%|██████▌   | 651/1000 [1:58:18<1:48:02, 18.57s/it]********************************************************************************
Round 651
this epoch cost time:0.8339624404907227
this epoch choose: [40, 36, 49, 47, 94, 55, 58, 87, 82, 38]
this epoch dispatch models: [4 0 3 5 1 1 4 5 4 2]
this epoch received models: [np.int64(4), np.int64(0), np.int64(3), np.int64(5), np.int64(1), np.int64(1), np.int64(4), np.int64(5), np.int64(4), np.int64(2)]
hetero_proportion: 	4:3:3
(0.4, 2, 2.120985)
Testing accuracy: 38.97
(0.4, 3, 2.646356)
Testing accuracy: 37.45
(0.4, 4, 4.64774)
Testing accuracy: 37.56
(0.66, 2, 5.159621)
Testing accuracy: 36.81
(0.66, 3, 5.528077)
Testing accuracy: 36.84
(0.66, 4, 6.945581)
Testing accuracy: 37.29
(1.0, 2, 11.424356)
Testing accuracy: 36.52

 65%|██████▌   | 652/1000 [1:58:36<1:47:13, 18.49s/it]********************************************************************************
Round 652
this epoch cost time:1.127335786819458
this epoch choose: [84, 66, 75, 7, 84, 95, 83, 19, 12, 98]
this epoch dispatch models: [5 3 4 1 1 1 5 0 1 0]
this epoch received models: [np.int64(5), np.int64(3), np.int64(4), np.int64(1), np.int64(1), np.int64(1), np.int64(5), np.int64(0), np.int64(1), np.int64(0)]
hetero_proportion: 	4:3:3
(0.4, 2, 2.120985)
Testing accuracy: 38.69
(0.4, 3, 2.646356)
Testing accuracy: 37.49
(0.4, 4, 4.64774)
Testing accuracy: 37.61
(0.66, 2, 5.159621)
Testing accuracy: 36.68
(0.66, 3, 5.528077)
Testing accuracy: 36.36
(0.66, 4, 6.945581)
Testing accuracy: 36.99
(1.0, 2, 11.424356)
Testing accuracy: 36.60

 65%|██████▌   | 653/1000 [1:58:55<1:46:40, 18.44s/it]********************************************************************************
Round 653
this epoch cost time:1.0373692512512207
this epoch choose: [50, 86, 62, 55, 73, 7, 81, 81, 80, 59]
this epoch dispatch models: [4 6 2 2 6 1 6 3 6 3]
this epoch received models: [np.int64(4), np.int64(6), np.int64(2), np.int64(2), np.int64(6), np.int64(1), np.int64(6), np.int64(3), np.int64(6), np.int64(3)]
hetero_proportion: 	4:3:3
(0.4, 2, 2.120985)
Testing accuracy: 38.60
(0.4, 3, 2.646356)
Testing accuracy: 37.57
(0.4, 4, 4.64774)
Testing accuracy: 37.60
(0.66, 2, 5.159621)
Testing accuracy: 36.75
(0.66, 3, 5.528077)
Testing accuracy: 36.37
(0.66, 4, 6.945581)
Testing accuracy: 37.05
(1.0, 2, 11.424356)
Testing accuracy: 36.76

 65%|██████▌   | 654/1000 [1:59:14<1:48:18, 18.78s/it]********************************************************************************
Round 654
this epoch cost time:0.9516162872314453
this epoch choose: [71, 59, 57, 42, 62, 58, 87, 80, 27, 78]
this epoch dispatch models: [6 3 2 3 4 4 6 5 1 6]
this epoch received models: [np.int64(6), np.int64(3), np.int64(2), np.int64(3), np.int64(4), np.int64(4), np.int64(6), np.int64(5), np.int64(1), np.int64(6)]
hetero_proportion: 	4:3:3
(0.4, 2, 2.120985)
Testing accuracy: 38.82
(0.4, 3, 2.646356)
Testing accuracy: 37.54
(0.4, 4, 4.64774)
Testing accuracy: 37.77
(0.66, 2, 5.159621)
Testing accuracy: 36.70
(0.66, 3, 5.528077)
Testing accuracy: 36.55
(0.66, 4, 6.945581)
Testing accuracy: 37.09
(1.0, 2, 11.424356)
Testing accuracy: 36.71

 66%|██████▌   | 655/1000 [1:59:33<1:47:15, 18.65s/it]********************************************************************************
Round 655
this epoch cost time:0.8071126937866211
this epoch choose: [95, 57, 21, 36, 65, 43, 71, 92, 45, 98]
this epoch dispatch models: [1 4 0 0 2 1 0 4 4 6]
this epoch received models: [np.int64(1), np.int64(4), np.int64(0), np.int64(0), np.int64(2), np.int64(1), np.int64(0), np.int64(4), np.int64(4), np.int64(6)]
hetero_proportion: 	4:3:3
(0.4, 2, 2.120985)
Testing accuracy: 38.84
(0.4, 3, 2.646356)
Testing accuracy: 37.45
(0.4, 4, 4.64774)
Testing accuracy: 37.87
(0.66, 2, 5.159621)
Testing accuracy: 36.70
(0.66, 3, 5.528077)
Testing accuracy: 36.76
(0.66, 4, 6.945581)
Testing accuracy: 37.17
(1.0, 2, 11.424356)
Testing accuracy: 36.88

 66%|██████▌   | 656/1000 [1:59:51<1:46:34, 18.59s/it]********************************************************************************
Round 656
this epoch cost time:0.9542248249053955
this epoch choose: [84, 42, 48, 48, 64, 60, 61, 93, 91, 70]
this epoch dispatch models: [5 4 5 5 3 4 3 3 5 4]
this epoch received models: [np.int64(5), np.int64(4), np.int64(5), np.int64(5), np.int64(3), np.int64(4), np.int64(3), np.int64(3), np.int64(5), np.int64(4)]
hetero_proportion: 	4:3:3
(0.4, 2, 2.120985)
Testing accuracy: 38.95
(0.4, 3, 2.646356)
Testing accuracy: 37.59
(0.4, 4, 4.64774)
Testing accuracy: 37.82
(0.66, 2, 5.159621)
Testing accuracy: 36.72
(0.66, 3, 5.528077)
Testing accuracy: 36.86
(0.66, 4, 6.945581)
Testing accuracy: 37.13
(1.0, 2, 11.424356)
Testing accuracy: 36.80

 66%|██████▌   | 657/1000 [2:00:10<1:46:55, 18.70s/it]********************************************************************************
Round 657
this epoch cost time:0.8616151809692383
this epoch choose: [50, 58, 41, 94, 33, 41, 87, 80, 79, 72]
this epoch dispatch models: [5 3 4 6 2 3 6 4 4 2]
this epoch received models: [np.int64(5), np.int64(3), np.int64(4), np.int64(6), np.int64(2), np.int64(3), np.int64(6), np.int64(4), np.int64(4), np.int64(2)]
hetero_proportion: 	4:3:3
(0.4, 2, 2.120985)
Testing accuracy: 38.94
(0.4, 3, 2.646356)
Testing accuracy: 37.72
(0.4, 4, 4.64774)
Testing accuracy: 37.95
(0.66, 2, 5.159621)
Testing accuracy: 36.93
(0.66, 3, 5.528077)
Testing accuracy: 37.04
(0.66, 4, 6.945581)
Testing accuracy: 37.10
(1.0, 2, 11.424356)
Testing accuracy: 37.02

 66%|██████▌   | 658/1000 [2:00:28<1:46:01, 18.60s/it]********************************************************************************
Round 658
this epoch cost time:0.8163244724273682
this epoch choose: [2, 53, 74, 96, 59, 98, 3, 79, 86, 97]
this epoch dispatch models: [2 1 3 6 1 0 2 2 6 6]
this epoch received models: [np.int64(2), np.int64(1), np.int64(3), np.int64(6), np.int64(1), np.int64(0), np.int64(2), np.int64(2), np.int64(6), np.int64(6)]
hetero_proportion: 	4:3:3
(0.4, 2, 2.120985)
Testing accuracy: 38.85
(0.4, 3, 2.646356)
Testing accuracy: 37.55
(0.4, 4, 4.64774)
Testing accuracy: 37.92
(0.66, 2, 5.159621)
Testing accuracy: 36.95
(0.66, 3, 5.528077)
Testing accuracy: 36.87
(0.66, 4, 6.945581)
Testing accuracy: 37.16
(1.0, 2, 11.424356)
Testing accuracy: 36.62

 66%|██████▌   | 659/1000 [2:00:47<1:46:32, 18.75s/it]********************************************************************************
Round 659
this epoch cost time:0.7840800285339355
this epoch choose: [93, 82, 13, 15, 73, 72, 2, 49, 45, 71]
this epoch dispatch models: [4 6 0 1 1 2 1 1 3 5]
this epoch received models: [np.int64(4), np.int64(6), np.int64(0), np.int64(1), np.int64(1), np.int64(2), np.int64(1), np.int64(1), np.int64(3), np.int64(5)]
hetero_proportion: 	4:3:3
(0.4, 2, 2.120985)
Testing accuracy: 38.86
(0.4, 3, 2.646356)
Testing accuracy: 37.74
(0.4, 4, 4.64774)
Testing accuracy: 37.95
(0.66, 2, 5.159621)
Testing accuracy: 36.75
(0.66, 3, 5.528077)
Testing accuracy: 36.68
(0.66, 4, 6.945581)
Testing accuracy: 37.28
(1.0, 2, 11.424356)
Testing accuracy: 36.77

 66%|██████▌   | 660/1000 [2:01:05<1:44:37, 18.46s/it]********************************************************************************
Round 660
this epoch cost time:0.8674435615539551
this epoch choose: [97, 53, 62, 74, 42, 52, 60, 69, 80, 24]
this epoch dispatch models: [6 3 5 2 5 1 1 0 6 1]
this epoch received models: [np.int64(6), np.int64(3), np.int64(5), np.int64(2), np.int64(5), np.int64(1), np.int64(1), np.int64(0), np.int64(6), np.int64(1)]
hetero_proportion: 	4:3:3
(0.4, 2, 2.120985)
Testing accuracy: 38.68
(0.4, 3, 2.646356)
Testing accuracy: 37.79
(0.4, 4, 4.64774)
Testing accuracy: 37.74
(0.66, 2, 5.159621)
Testing accuracy: 36.82
(0.66, 3, 5.528077)
Testing accuracy: 36.77
(0.66, 4, 6.945581)
Testing accuracy: 37.17
(1.0, 2, 11.424356)
Testing accuracy: 36.47

 66%|██████▌   | 661/1000 [2:01:25<1:46:34, 18.86s/it]********************************************************************************
Round 661
this epoch cost time:0.9864788055419922
this epoch choose: [40, 74, 85, 85, 56, 55, 80, 72, 73, 83]
this epoch dispatch models: [5 6 6 6 5 1 0 5 6 6]
this epoch received models: [np.int64(5), np.int64(6), np.int64(6), np.int64(6), np.int64(5), np.int64(1), np.int64(0), np.int64(5), np.int64(6), np.int64(6)]
hetero_proportion: 	4:3:3
(0.4, 2, 2.120985)
Testing accuracy: 38.94
(0.4, 3, 2.646356)
Testing accuracy: 37.89
(0.4, 4, 4.64774)
Testing accuracy: 37.79
(0.66, 2, 5.159621)
Testing accuracy: 36.81
(0.66, 3, 5.528077)
Testing accuracy: 36.87
(0.66, 4, 6.945581)
Testing accuracy: 37.20
(1.0, 2, 11.424356)
Testing accuracy: 36.54

 66%|██████▌   | 662/1000 [2:01:45<1:48:11, 19.21s/it]********************************************************************************
Round 662
this epoch cost time:0.8965954780578613
this epoch choose: [68, 75, 66, 58, 11, 6, 54, 19, 98, 98]
this epoch dispatch models: [5 3 1 5 2 2 2 2 3 3]
this epoch received models: [np.int64(5), np.int64(3), np.int64(1), np.int64(5), np.int64(2), np.int64(2), np.int64(2), np.int64(2), np.int64(3), np.int64(3)]
hetero_proportion: 	4:3:3
(0.4, 2, 2.120985)
Testing accuracy: 38.96
(0.4, 3, 2.646356)
Testing accuracy: 37.93
(0.4, 4, 4.64774)
Testing accuracy: 37.81
(0.66, 2, 5.159621)
Testing accuracy: 36.86
(0.66, 3, 5.528077)
Testing accuracy: 37.01
(0.66, 4, 6.945581)
Testing accuracy: 37.32
(1.0, 2, 11.424356)
Testing accuracy: 36.86

 66%|██████▋   | 663/1000 [2:02:04<1:48:07, 19.25s/it]********************************************************************************
Round 663
this epoch cost time:0.7295563220977783
this epoch choose: [62, 95, 94, 98, 93, 99, 52, 10, 58, 46]
this epoch dispatch models: [5 6 6 6 3 6 4 1 0 2]
this epoch received models: [np.int64(5), np.int64(6), np.int64(6), np.int64(6), np.int64(3), np.int64(6), np.int64(4), np.int64(1), np.int64(0), np.int64(2)]
hetero_proportion: 	4:3:3
(0.4, 2, 2.120985)
Testing accuracy: 38.92
(0.4, 3, 2.646356)
Testing accuracy: 37.89
(0.4, 4, 4.64774)
Testing accuracy: 37.76
(0.66, 2, 5.159621)
Testing accuracy: 36.73
(0.66, 3, 5.528077)
Testing accuracy: 36.99
(0.66, 4, 6.945581)
Testing accuracy: 37.20
(1.0, 2, 11.424356)
Testing accuracy: 36.81

 66%|██████▋   | 664/1000 [2:02:22<1:45:41, 18.87s/it]********************************************************************************
Round 664
this epoch cost time:0.8290159702301025
this epoch choose: [47, 77, 89, 42, 91, 91, 46, 26, 77, 40]
this epoch dispatch models: [3 4 6 0 4 6 3 0 2 1]
this epoch received models: [np.int64(3), np.int64(4), np.int64(6), np.int64(0), np.int64(4), np.int64(6), np.int64(3), np.int64(0), np.int64(2), np.int64(1)]
hetero_proportion: 	4:3:3
(0.4, 2, 2.120985)
Testing accuracy: 39.09
(0.4, 3, 2.646356)
Testing accuracy: 38.02
(0.4, 4, 4.64774)
Testing accuracy: 37.82
(0.66, 2, 5.159621)
Testing accuracy: 36.76
(0.66, 3, 5.528077)
Testing accuracy: 37.12
(0.66, 4, 6.945581)
Testing accuracy: 37.12
(1.0, 2, 11.424356)
Testing accuracy: 36.76

 66%|██████▋   | 665/1000 [2:02:41<1:44:06, 18.65s/it]********************************************************************************
Round 665
this epoch cost time:0.7887864112854004
this epoch choose: [50, 20, 42, 98, 45, 26, 93, 90, 37, 71]
this epoch dispatch models: [4 0 2 2 3 2 6 3 1 0]
this epoch received models: [np.int64(4), np.int64(0), np.int64(2), np.int64(2), np.int64(3), np.int64(2), np.int64(6), np.int64(3), np.int64(1), np.int64(0)]
hetero_proportion: 	4:3:3
(0.4, 2, 2.120985)
Testing accuracy: 38.90
(0.4, 3, 2.646356)
Testing accuracy: 37.99
(0.4, 4, 4.64774)
Testing accuracy: 38.05
(0.66, 2, 5.159621)
Testing accuracy: 36.93
(0.66, 3, 5.528077)
Testing accuracy: 36.98
(0.66, 4, 6.945581)
Testing accuracy: 37.32
(1.0, 2, 11.424356)
Testing accuracy: 36.80

 67%|██████▋   | 666/1000 [2:02:58<1:41:23, 18.21s/it]********************************************************************************
Round 666
this epoch cost time:0.9784600734710693
this epoch choose: [74, 8, 62, 76, 69, 92, 64, 56, 49, 63]
this epoch dispatch models: [0 2 0 4 5 5 2 0 1 5]
this epoch received models: [np.int64(0), np.int64(2), np.int64(0), np.int64(4), np.int64(5), np.int64(5), np.int64(2), np.int64(0), np.int64(1), np.int64(5)]
hetero_proportion: 	4:3:3
(0.4, 2, 2.120985)
Testing accuracy: 38.83
(0.4, 3, 2.646356)
Testing accuracy: 37.81
(0.4, 4, 4.64774)
Testing accuracy: 37.90
(0.66, 2, 5.159621)
Testing accuracy: 36.97
(0.66, 3, 5.528077)
Testing accuracy: 37.00
(0.66, 4, 6.945581)
Testing accuracy: 37.10
(1.0, 2, 11.424356)
Testing accuracy: 36.61

 67%|██████▋   | 667/1000 [2:03:17<1:43:19, 18.62s/it]********************************************************************************
Round 667
this epoch cost time:0.8788554668426514
this epoch choose: [73, 89, 81, 73, 60, 91, 22, 86, 99, 96]
this epoch dispatch models: [5 3 1 5 0 5 0 2 5 6]
this epoch received models: [np.int64(5), np.int64(3), np.int64(1), np.int64(5), np.int64(0), np.int64(5), np.int64(0), np.int64(2), np.int64(5), np.int64(6)]
hetero_proportion: 	4:3:3
(0.4, 2, 2.120985)
Testing accuracy: 39.00
(0.4, 3, 2.646356)
Testing accuracy: 37.78
(0.4, 4, 4.64774)
Testing accuracy: 37.52
(0.66, 2, 5.159621)
Testing accuracy: 36.66
(0.66, 3, 5.528077)
Testing accuracy: 37.09
(0.66, 4, 6.945581)
Testing accuracy: 37.22
(1.0, 2, 11.424356)
Testing accuracy: 36.77

 67%|██████▋   | 668/1000 [2:03:36<1:42:52, 18.59s/it]********************************************************************************
Round 668
this epoch cost time:0.8616471290588379
this epoch choose: [18, 40, 22, 39, 75, 81, 80, 19, 26, 94]
this epoch dispatch models: [1 3 2 2 6 3 5 2 0 4]
this epoch received models: [np.int64(1), np.int64(3), np.int64(2), np.int64(2), np.int64(6), np.int64(3), np.int64(5), np.int64(2), np.int64(0), np.int64(4)]
hetero_proportion: 	4:3:3
(0.4, 2, 2.120985)
Testing accuracy: 39.03
(0.4, 3, 2.646356)
Testing accuracy: 37.88
(0.4, 4, 4.64774)
Testing accuracy: 37.80
(0.66, 2, 5.159621)
Testing accuracy: 36.63
(0.66, 3, 5.528077)
Testing accuracy: 37.07
(0.66, 4, 6.945581)
Testing accuracy: 37.38
(1.0, 2, 11.424356)
Testing accuracy: 36.89

 67%|██████▋   | 669/1000 [2:03:56<1:44:43, 18.98s/it]********************************************************************************
Round 669
this epoch cost time:0.7248246669769287
this epoch choose: [99, 17, 92, 31, 58, 90, 17, 72, 62, 72]
this epoch dispatch models: [0 1 6 0 2 4 2 6 0 4]
this epoch received models: [np.int64(0), np.int64(1), np.int64(6), np.int64(0), np.int64(2), np.int64(4), np.int64(2), np.int64(6), np.int64(0), np.int64(4)]
hetero_proportion: 	4:3:3
(0.4, 2, 2.120985)
Testing accuracy: 39.02
(0.4, 3, 2.646356)
Testing accuracy: 37.73
(0.4, 4, 4.64774)
Testing accuracy: 37.66
(0.66, 2, 5.159621)
Testing accuracy: 36.91
(0.66, 3, 5.528077)
Testing accuracy: 36.84
(0.66, 4, 6.945581)
Testing accuracy: 37.15
(1.0, 2, 11.424356)
Testing accuracy: 36.87

 67%|██████▋   | 670/1000 [2:04:14<1:43:01, 18.73s/it]********************************************************************************
Round 670
this epoch cost time:0.9906516075134277
this epoch choose: [70, 82, 65, 78, 90, 95, 54, 74, 82, 86]
this epoch dispatch models: [0 6 5 0 6 2 2 3 0 6]
this epoch received models: [np.int64(0), np.int64(6), np.int64(5), np.int64(0), np.int64(6), np.int64(2), np.int64(2), np.int64(3), np.int64(0), np.int64(6)]
hetero_proportion: 	4:3:3
(0.4, 2, 2.120985)
Testing accuracy: 38.98
(0.4, 3, 2.646356)
Testing accuracy: 37.82
(0.4, 4, 4.64774)
Testing accuracy: 37.89
(0.66, 2, 5.159621)
Testing accuracy: 36.89
(0.66, 3, 5.528077)
Testing accuracy: 36.85
(0.66, 4, 6.945581)
Testing accuracy: 37.18
(1.0, 2, 11.424356)
Testing accuracy: 36.65

 67%|██████▋   | 671/1000 [2:04:32<1:41:03, 18.43s/it]********************************************************************************
Round 671
this epoch cost time:1.0421319007873535
this epoch choose: [87, 83, 67, 70, 57, 61, 74, 85, 91, 25]
this epoch dispatch models: [2 5 3 5 4 0 6 0 6 0]
this epoch received models: [np.int64(2), np.int64(5), np.int64(3), np.int64(5), np.int64(4), np.int64(0), np.int64(6), np.int64(0), np.int64(6), np.int64(0)]
hetero_proportion: 	4:3:3
(0.4, 2, 2.120985)
Testing accuracy: 39.06
(0.4, 3, 2.646356)
Testing accuracy: 37.91
(0.4, 4, 4.64774)
Testing accuracy: 37.71
(0.66, 2, 5.159621)
Testing accuracy: 36.76
(0.66, 3, 5.528077)
Testing accuracy: 36.76
(0.66, 4, 6.945581)
Testing accuracy: 37.27
(1.0, 2, 11.424356)
Testing accuracy: 36.50

 67%|██████▋   | 672/1000 [2:04:51<1:42:15, 18.71s/it]********************************************************************************
Round 672
this epoch cost time:0.8377783298492432
this epoch choose: [64, 42, 99, 57, 79, 90, 17, 56, 27, 74]
this epoch dispatch models: [5 4 3 5 5 4 2 1 2 6]
this epoch received models: [np.int64(5), np.int64(4), np.int64(3), np.int64(5), np.int64(5), np.int64(4), np.int64(2), np.int64(1), np.int64(2), np.int64(6)]
hetero_proportion: 	4:3:3
(0.4, 2, 2.120985)
Testing accuracy: 39.16
(0.4, 3, 2.646356)
Testing accuracy: 37.95
(0.4, 4, 4.64774)
Testing accuracy: 37.76
(0.66, 2, 5.159621)
Testing accuracy: 36.80
(0.66, 3, 5.528077)
Testing accuracy: 36.87
(0.66, 4, 6.945581)
Testing accuracy: 37.20
(1.0, 2, 11.424356)
Testing accuracy: 36.64

 67%|██████▋   | 673/1000 [2:05:10<1:42:23, 18.79s/it]********************************************************************************
Round 673
this epoch cost time:0.9687840938568115
this epoch choose: [49, 84, 80, 83, 7, 44, 85, 28, 82, 74]
this epoch dispatch models: [1 6 3 5 2 2 4 1 4 6]
this epoch received models: [np.int64(1), np.int64(6), np.int64(3), np.int64(5), np.int64(2), np.int64(2), np.int64(4), np.int64(1), np.int64(4), np.int64(6)]
hetero_proportion: 	4:3:3
(0.4, 2, 2.120985)
Testing accuracy: 38.99
(0.4, 3, 2.646356)
Testing accuracy: 37.90
(0.4, 4, 4.64774)
Testing accuracy: 37.77
(0.66, 2, 5.159621)
Testing accuracy: 36.86
(0.66, 3, 5.528077)
Testing accuracy: 37.08
(0.66, 4, 6.945581)
Testing accuracy: 37.32
(1.0, 2, 11.424356)
Testing accuracy: 36.62

 67%|██████▋   | 674/1000 [2:05:30<1:43:47, 19.10s/it]********************************************************************************
Round 674
this epoch cost time:0.8836960792541504
this epoch choose: [58, 77, 99, 83, 72, 99, 85, 99, 61, 19]
this epoch dispatch models: [4 4 0 4 1 1 6 6 3 2]
this epoch received models: [np.int64(4), np.int64(4), np.int64(0), np.int64(4), np.int64(1), np.int64(1), np.int64(6), np.int64(6), np.int64(3), np.int64(2)]
hetero_proportion: 	4:3:3
(0.4, 2, 2.120985)
Testing accuracy: 39.14
(0.4, 3, 2.646356)
Testing accuracy: 37.54
(0.4, 4, 4.64774)
Testing accuracy: 37.56
(0.66, 2, 5.159621)
Testing accuracy: 36.85
(0.66, 3, 5.528077)
Testing accuracy: 36.98
(0.66, 4, 6.945581)
Testing accuracy: 37.16
(1.0, 2, 11.424356)
Testing accuracy: 36.60

 68%|██████▊   | 675/1000 [2:05:49<1:44:17, 19.26s/it]********************************************************************************
Round 675
this epoch cost time:0.75368332862854
this epoch choose: [91, 78, 81, 97, 92, 96, 44, 82, 79, 50]
this epoch dispatch models: [5 5 2 3 1 3 4 4 1 1]
this epoch received models: [np.int64(5), np.int64(5), np.int64(2), np.int64(3), np.int64(1), np.int64(3), np.int64(4), np.int64(4), np.int64(1), np.int64(1)]
hetero_proportion: 	4:3:3
(0.4, 2, 2.120985)
Testing accuracy: 39.10
(0.4, 3, 2.646356)
Testing accuracy: 37.75
(0.4, 4, 4.64774)
Testing accuracy: 37.62
(0.66, 2, 5.159621)
Testing accuracy: 36.66
(0.66, 3, 5.528077)
Testing accuracy: 36.84
(0.66, 4, 6.945581)
Testing accuracy: 37.27
(1.0, 2, 11.424356)
Testing accuracy: 36.55

 68%|██████▊   | 676/1000 [2:06:09<1:44:06, 19.28s/it]********************************************************************************
Round 676
this epoch cost time:0.8282649517059326
this epoch choose: [85, 93, 44, 44, 40, 97, 70, 91, 44, 11]
this epoch dispatch models: [2 3 5 5 5 6 6 6 5 2]
this epoch received models: [np.int64(2), np.int64(3), np.int64(5), np.int64(5), np.int64(5), np.int64(6), np.int64(6), np.int64(6), np.int64(5), np.int64(2)]
hetero_proportion: 	4:3:3
(0.4, 2, 2.120985)
Testing accuracy: 39.16
(0.4, 3, 2.646356)
Testing accuracy: 37.72
(0.4, 4, 4.64774)
Testing accuracy: 37.63
(0.66, 2, 5.159621)
Testing accuracy: 36.68
(0.66, 3, 5.528077)
Testing accuracy: 36.92
(0.66, 4, 6.945581)
Testing accuracy: 37.27
(1.0, 2, 11.424356)
Testing accuracy: 36.51

 68%|██████▊   | 677/1000 [2:06:28<1:43:09, 19.16s/it]********************************************************************************
Round 677
this epoch cost time:1.1116125583648682
this epoch choose: [16, 75, 32, 7, 53, 97, 67, 43, 83, 35]
this epoch dispatch models: [0 5 0 1 5 6 3 1 5 1]
this epoch received models: [np.int64(0), np.int64(5), np.int64(0), np.int64(1), np.int64(5), np.int64(6), np.int64(3), np.int64(1), np.int64(5), np.int64(1)]
hetero_proportion: 	4:3:3
(0.4, 2, 2.120985)
Testing accuracy: 39.10
(0.4, 3, 2.646356)
Testing accuracy: 37.65
(0.4, 4, 4.64774)
Testing accuracy: 37.84
(0.66, 2, 5.159621)
Testing accuracy: 36.55
(0.66, 3, 5.528077)
Testing accuracy: 36.94
(0.66, 4, 6.945581)
Testing accuracy: 36.92
(1.0, 2, 11.424356)
Testing accuracy: 36.37

 68%|██████▊   | 678/1000 [2:06:47<1:43:15, 19.24s/it]********************************************************************************
Round 678
this epoch cost time:1.0165696144104004
this epoch choose: [91, 98, 45, 52, 92, 83, 75, 52, 10, 45]
this epoch dispatch models: [6 6 0 3 5 4 6 0 2 0]
this epoch received models: [np.int64(6), np.int64(6), np.int64(0), np.int64(3), np.int64(5), np.int64(4), np.int64(6), np.int64(0), np.int64(2), np.int64(0)]
hetero_proportion: 	4:3:3
(0.4, 2, 2.120985)
Testing accuracy: 38.96
(0.4, 3, 2.646356)
Testing accuracy: 37.59
(0.4, 4, 4.64774)
Testing accuracy: 37.72
(0.66, 2, 5.159621)
Testing accuracy: 36.63
(0.66, 3, 5.528077)
Testing accuracy: 36.70
(0.66, 4, 6.945581)
Testing accuracy: 37.02
(1.0, 2, 11.424356)
Testing accuracy: 36.63

 68%|██████▊   | 679/1000 [2:07:05<1:41:32, 18.98s/it]********************************************************************************
Round 679
this epoch cost time:0.8111841678619385
this epoch choose: [47, 54, 68, 93, 61, 64, 13, 40, 97, 84]
this epoch dispatch models: [5 2 4 4 5 0 1 4 4 1]
this epoch received models: [np.int64(5), np.int64(2), np.int64(4), np.int64(4), np.int64(5), np.int64(0), np.int64(1), np.int64(4), np.int64(4), np.int64(1)]
hetero_proportion: 	4:3:3
(0.4, 2, 2.120985)
Testing accuracy: 38.75
(0.4, 3, 2.646356)
Testing accuracy: 37.55
(0.4, 4, 4.64774)
Testing accuracy: 37.77
(0.66, 2, 5.159621)
Testing accuracy: 36.68
(0.66, 3, 5.528077)
Testing accuracy: 36.47
(0.66, 4, 6.945581)
Testing accuracy: 37.01
(1.0, 2, 11.424356)
Testing accuracy: 36.59

 68%|██████▊   | 680/1000 [2:07:24<1:40:02, 18.76s/it]********************************************************************************
Round 680
this epoch cost time:0.8325979709625244
this epoch choose: [7, 49, 52, 98, 76, 92, 53, 52, 8, 85]
this epoch dispatch models: [1 4 0 2 0 6 4 3 0 2]
this epoch received models: [np.int64(1), np.int64(4), np.int64(0), np.int64(2), np.int64(0), np.int64(6), np.int64(4), np.int64(3), np.int64(0), np.int64(2)]
hetero_proportion: 	4:3:3
(0.4, 2, 2.120985)
Testing accuracy: 38.72
(0.4, 3, 2.646356)
Testing accuracy: 37.43
(0.4, 4, 4.64774)
Testing accuracy: 37.50
(0.66, 2, 5.159621)
Testing accuracy: 36.53
(0.66, 3, 5.528077)
Testing accuracy: 36.57
(0.66, 4, 6.945581)
Testing accuracy: 37.13
(1.0, 2, 11.424356)
Testing accuracy: 36.63

 68%|██████▊   | 681/1000 [2:07:42<1:38:27, 18.52s/it]********************************************************************************
Round 681
this epoch cost time:0.8566608428955078
this epoch choose: [20, 58, 65, 70, 41, 84, 95, 79, 58, 84]
this epoch dispatch models: [2 1 2 6 1 3 6 3 4 2]
this epoch received models: [np.int64(2), np.int64(1), np.int64(2), np.int64(6), np.int64(1), np.int64(3), np.int64(6), np.int64(3), np.int64(4), np.int64(2)]
hetero_proportion: 	4:3:3
(0.4, 2, 2.120985)
Testing accuracy: 38.78
(0.4, 3, 2.646356)
Testing accuracy: 37.42
(0.4, 4, 4.64774)
Testing accuracy: 37.72
(0.66, 2, 5.159621)
Testing accuracy: 36.74
(0.66, 3, 5.528077)
Testing accuracy: 36.64
(0.66, 4, 6.945581)
Testing accuracy: 37.12
(1.0, 2, 11.424356)
Testing accuracy: 36.67

 68%|██████▊   | 682/1000 [2:08:00<1:37:26, 18.39s/it]********************************************************************************
Round 682
this epoch cost time:0.8978176116943359
this epoch choose: [59, 90, 74, 68, 43, 71, 58, 75, 97, 41]
this epoch dispatch models: [4 3 6 4 5 6 4 6 1 3]
this epoch received models: [np.int64(4), np.int64(3), np.int64(6), np.int64(4), np.int64(5), np.int64(6), np.int64(4), np.int64(6), np.int64(1), np.int64(3)]
hetero_proportion: 	4:3:3
(0.4, 2, 2.120985)
Testing accuracy: 38.70
(0.4, 3, 2.646356)
Testing accuracy: 37.49
(0.4, 4, 4.64774)
Testing accuracy: 37.53
(0.66, 2, 5.159621)
Testing accuracy: 36.76
(0.66, 3, 5.528077)
Testing accuracy: 36.61
(0.66, 4, 6.945581)
Testing accuracy: 37.07
(1.0, 2, 11.424356)
Testing accuracy: 36.64

 68%|██████▊   | 683/1000 [2:08:19<1:39:16, 18.79s/it]********************************************************************************
Round 683
this epoch cost time:0.8805103302001953
this epoch choose: [79, 40, 41, 94, 49, 78, 46, 29, 56, 90]
this epoch dispatch models: [1 2 5 4 4 6 5 1 4 4]
this epoch received models: [np.int64(1), np.int64(2), np.int64(5), np.int64(4), np.int64(4), np.int64(6), np.int64(5), np.int64(1), np.int64(4), np.int64(4)]
hetero_proportion: 	4:3:3
(0.4, 2, 2.120985)
Testing accuracy: 38.77
(0.4, 3, 2.646356)
Testing accuracy: 37.53
(0.4, 4, 4.64774)
Testing accuracy: 37.46
(0.66, 2, 5.159621)
Testing accuracy: 36.81
(0.66, 3, 5.528077)
Testing accuracy: 36.61
(0.66, 4, 6.945581)
Testing accuracy: 37.24
(1.0, 2, 11.424356)
Testing accuracy: 36.87

 68%|██████▊   | 684/1000 [2:08:38<1:38:50, 18.77s/it]********************************************************************************
Round 684
this epoch cost time:0.9293396472930908
this epoch choose: [81, 99, 73, 85, 63, 24, 9, 48, 58, 97]
this epoch dispatch models: [5 4 2 6 2 2 2 3 4 4]
this epoch received models: [np.int64(5), np.int64(4), np.int64(2), np.int64(6), np.int64(2), np.int64(2), np.int64(2), np.int64(3), np.int64(4), np.int64(4)]
hetero_proportion: 	4:3:3
(0.4, 2, 2.120985)
Testing accuracy: 38.85
(0.4, 3, 2.646356)
Testing accuracy: 37.46
(0.4, 4, 4.64774)
Testing accuracy: 37.58
(0.66, 2, 5.159621)
Testing accuracy: 36.77
(0.66, 3, 5.528077)
Testing accuracy: 36.67
(0.66, 4, 6.945581)
Testing accuracy: 37.26
(1.0, 2, 11.424356)
Testing accuracy: 36.67

 68%|██████▊   | 685/1000 [2:08:57<1:38:55, 18.84s/it]********************************************************************************
Round 685
this epoch cost time:0.8495869636535645
this epoch choose: [3, 82, 30, 20, 89, 91, 51, 31, 77, 78]
this epoch dispatch models: [2 1 0 1 4 6 3 2 5 1]
this epoch received models: [np.int64(2), np.int64(1), np.int64(0), np.int64(1), np.int64(4), np.int64(6), np.int64(3), np.int64(2), np.int64(5), np.int64(1)]
hetero_proportion: 	4:3:3
(0.4, 2, 2.120985)
Testing accuracy: 38.80
(0.4, 3, 2.646356)
Testing accuracy: 37.64
(0.4, 4, 4.64774)
Testing accuracy: 37.82
(0.66, 2, 5.159621)
Testing accuracy: 36.93
(0.66, 3, 5.528077)
Testing accuracy: 37.01
(0.66, 4, 6.945581)
Testing accuracy: 37.17
(1.0, 2, 11.424356)
Testing accuracy: 36.74

 69%|██████▊   | 686/1000 [2:09:15<1:37:31, 18.64s/it]********************************************************************************
Round 686
this epoch cost time:1.0050363540649414
this epoch choose: [84, 99, 13, 40, 25, 76, 81, 83, 81, 50]
this epoch dispatch models: [6 6 2 5 1 4 6 0 0 3]
this epoch received models: [np.int64(6), np.int64(6), np.int64(2), np.int64(5), np.int64(1), np.int64(4), np.int64(6), np.int64(0), np.int64(0), np.int64(3)]
hetero_proportion: 	4:3:3
(0.4, 2, 2.120985)
Testing accuracy: 38.51
(0.4, 3, 2.646356)
Testing accuracy: 37.41
(0.4, 4, 4.64774)
Testing accuracy: 37.40
(0.66, 2, 5.159621)
Testing accuracy: 36.66
(0.66, 3, 5.528077)
Testing accuracy: 36.71
(0.66, 4, 6.945581)
Testing accuracy: 37.15
(1.0, 2, 11.424356)
Testing accuracy: 36.37

 69%|██████▊   | 687/1000 [2:09:36<1:39:40, 19.11s/it]********************************************************************************
Round 687
this epoch cost time:0.7208247184753418
this epoch choose: [57, 92, 73, 45, 38, 29, 82, 38, 74, 17]
this epoch dispatch models: [3 5 6 3 1 2 6 0 3 0]
this epoch received models: [np.int64(3), np.int64(5), np.int64(6), np.int64(3), np.int64(1), np.int64(2), np.int64(6), np.int64(0), np.int64(3), np.int64(0)]
hetero_proportion: 	4:3:3
(0.4, 2, 2.120985)
Testing accuracy: 38.67
(0.4, 3, 2.646356)
Testing accuracy: 37.75
(0.4, 4, 4.64774)
Testing accuracy: 37.29
(0.66, 2, 5.159621)
Testing accuracy: 36.61
(0.66, 3, 5.528077)
Testing accuracy: 36.97
(0.66, 4, 6.945581)
Testing accuracy: 37.10
(1.0, 2, 11.424356)
Testing accuracy: 36.53

 69%|██████▉   | 688/1000 [2:09:54<1:38:48, 19.00s/it]********************************************************************************
Round 688
this epoch cost time:0.7364327907562256
this epoch choose: [99, 59, 17, 38, 92, 68, 47, 59, 86, 46]
this epoch dispatch models: [3 4 1 1 5 0 5 3 6 3]
this epoch received models: [np.int64(3), np.int64(4), np.int64(1), np.int64(1), np.int64(5), np.int64(0), np.int64(5), np.int64(3), np.int64(6), np.int64(3)]
hetero_proportion: 	4:3:3
(0.4, 2, 2.120985)
Testing accuracy: 38.55
(0.4, 3, 2.646356)
Testing accuracy: 37.45
(0.4, 4, 4.64774)
Testing accuracy: 37.18
(0.66, 2, 5.159621)
Testing accuracy: 36.59
(0.66, 3, 5.528077)
Testing accuracy: 36.77
(0.66, 4, 6.945581)
Testing accuracy: 37.10
(1.0, 2, 11.424356)
Testing accuracy: 36.44

 69%|██████▉   | 689/1000 [2:10:13<1:38:22, 18.98s/it]********************************************************************************
Round 689
this epoch cost time:0.930720329284668
this epoch choose: [98, 88, 26, 56, 65, 81, 96, 46, 70, 95]
this epoch dispatch models: [2 3 2 1 5 1 2 5 6 6]
this epoch received models: [np.int64(2), np.int64(3), np.int64(2), np.int64(1), np.int64(5), np.int64(1), np.int64(2), np.int64(5), np.int64(6), np.int64(6)]
hetero_proportion: 	4:3:3
(0.4, 2, 2.120985)
Testing accuracy: 38.47
(0.4, 3, 2.646356)
Testing accuracy: 37.56
(0.4, 4, 4.64774)
Testing accuracy: 37.17
(0.66, 2, 5.159621)
Testing accuracy: 36.74
(0.66, 3, 5.528077)
Testing accuracy: 36.78
(0.66, 4, 6.945581)
Testing accuracy: 37.09
(1.0, 2, 11.424356)
Testing accuracy: 36.40

 69%|██████▉   | 690/1000 [2:10:32<1:38:02, 18.98s/it]********************************************************************************
Round 690
this epoch cost time:0.8789801597595215
this epoch choose: [82, 85, 82, 40, 37, 84, 70, 60, 81, 23]
this epoch dispatch models: [6 6 2 4 2 5 5 0 6 0]
this epoch received models: [np.int64(6), np.int64(6), np.int64(2), np.int64(4), np.int64(2), np.int64(5), np.int64(5), np.int64(0), np.int64(6), np.int64(0)]
hetero_proportion: 	4:3:3
(0.4, 2, 2.120985)
Testing accuracy: 38.42
(0.4, 3, 2.646356)
Testing accuracy: 37.44
(0.4, 4, 4.64774)
Testing accuracy: 37.27
(0.66, 2, 5.159621)
Testing accuracy: 36.64
(0.66, 3, 5.528077)
Testing accuracy: 36.85
(0.66, 4, 6.945581)
Testing accuracy: 37.03
(1.0, 2, 11.424356)
Testing accuracy: 36.66

 69%|██████▉   | 691/1000 [2:10:51<1:38:09, 19.06s/it]********************************************************************************
Round 691
this epoch cost time:0.7920012474060059
this epoch choose: [53, 85, 95, 70, 97, 99, 52, 73, 87, 90]
this epoch dispatch models: [5 6 4 0 6 4 4 4 3 4]
this epoch received models: [np.int64(5), np.int64(6), np.int64(4), np.int64(0), np.int64(6), np.int64(4), np.int64(4), np.int64(4), np.int64(3), np.int64(4)]
hetero_proportion: 	4:3:3
(0.4, 2, 2.120985)
Testing accuracy: 38.30
(0.4, 3, 2.646356)
Testing accuracy: 37.44
(0.4, 4, 4.64774)
Testing accuracy: 37.25
(0.66, 2, 5.159621)
Testing accuracy: 36.73
(0.66, 3, 5.528077)
Testing accuracy: 36.76
(0.66, 4, 6.945581)
Testing accuracy: 37.30
(1.0, 2, 11.424356)
Testing accuracy: 36.50

 69%|██████▉   | 692/1000 [2:11:10<1:37:14, 18.94s/it]********************************************************************************
Round 692
this epoch cost time:0.7839210033416748
this epoch choose: [74, 82, 54, 48, 67, 89, 98, 87, 52, 91]
this epoch dispatch models: [4 2 4 3 4 2 6 5 5 2]
this epoch received models: [np.int64(4), np.int64(2), np.int64(4), np.int64(3), np.int64(4), np.int64(2), np.int64(6), np.int64(5), np.int64(5), np.int64(2)]
hetero_proportion: 	4:3:3
(0.4, 2, 2.120985)
Testing accuracy: 38.49
(0.4, 3, 2.646356)
Testing accuracy: 37.40
(0.4, 4, 4.64774)
Testing accuracy: 37.40
(0.66, 2, 5.159621)
Testing accuracy: 36.65
(0.66, 3, 5.528077)
Testing accuracy: 36.90
(0.66, 4, 6.945581)
Testing accuracy: 37.23
(1.0, 2, 11.424356)
Testing accuracy: 36.53

 69%|██████▉   | 693/1000 [2:11:28<1:34:59, 18.57s/it]********************************************************************************
Round 693
this epoch cost time:0.7845964431762695
this epoch choose: [63, 85, 54, 43, 77, 14, 63, 72, 84, 42]
this epoch dispatch models: [4 6 4 5 6 0 4 6 5 4]
this epoch received models: [np.int64(4), np.int64(6), np.int64(4), np.int64(5), np.int64(6), np.int64(0), np.int64(4), np.int64(6), np.int64(5), np.int64(4)]
hetero_proportion: 	4:3:3
(0.4, 2, 2.120985)
Testing accuracy: 38.46
(0.4, 3, 2.646356)
Testing accuracy: 37.63
(0.4, 4, 4.64774)
Testing accuracy: 37.48
(0.66, 2, 5.159621)
Testing accuracy: 36.98
(0.66, 3, 5.528077)
Testing accuracy: 37.25
(0.66, 4, 6.945581)
Testing accuracy: 37.27
(1.0, 2, 11.424356)
Testing accuracy: 36.75

 69%|██████▉   | 694/1000 [2:11:47<1:35:30, 18.73s/it]********************************************************************************
Round 694
this epoch cost time:0.8207955360412598
this epoch choose: [53, 55, 42, 87, 52, 84, 84, 96, 58, 84]
this epoch dispatch models: [3 2 0 4 2 6 6 6 0 2]
this epoch received models: [np.int64(3), np.int64(2), np.int64(0), np.int64(4), np.int64(2), np.int64(6), np.int64(6), np.int64(6), np.int64(0), np.int64(2)]
hetero_proportion: 	4:3:3
(0.4, 2, 2.120985)
Testing accuracy: 38.58
(0.4, 3, 2.646356)
Testing accuracy: 37.41
(0.4, 4, 4.64774)
Testing accuracy: 37.42
(0.66, 2, 5.159621)
Testing accuracy: 36.73
(0.66, 3, 5.528077)
Testing accuracy: 36.93
(0.66, 4, 6.945581)
Testing accuracy: 37.19
(1.0, 2, 11.424356)
Testing accuracy: 36.59

 70%|██████▉   | 695/1000 [2:12:06<1:35:13, 18.73s/it]********************************************************************************
Round 695
this epoch cost time:0.9525566101074219
this epoch choose: [78, 87, 79, 83, 90, 57, 63, 71, 53, 87]
this epoch dispatch models: [3 4 4 1 6 2 5 6 5 1]
this epoch received models: [np.int64(3), np.int64(4), np.int64(4), np.int64(1), np.int64(6), np.int64(2), np.int64(5), np.int64(6), np.int64(5), np.int64(1)]
hetero_proportion: 	4:3:3
(0.4, 2, 2.120985)
Testing accuracy: 38.47
(0.4, 3, 2.646356)
Testing accuracy: 37.42
(0.4, 4, 4.64774)
Testing accuracy: 37.69
(0.66, 2, 5.159621)
Testing accuracy: 36.77
(0.66, 3, 5.528077)
Testing accuracy: 36.88
(0.66, 4, 6.945581)
Testing accuracy: 37.00
(1.0, 2, 11.424356)
Testing accuracy: 36.53

 70%|██████▉   | 696/1000 [2:12:26<1:37:01, 19.15s/it]********************************************************************************
Round 696
this epoch cost time:0.7697696685791016
this epoch choose: [56, 16, 92, 99, 73, 97, 94, 46, 95, 97]
this epoch dispatch models: [4 0 4 5 4 1 1 3 6 1]
this epoch received models: [np.int64(4), np.int64(0), np.int64(4), np.int64(5), np.int64(4), np.int64(1), np.int64(1), np.int64(3), np.int64(6), np.int64(1)]
hetero_proportion: 	4:3:3
(0.4, 2, 2.120985)
Testing accuracy: 38.54
(0.4, 3, 2.646356)
Testing accuracy: 37.21
(0.4, 4, 4.64774)
Testing accuracy: 37.22
(0.66, 2, 5.159621)
Testing accuracy: 36.52
(0.66, 3, 5.528077)
Testing accuracy: 36.76
(0.66, 4, 6.945581)
Testing accuracy: 36.94
(1.0, 2, 11.424356)
Testing accuracy: 36.42

 70%|██████▉   | 697/1000 [2:12:44<1:35:40, 18.95s/it]********************************************************************************
Round 697
this epoch cost time:0.9051213264465332
this epoch choose: [96, 53, 25, 80, 73, 93, 70, 95, 94, 90]
this epoch dispatch models: [3 2 2 6 6 4 6 4 1 6]
this epoch received models: [np.int64(3), np.int64(2), np.int64(2), np.int64(6), np.int64(6), np.int64(4), np.int64(6), np.int64(4), np.int64(1), np.int64(6)]
hetero_proportion: 	4:3:3
(0.4, 2, 2.120985)
Testing accuracy: 38.63
(0.4, 3, 2.646356)
Testing accuracy: 37.34
(0.4, 4, 4.64774)
Testing accuracy: 37.50
(0.66, 2, 5.159621)
Testing accuracy: 36.67
(0.66, 3, 5.528077)
Testing accuracy: 36.89
(0.66, 4, 6.945581)
Testing accuracy: 36.93
(1.0, 2, 11.424356)
Testing accuracy: 36.47

 70%|██████▉   | 698/1000 [2:13:03<1:35:32, 18.98s/it]********************************************************************************
Round 698
this epoch cost time:0.7887330055236816
this epoch choose: [77, 25, 85, 91, 49, 24, 59, 92, 59, 82]
this epoch dispatch models: [6 0 5 4 0 1 5 5 5 4]
this epoch received models: [np.int64(6), np.int64(0), np.int64(5), np.int64(4), np.int64(0), np.int64(1), np.int64(5), np.int64(5), np.int64(5), np.int64(4)]
hetero_proportion: 	4:3:3
(0.4, 2, 2.120985)
Testing accuracy: 38.41
(0.4, 3, 2.646356)
Testing accuracy: 37.33
(0.4, 4, 4.64774)
Testing accuracy: 37.52
(0.66, 2, 5.159621)
Testing accuracy: 36.71
(0.66, 3, 5.528077)
Testing accuracy: 36.85
(0.66, 4, 6.945581)
Testing accuracy: 37.22
(1.0, 2, 11.424356)
Testing accuracy: 36.59

 70%|██████▉   | 699/1000 [2:13:22<1:34:41, 18.87s/it]********************************************************************************
Round 699
this epoch cost time:1.002107858657837
this epoch choose: [99, 63, 29, 41, 83, 31, 89, 57, 39, 23]
this epoch dispatch models: [2 3 1 4 5 0 6 5 1 2]
this epoch received models: [np.int64(2), np.int64(3), np.int64(1), np.int64(4), np.int64(5), np.int64(0), np.int64(6), np.int64(5), np.int64(1), np.int64(2)]
hetero_proportion: 	4:3:3
(0.4, 2, 2.120985)
Testing accuracy: 38.64
(0.4, 3, 2.646356)
Testing accuracy: 37.61
(0.4, 4, 4.64774)
Testing accuracy: 37.42
(0.66, 2, 5.159621)
Testing accuracy: 36.82
(0.66, 3, 5.528077)
Testing accuracy: 36.98
(0.66, 4, 6.945581)
Testing accuracy: 37.21
(1.0, 2, 11.424356)
Testing accuracy: 36.65

 70%|███████   | 700/1000 [2:13:41<1:34:38, 18.93s/it]********************************************************************************
Round 700
this epoch cost time:0.9072895050048828
this epoch choose: [91, 82, 84, 47, 1, 44, 93, 49, 88, 88]
this epoch dispatch models: [3 5 5 3 1 2 1 5 2 6]
this epoch received models: [np.int64(3), np.int64(5), np.int64(5), np.int64(3), np.int64(1), np.int64(2), np.int64(1), np.int64(5), np.int64(2), np.int64(6)]
hetero_proportion: 	4:3:3
(0.4, 2, 2.120985)
Testing accuracy: 38.54
(0.4, 3, 2.646356)
Testing accuracy: 37.68
(0.4, 4, 4.64774)
Testing accuracy: 37.62
(0.66, 2, 5.159621)
Testing accuracy: 36.82
(0.66, 3, 5.528077)
Testing accuracy: 37.00
(0.66, 4, 6.945581)
Testing accuracy: 37.36
(1.0, 2, 11.424356)
Testing accuracy: 36.67

 70%|███████   | 701/1000 [2:13:59<1:32:58, 18.66s/it]********************************************************************************
Round 701
this epoch cost time:0.975893497467041
this epoch choose: [96, 64, 62, 58, 94, 93, 83, 14, 54, 78]
this epoch dispatch models: [2 3 2 1 6 3 3 2 5 3]
this epoch received models: [np.int64(2), np.int64(3), np.int64(2), np.int64(1), np.int64(6), np.int64(3), np.int64(3), np.int64(2), np.int64(5), np.int64(3)]
hetero_proportion: 	4:3:3
(0.4, 2, 2.120985)
Testing accuracy: 38.58
(0.4, 3, 2.646356)
Testing accuracy: 37.44
(0.4, 4, 4.64774)
Testing accuracy: 37.41
(0.66, 2, 5.159621)
Testing accuracy: 36.86
(0.66, 3, 5.528077)
Testing accuracy: 37.12
(0.66, 4, 6.945581)
Testing accuracy: 37.31
(1.0, 2, 11.424356)
Testing accuracy: 36.66

 70%|███████   | 702/1000 [2:14:18<1:32:43, 18.67s/it]********************************************************************************
Round 702
this epoch cost time:0.8564808368682861
this epoch choose: [44, 71, 45, 55, 50, 25, 67, 74, 95, 48]
this epoch dispatch models: [0 6 3 5 5 2 3 6 2 2]
this epoch received models: [np.int64(0), np.int64(6), np.int64(3), np.int64(5), np.int64(5), np.int64(2), np.int64(3), np.int64(6), np.int64(2), np.int64(2)]
hetero_proportion: 	4:3:3
(0.4, 2, 2.120985)
Testing accuracy: 38.86
(0.4, 3, 2.646356)
Testing accuracy: 37.55
(0.4, 4, 4.64774)
Testing accuracy: 37.51
(0.66, 2, 5.159621)
Testing accuracy: 36.97
(0.66, 3, 5.528077)
Testing accuracy: 37.11
(0.66, 4, 6.945581)
Testing accuracy: 37.37
(1.0, 2, 11.424356)
Testing accuracy: 36.69

 70%|███████   | 703/1000 [2:14:36<1:32:13, 18.63s/it]********************************************************************************
Round 703
this epoch cost time:0.8280484676361084
this epoch choose: [65, 75, 45, 98, 10, 42, 94, 75, 58, 91]
this epoch dispatch models: [3 2 0 5 2 4 5 5 0 5]
this epoch received models: [np.int64(3), np.int64(2), np.int64(0), np.int64(5), np.int64(2), np.int64(4), np.int64(5), np.int64(5), np.int64(0), np.int64(5)]
hetero_proportion: 	4:3:3
(0.4, 2, 2.120985)
Testing accuracy: 38.73
(0.4, 3, 2.646356)
Testing accuracy: 37.62
(0.4, 4, 4.64774)
Testing accuracy: 37.63
(0.66, 2, 5.159621)
Testing accuracy: 36.87
(0.66, 3, 5.528077)
Testing accuracy: 37.18
(0.66, 4, 6.945581)
Testing accuracy: 37.31
(1.0, 2, 11.424356)
Testing accuracy: 36.69

 70%|███████   | 704/1000 [2:14:55<1:31:36, 18.57s/it]********************************************************************************
Round 704
this epoch cost time:0.8776013851165771
this epoch choose: [73, 62, 36, 89, 47, 87, 90, 80, 47, 96]
this epoch dispatch models: [1 3 1 1 0 4 3 6 1 3]
this epoch received models: [np.int64(1), np.int64(3), np.int64(1), np.int64(1), np.int64(0), np.int64(4), np.int64(3), np.int64(6), np.int64(1), np.int64(3)]
hetero_proportion: 	4:3:3
(0.4, 2, 2.120985)
Testing accuracy: 38.81
(0.4, 3, 2.646356)
Testing accuracy: 37.87
(0.4, 4, 4.64774)
Testing accuracy: 37.53
(0.66, 2, 5.159621)
Testing accuracy: 36.92
(0.66, 3, 5.528077)
Testing accuracy: 37.04
(0.66, 4, 6.945581)
Testing accuracy: 37.15
(1.0, 2, 11.424356)
Testing accuracy: 36.66

 70%|███████   | 705/1000 [2:15:13<1:30:52, 18.48s/it]********************************************************************************
Round 705
this epoch cost time:0.6755211353302002
this epoch choose: [1, 99, 94, 47, 64, 59, 78, 7, 85, 97]
this epoch dispatch models: [2 4 5 3 5 4 6 0 1 0]
this epoch received models: [np.int64(2), np.int64(4), np.int64(5), np.int64(3), np.int64(5), np.int64(4), np.int64(6), np.int64(0), np.int64(1), np.int64(0)]
hetero_proportion: 	4:3:3
(0.4, 2, 2.120985)
Testing accuracy: 38.44
(0.4, 3, 2.646356)
Testing accuracy: 37.58
(0.4, 4, 4.64774)
Testing accuracy: 37.43
(0.66, 2, 5.159621)
Testing accuracy: 36.61
(0.66, 3, 5.528077)
Testing accuracy: 36.77
(0.66, 4, 6.945581)
Testing accuracy: 37.22
(1.0, 2, 11.424356)
Testing accuracy: 36.79

 71%|███████   | 706/1000 [2:15:31<1:30:33, 18.48s/it]********************************************************************************
Round 706
this epoch cost time:1.1528418064117432
this epoch choose: [72, 85, 57, 6, 71, 40, 93, 90, 83, 94]
this epoch dispatch models: [3 6 3 2 4 1 4 2 6 0]
this epoch received models: [np.int64(3), np.int64(6), np.int64(3), np.int64(2), np.int64(4), np.int64(1), np.int64(4), np.int64(2), np.int64(6), np.int64(0)]
hetero_proportion: 	4:3:3
(0.4, 2, 2.120985)
Testing accuracy: 38.74
(0.4, 3, 2.646356)
Testing accuracy: 37.60
(0.4, 4, 4.64774)
Testing accuracy: 37.56
(0.66, 2, 5.159621)
Testing accuracy: 36.76
(0.66, 3, 5.528077)
Testing accuracy: 37.01
(0.66, 4, 6.945581)
Testing accuracy: 37.43
(1.0, 2, 11.424356)
Testing accuracy: 36.71

 71%|███████   | 707/1000 [2:15:50<1:30:42, 18.57s/it]********************************************************************************
Round 707
this epoch cost time:0.716134786605835
this epoch choose: [58, 74, 98, 87, 65, 28, 50, 72, 42, 65]
this epoch dispatch models: [2 2 6 6 0 0 4 3 3 4]
this epoch received models: [np.int64(2), np.int64(2), np.int64(6), np.int64(6), np.int64(0), np.int64(0), np.int64(4), np.int64(3), np.int64(3), np.int64(4)]
hetero_proportion: 	4:3:3
(0.4, 2, 2.120985)
Testing accuracy: 38.59
(0.4, 3, 2.646356)
Testing accuracy: 37.50
(0.4, 4, 4.64774)
Testing accuracy: 37.54
(0.66, 2, 5.159621)
Testing accuracy: 36.70
(0.66, 3, 5.528077)
Testing accuracy: 36.91
(0.66, 4, 6.945581)
Testing accuracy: 37.21
(1.0, 2, 11.424356)
Testing accuracy: 36.71

 71%|███████   | 708/1000 [2:16:08<1:29:29, 18.39s/it]********************************************************************************
Round 708
this epoch cost time:0.7918503284454346
this epoch choose: [32, 24, 60, 25, 87, 14, 79, 50, 66, 66]
this epoch dispatch models: [1 1 4 2 5 1 4 3 3 3]
this epoch received models: [np.int64(1), np.int64(1), np.int64(4), np.int64(2), np.int64(5), np.int64(1), np.int64(4), np.int64(3), np.int64(3), np.int64(3)]
hetero_proportion: 	4:3:3
(0.4, 2, 2.120985)
Testing accuracy: 38.54
(0.4, 3, 2.646356)
Testing accuracy: 37.44
(0.4, 4, 4.64774)
Testing accuracy: 37.57
(0.66, 2, 5.159621)
Testing accuracy: 36.74
(0.66, 3, 5.528077)
Testing accuracy: 37.16
(0.66, 4, 6.945581)
Testing accuracy: 37.18
(1.0, 2, 11.424356)
Testing accuracy: 36.62

 71%|███████   | 709/1000 [2:16:26<1:29:01, 18.36s/it]********************************************************************************
Round 709
this epoch cost time:0.6912622451782227
this epoch choose: [72, 56, 89, 93, 16, 45, 78, 30, 92, 35]
this epoch dispatch models: [2 3 6 6 2 5 6 0 6 0]
this epoch received models: [np.int64(2), np.int64(3), np.int64(6), np.int64(6), np.int64(2), np.int64(5), np.int64(6), np.int64(0), np.int64(6), np.int64(0)]
hetero_proportion: 	4:3:3
(0.4, 2, 2.120985)
Testing accuracy: 38.52
(0.4, 3, 2.646356)
Testing accuracy: 37.70
(0.4, 4, 4.64774)
Testing accuracy: 37.54
(0.66, 2, 5.159621)
Testing accuracy: 36.95
(0.66, 3, 5.528077)
Testing accuracy: 37.17
(0.66, 4, 6.945581)
Testing accuracy: 37.24
(1.0, 2, 11.424356)
Testing accuracy: 36.62

 71%|███████   | 710/1000 [2:16:44<1:27:53, 18.18s/it]********************************************************************************
Round 710
this epoch cost time:1.018007755279541
this epoch choose: [73, 95, 51, 69, 96, 67, 2, 18, 59, 72]
this epoch dispatch models: [0 3 4 5 6 4 0 0 4 3]
this epoch received models: [np.int64(0), np.int64(3), np.int64(4), np.int64(5), np.int64(6), np.int64(4), np.int64(0), np.int64(0), np.int64(4), np.int64(3)]
hetero_proportion: 	4:3:3
(0.4, 2, 2.120985)
Testing accuracy: 38.80
(0.4, 3, 2.646356)
Testing accuracy: 37.48
(0.4, 4, 4.64774)
Testing accuracy: 37.42
(0.66, 2, 5.159621)
Testing accuracy: 37.02
(0.66, 3, 5.528077)
Testing accuracy: 36.81
(0.66, 4, 6.945581)
Testing accuracy: 37.16
(1.0, 2, 11.424356)
Testing accuracy: 36.81

 71%|███████   | 711/1000 [2:17:04<1:30:06, 18.71s/it]********************************************************************************
Round 711
this epoch cost time:1.113945722579956
this epoch choose: [74, 18, 83, 4, 84, 72, 95, 85, 97, 66]
this epoch dispatch models: [6 2 6 2 6 5 1 6 6 2]
this epoch received models: [np.int64(6), np.int64(2), np.int64(6), np.int64(2), np.int64(6), np.int64(5), np.int64(1), np.int64(6), np.int64(6), np.int64(2)]
hetero_proportion: 	4:3:3
(0.4, 2, 2.120985)
Testing accuracy: 38.55
(0.4, 3, 2.646356)
Testing accuracy: 37.49
(0.4, 4, 4.64774)
Testing accuracy: 37.38
(0.66, 2, 5.159621)
Testing accuracy: 36.80
(0.66, 3, 5.528077)
Testing accuracy: 36.84
(0.66, 4, 6.945581)
Testing accuracy: 37.16
(1.0, 2, 11.424356)
Testing accuracy: 36.70

 71%|███████   | 712/1000 [2:17:23<1:30:22, 18.83s/it]********************************************************************************
Round 712
this epoch cost time:0.9144155979156494
this epoch choose: [92, 42, 64, 13, 92, 91, 93, 58, 66, 69]
this epoch dispatch models: [2 5 5 2 6 4 6 5 4 5]
this epoch received models: [np.int64(2), np.int64(5), np.int64(5), np.int64(2), np.int64(6), np.int64(4), np.int64(6), np.int64(5), np.int64(4), np.int64(5)]
hetero_proportion: 	4:3:3
(0.4, 2, 2.120985)
Testing accuracy: 38.70
(0.4, 3, 2.646356)
Testing accuracy: 37.65
(0.4, 4, 4.64774)
Testing accuracy: 37.32
(0.66, 2, 5.159621)
Testing accuracy: 36.91
(0.66, 3, 5.528077)
Testing accuracy: 36.83
(0.66, 4, 6.945581)
Testing accuracy: 37.19
(1.0, 2, 11.424356)
Testing accuracy: 36.53

 71%|███████▏  | 713/1000 [2:17:42<1:29:53, 18.79s/it]********************************************************************************
Round 713
this epoch cost time:1.0808260440826416
this epoch choose: [13, 83, 74, 67, 91, 52, 3, 33, 78, 43]
this epoch dispatch models: [1 2 3 3 4 2 0 1 4 3]
this epoch received models: [np.int64(1), np.int64(2), np.int64(3), np.int64(3), np.int64(4), np.int64(2), np.int64(0), np.int64(1), np.int64(4), np.int64(3)]
hetero_proportion: 	4:3:3
(0.4, 2, 2.120985)
Testing accuracy: 38.75
(0.4, 3, 2.646356)
Testing accuracy: 37.60
(0.4, 4, 4.64774)
Testing accuracy: 37.34
(0.66, 2, 5.159621)
Testing accuracy: 36.91
(0.66, 3, 5.528077)
Testing accuracy: 36.94
(0.66, 4, 6.945581)
Testing accuracy: 37.06
(1.0, 2, 11.424356)
Testing accuracy: 36.45

 71%|███████▏  | 714/1000 [2:18:01<1:29:17, 18.73s/it]********************************************************************************
Round 714
this epoch cost time:0.855370044708252
this epoch choose: [37, 56, 60, 64, 41, 17, 74, 7, 76, 60]
this epoch dispatch models: [2 4 5 2 5 0 3 0 6 4]
this epoch received models: [np.int64(2), np.int64(4), np.int64(5), np.int64(2), np.int64(5), np.int64(0), np.int64(3), np.int64(0), np.int64(6), np.int64(4)]
hetero_proportion: 	4:3:3
(0.4, 2, 2.120985)
Testing accuracy: 38.71
(0.4, 3, 2.646356)
Testing accuracy: 37.82
(0.4, 4, 4.64774)
Testing accuracy: 37.39
(0.66, 2, 5.159621)
Testing accuracy: 36.64
(0.66, 3, 5.528077)
Testing accuracy: 36.93
(0.66, 4, 6.945581)
Testing accuracy: 37.11
(1.0, 2, 11.424356)
Testing accuracy: 36.47

 72%|███████▏  | 715/1000 [2:18:19<1:29:00, 18.74s/it]********************************************************************************
Round 715
this epoch cost time:0.8676986694335938
this epoch choose: [87, 46, 50, 59, 87, 66, 73, 99, 18, 45]
this epoch dispatch models: [4 4 3 5 3 4 4 0 0 4]
this epoch received models: [np.int64(4), np.int64(4), np.int64(3), np.int64(5), np.int64(3), np.int64(4), np.int64(4), np.int64(0), np.int64(0), np.int64(4)]
hetero_proportion: 	4:3:3
(0.4, 2, 2.120985)
Testing accuracy: 38.60
(0.4, 3, 2.646356)
Testing accuracy: 37.48
(0.4, 4, 4.64774)
Testing accuracy: 37.21
(0.66, 2, 5.159621)
Testing accuracy: 36.74
(0.66, 3, 5.528077)
Testing accuracy: 36.97
(0.66, 4, 6.945581)
Testing accuracy: 37.15
(1.0, 2, 11.424356)
Testing accuracy: 36.46

 72%|███████▏  | 716/1000 [2:18:38<1:28:21, 18.67s/it]********************************************************************************
Round 716
this epoch cost time:1.0235459804534912
this epoch choose: [67, 71, 66, 44, 67, 81, 99, 80, 19, 58]
this epoch dispatch models: [2 5 2 3 4 6 3 5 0 1]
this epoch received models: [np.int64(2), np.int64(5), np.int64(2), np.int64(3), np.int64(4), np.int64(6), np.int64(3), np.int64(5), np.int64(0), np.int64(1)]
hetero_proportion: 	4:3:3
(0.4, 2, 2.120985)
Testing accuracy: 38.91
(0.4, 3, 2.646356)
Testing accuracy: 37.29
(0.4, 4, 4.64774)
Testing accuracy: 37.42
(0.66, 2, 5.159621)
Testing accuracy: 36.84
(0.66, 3, 5.528077)
Testing accuracy: 36.89
(0.66, 4, 6.945581)
Testing accuracy: 37.17
(1.0, 2, 11.424356)
Testing accuracy: 36.67

 72%|███████▏  | 717/1000 [2:18:57<1:29:04, 18.89s/it]********************************************************************************
Round 717
this epoch cost time:1.0674376487731934
this epoch choose: [65, 79, 80, 83, 36, 63, 87, 44, 73, 48]
this epoch dispatch models: [5 5 6 4 1 1 6 4 5 5]
this epoch received models: [np.int64(5), np.int64(5), np.int64(6), np.int64(4), np.int64(1), np.int64(1), np.int64(6), np.int64(4), np.int64(5), np.int64(5)]
hetero_proportion: 	4:3:3
(0.4, 2, 2.120985)
Testing accuracy: 38.93
(0.4, 3, 2.646356)
Testing accuracy: 37.62
(0.4, 4, 4.64774)
Testing accuracy: 37.32
(0.66, 2, 5.159621)
Testing accuracy: 36.78
(0.66, 3, 5.528077)
Testing accuracy: 36.99
(0.66, 4, 6.945581)
Testing accuracy: 36.94
(1.0, 2, 11.424356)
Testing accuracy: 36.57

 72%|███████▏  | 718/1000 [2:19:17<1:29:35, 19.06s/it]********************************************************************************
Round 718
this epoch cost time:0.8056659698486328
this epoch choose: [2, 90, 45, 98, 26, 78, 78, 95, 84, 63]
this epoch dispatch models: [0 6 5 6 0 4 5 3 4 3]
this epoch received models: [np.int64(0), np.int64(6), np.int64(5), np.int64(6), np.int64(0), np.int64(4), np.int64(5), np.int64(3), np.int64(4), np.int64(3)]
hetero_proportion: 	4:3:3
(0.4, 2, 2.120985)
Testing accuracy: 38.94
(0.4, 3, 2.646356)
Testing accuracy: 37.30
(0.4, 4, 4.64774)
Testing accuracy: 37.23
(0.66, 2, 5.159621)
Testing accuracy: 36.68
(0.66, 3, 5.528077)
Testing accuracy: 36.79
(0.66, 4, 6.945581)
Testing accuracy: 37.06
(1.0, 2, 11.424356)
Testing accuracy: 36.63

 72%|███████▏  | 719/1000 [2:19:35<1:27:55, 18.77s/it]********************************************************************************
Round 719
this epoch cost time:0.8554253578186035
this epoch choose: [70, 72, 49, 89, 94, 22, 98, 84, 74, 67]
this epoch dispatch models: [3 5 4 3 5 1 4 4 6 4]
this epoch received models: [np.int64(3), np.int64(5), np.int64(4), np.int64(3), np.int64(5), np.int64(1), np.int64(4), np.int64(4), np.int64(6), np.int64(4)]
hetero_proportion: 	4:3:3
(0.4, 2, 2.120985)
Testing accuracy: 38.90
(0.4, 3, 2.646356)
Testing accuracy: 37.48
(0.4, 4, 4.64774)
Testing accuracy: 37.44
(0.66, 2, 5.159621)
Testing accuracy: 36.77
(0.66, 3, 5.528077)
Testing accuracy: 36.96
(0.66, 4, 6.945581)
Testing accuracy: 37.13
(1.0, 2, 11.424356)
Testing accuracy: 36.67

 72%|███████▏  | 720/1000 [2:19:53<1:26:46, 18.60s/it]********************************************************************************
Round 720
this epoch cost time:0.9390301704406738
this epoch choose: [97, 71, 9, 45, 80, 87, 84, 39, 83, 56]
this epoch dispatch models: [2 6 1 1 5 5 5 1 3 4]
this epoch received models: [np.int64(2), np.int64(6), np.int64(1), np.int64(1), np.int64(5), np.int64(5), np.int64(5), np.int64(1), np.int64(3), np.int64(4)]
hetero_proportion: 	4:3:3
(0.4, 2, 2.120985)
Testing accuracy: 38.81
(0.4, 3, 2.646356)
Testing accuracy: 37.73
(0.4, 4, 4.64774)
Testing accuracy: 37.66
(0.66, 2, 5.159621)
Testing accuracy: 36.94
(0.66, 3, 5.528077)
Testing accuracy: 37.06
(0.66, 4, 6.945581)
Testing accuracy: 37.12
(1.0, 2, 11.424356)
Testing accuracy: 36.83

 72%|███████▏  | 721/1000 [2:20:12<1:27:04, 18.72s/it]********************************************************************************
Round 721
this epoch cost time:0.8182332515716553
this epoch choose: [86, 46, 47, 99, 59, 66, 82, 85, 68, 63]
this epoch dispatch models: [3 1 0 3 4 5 6 6 5 5]
this epoch received models: [np.int64(3), np.int64(1), np.int64(0), np.int64(3), np.int64(4), np.int64(5), np.int64(6), np.int64(6), np.int64(5), np.int64(5)]
hetero_proportion: 	4:3:3
(0.4, 2, 2.120985)
Testing accuracy: 38.86
(0.4, 3, 2.646356)
Testing accuracy: 37.67
(0.4, 4, 4.64774)
Testing accuracy: 37.42
(0.66, 2, 5.159621)
Testing accuracy: 36.93
(0.66, 3, 5.528077)
Testing accuracy: 37.11
(0.66, 4, 6.945581)
Testing accuracy: 37.15
(1.0, 2, 11.424356)
Testing accuracy: 36.84

 72%|███████▏  | 722/1000 [2:20:31<1:27:48, 18.95s/it]********************************************************************************
Round 722
this epoch cost time:0.9446737766265869
this epoch choose: [41, 79, 84, 52, 49, 91, 48, 84, 70, 56]
this epoch dispatch models: [2 0 4 0 3 3 4 4 5 5]
this epoch received models: [np.int64(2), np.int64(0), np.int64(4), np.int64(0), np.int64(3), np.int64(3), np.int64(4), np.int64(4), np.int64(5), np.int64(5)]
hetero_proportion: 	4:3:3
(0.4, 2, 2.120985)
Testing accuracy: 38.79
(0.4, 3, 2.646356)
Testing accuracy: 37.70
(0.4, 4, 4.64774)
Testing accuracy: 37.48
(0.66, 2, 5.159621)
Testing accuracy: 36.92
(0.66, 3, 5.528077)
Testing accuracy: 36.89
(0.66, 4, 6.945581)
Testing accuracy: 37.01
(1.0, 2, 11.424356)
Testing accuracy: 36.59

 72%|███████▏  | 723/1000 [2:20:50<1:27:27, 18.95s/it]********************************************************************************
Round 723
this epoch cost time:0.9002354145050049
this epoch choose: [80, 88, 32, 67, 76, 60, 89, 71, 37, 73]
this epoch dispatch models: [3 0 2 3 5 0 6 6 2 4]
this epoch received models: [np.int64(3), np.int64(0), np.int64(2), np.int64(3), np.int64(5), np.int64(0), np.int64(6), np.int64(6), np.int64(2), np.int64(4)]
hetero_proportion: 	4:3:3
(0.4, 2, 2.120985)
Testing accuracy: 38.85
(0.4, 3, 2.646356)
Testing accuracy: 37.89
(0.4, 4, 4.64774)
Testing accuracy: 37.69
(0.66, 2, 5.159621)
Testing accuracy: 36.86
(0.66, 3, 5.528077)
Testing accuracy: 36.95
(0.66, 4, 6.945581)
Testing accuracy: 37.36
(1.0, 2, 11.424356)
Testing accuracy: 36.74

 72%|███████▏  | 724/1000 [2:21:09<1:26:46, 18.86s/it]********************************************************************************
Round 724
this epoch cost time:0.948199987411499
this epoch choose: [95, 63, 81, 71, 16, 84, 74, 98, 82, 92]
this epoch dispatch models: [6 1 6 3 1 6 6 6 2 6]
this epoch received models: [np.int64(6), np.int64(1), np.int64(6), np.int64(3), np.int64(1), np.int64(6), np.int64(6), np.int64(6), np.int64(2), np.int64(6)]
hetero_proportion: 	4:3:3
(0.4, 2, 2.120985)
Testing accuracy: 38.63
(0.4, 3, 2.646356)
Testing accuracy: 37.71
(0.4, 4, 4.64774)
Testing accuracy: 37.69
(0.66, 2, 5.159621)
Testing accuracy: 36.66
(0.66, 3, 5.528077)
Testing accuracy: 37.00
(0.66, 4, 6.945581)
Testing accuracy: 37.21
(1.0, 2, 11.424356)
Testing accuracy: 36.81

 72%|███████▎  | 725/1000 [2:21:29<1:27:55, 19.18s/it]********************************************************************************
Round 725
this epoch cost time:0.7737057209014893
this epoch choose: [60, 94, 74, 29, 80, 99, 8, 87, 70, 88]
this epoch dispatch models: [1 4 6 0 6 0 2 0 2 6]
this epoch received models: [np.int64(1), np.int64(4), np.int64(6), np.int64(0), np.int64(6), np.int64(0), np.int64(2), np.int64(0), np.int64(2), np.int64(6)]
hetero_proportion: 	4:3:3
(0.4, 2, 2.120985)
Testing accuracy: 38.96
(0.4, 3, 2.646356)
Testing accuracy: 37.85
(0.4, 4, 4.64774)
Testing accuracy: 37.45
(0.66, 2, 5.159621)
Testing accuracy: 36.68
(0.66, 3, 5.528077)
Testing accuracy: 37.01
(0.66, 4, 6.945581)
Testing accuracy: 37.11
(1.0, 2, 11.424356)
Testing accuracy: 36.51

 73%|███████▎  | 726/1000 [2:21:48<1:27:00, 19.05s/it]********************************************************************************
Round 726
this epoch cost time:0.7640504837036133
this epoch choose: [77, 46, 50, 53, 80, 52, 38, 34, 54, 79]
this epoch dispatch models: [4 1 3 0 0 2 0 0 5 3]
this epoch received models: [np.int64(4), np.int64(1), np.int64(3), np.int64(0), np.int64(0), np.int64(2), np.int64(0), np.int64(0), np.int64(5), np.int64(3)]
hetero_proportion: 	4:3:3
(0.4, 2, 2.120985)
Testing accuracy: 39.17
(0.4, 3, 2.646356)
Testing accuracy: 37.53
(0.4, 4, 4.64774)
Testing accuracy: 37.43
(0.66, 2, 5.159621)
Testing accuracy: 36.82
(0.66, 3, 5.528077)
Testing accuracy: 37.10
(0.66, 4, 6.945581)
Testing accuracy: 36.92
(1.0, 2, 11.424356)
Testing accuracy: 36.47

 73%|███████▎  | 727/1000 [2:22:07<1:26:32, 19.02s/it]********************************************************************************
Round 727
this epoch cost time:0.9838881492614746
this epoch choose: [1, 83, 61, 62, 10, 93, 56, 62, 86, 65]
this epoch dispatch models: [1 2 1 3 0 4 5 1 5 3]
this epoch received models: [np.int64(1), np.int64(2), np.int64(1), np.int64(3), np.int64(0), np.int64(4), np.int64(5), np.int64(1), np.int64(5), np.int64(3)]
hetero_proportion: 	4:3:3
(0.4, 2, 2.120985)
Testing accuracy: 38.91
(0.4, 3, 2.646356)
Testing accuracy: 37.48
(0.4, 4, 4.64774)
Testing accuracy: 37.31
(0.66, 2, 5.159621)
Testing accuracy: 36.67
(0.66, 3, 5.528077)
Testing accuracy: 36.75
(0.66, 4, 6.945581)
Testing accuracy: 36.86
(1.0, 2, 11.424356)
Testing accuracy: 36.21

 73%|███████▎  | 728/1000 [2:22:25<1:25:11, 18.79s/it]********************************************************************************
Round 728
this epoch cost time:0.900782585144043
this epoch choose: [69, 96, 5, 67, 32, 71, 86, 19, 60, 18]
this epoch dispatch models: [5 6 1 5 1 5 6 1 5 0]
this epoch received models: [np.int64(5), np.int64(6), np.int64(1), np.int64(5), np.int64(1), np.int64(5), np.int64(6), np.int64(1), np.int64(5), np.int64(0)]
hetero_proportion: 	4:3:3
(0.4, 2, 2.120985)
Testing accuracy: 38.98
(0.4, 3, 2.646356)
Testing accuracy: 37.50
(0.4, 4, 4.64774)
Testing accuracy: 37.38
(0.66, 2, 5.159621)
Testing accuracy: 36.69
(0.66, 3, 5.528077)
Testing accuracy: 36.76
(0.66, 4, 6.945581)
Testing accuracy: 37.10
(1.0, 2, 11.424356)
Testing accuracy: 36.45

 73%|███████▎  | 729/1000 [2:22:44<1:24:55, 18.80s/it]********************************************************************************
Round 729
this epoch cost time:0.8696637153625488
this epoch choose: [26, 94, 48, 15, 47, 95, 41, 18, 85, 80]
this epoch dispatch models: [2 1 2 1 3 6 0 2 6 1]
this epoch received models: [np.int64(2), np.int64(1), np.int64(2), np.int64(1), np.int64(3), np.int64(6), np.int64(0), np.int64(2), np.int64(6), np.int64(1)]
hetero_proportion: 	4:3:3
(0.4, 2, 2.120985)
Testing accuracy: 38.96
(0.4, 3, 2.646356)
Testing accuracy: 37.51
(0.4, 4, 4.64774)
Testing accuracy: 37.37
(0.66, 2, 5.159621)
Testing accuracy: 36.89
(0.66, 3, 5.528077)
Testing accuracy: 36.98
(0.66, 4, 6.945581)
Testing accuracy: 37.02
(1.0, 2, 11.424356)
Testing accuracy: 36.67

 73%|███████▎  | 730/1000 [2:23:02<1:24:25, 18.76s/it]********************************************************************************
Round 730
this epoch cost time:0.8550307750701904
this epoch choose: [86, 95, 57, 95, 99, 73, 49, 63, 93, 74]
this epoch dispatch models: [6 6 2 4 6 3 3 0 5 6]
this epoch received models: [np.int64(6), np.int64(6), np.int64(2), np.int64(4), np.int64(6), np.int64(3), np.int64(3), np.int64(0), np.int64(5), np.int64(6)]
hetero_proportion: 	4:3:3
(0.4, 2, 2.120985)
Testing accuracy: 38.88
(0.4, 3, 2.646356)
Testing accuracy: 37.36
(0.4, 4, 4.64774)
Testing accuracy: 37.45
(0.66, 2, 5.159621)
Testing accuracy: 36.82
(0.66, 3, 5.528077)
Testing accuracy: 37.04
(0.66, 4, 6.945581)
Testing accuracy: 37.13
(1.0, 2, 11.424356)
Testing accuracy: 36.44

 73%|███████▎  | 731/1000 [2:23:22<1:24:30, 18.85s/it]********************************************************************************
Round 731
this epoch cost time:0.9601504802703857
this epoch choose: [94, 7, 76, 90, 65, 61, 81, 87, 33, 62]
this epoch dispatch models: [4 0 6 0 5 3 5 4 1 2]
this epoch received models: [np.int64(4), np.int64(0), np.int64(6), np.int64(0), np.int64(5), np.int64(3), np.int64(5), np.int64(4), np.int64(1), np.int64(2)]
hetero_proportion: 	4:3:3
(0.4, 2, 2.120985)
Testing accuracy: 38.88
(0.4, 3, 2.646356)
Testing accuracy: 37.41
(0.4, 4, 4.64774)
Testing accuracy: 37.58
(0.66, 2, 5.159621)
Testing accuracy: 36.84
(0.66, 3, 5.528077)
Testing accuracy: 36.91
(0.66, 4, 6.945581)
Testing accuracy: 37.12
(1.0, 2, 11.424356)
Testing accuracy: 36.62

 73%|███████▎  | 732/1000 [2:23:40<1:23:13, 18.63s/it]********************************************************************************
Round 732
this epoch cost time:0.8458101749420166
this epoch choose: [37, 4, 55, 45, 27, 41, 76, 60, 51, 37]
this epoch dispatch models: [0 2 1 4 0 4 5 4 2 0]
this epoch received models: [np.int64(0), np.int64(2), np.int64(1), np.int64(4), np.int64(0), np.int64(4), np.int64(5), np.int64(4), np.int64(2), np.int64(0)]
hetero_proportion: 	4:3:3
(0.4, 2, 2.120985)
Testing accuracy: 38.66
(0.4, 3, 2.646356)
Testing accuracy: 37.28
(0.4, 4, 4.64774)
Testing accuracy: 37.31
(0.66, 2, 5.159621)
Testing accuracy: 36.80
(0.66, 3, 5.528077)
Testing accuracy: 36.77
(0.66, 4, 6.945581)
Testing accuracy: 37.23
(1.0, 2, 11.424356)
Testing accuracy: 36.63

 73%|███████▎  | 733/1000 [2:23:59<1:23:14, 18.71s/it]********************************************************************************
Round 733
this epoch cost time:0.8577027320861816
this epoch choose: [55, 79, 92, 67, 44, 56, 97, 41, 87, 93]
this epoch dispatch models: [3 6 4 5 2 2 3 2 1 6]
this epoch received models: [np.int64(3), np.int64(6), np.int64(4), np.int64(5), np.int64(2), np.int64(2), np.int64(3), np.int64(2), np.int64(1), np.int64(6)]
hetero_proportion: 	4:3:3
(0.4, 2, 2.120985)
Testing accuracy: 38.80
(0.4, 3, 2.646356)
Testing accuracy: 37.45
(0.4, 4, 4.64774)
Testing accuracy: 37.40
(0.66, 2, 5.159621)
Testing accuracy: 36.71
(0.66, 3, 5.528077)
Testing accuracy: 37.02
(0.66, 4, 6.945581)
Testing accuracy: 37.26
(1.0, 2, 11.424356)
Testing accuracy: 36.73

 73%|███████▎  | 734/1000 [2:24:16<1:21:45, 18.44s/it]********************************************************************************
Round 734
this epoch cost time:0.8546347618103027
this epoch choose: [35, 47, 86, 63, 42, 92, 36, 26, 92, 75]
this epoch dispatch models: [2 5 2 3 3 5 2 1 0 2]
this epoch received models: [np.int64(2), np.int64(5), np.int64(2), np.int64(3), np.int64(3), np.int64(5), np.int64(2), np.int64(1), np.int64(0), np.int64(2)]
hetero_proportion: 	4:3:3
(0.4, 2, 2.120985)
Testing accuracy: 38.90
(0.4, 3, 2.646356)
Testing accuracy: 37.66
(0.4, 4, 4.64774)
Testing accuracy: 37.31
(0.66, 2, 5.159621)
Testing accuracy: 36.77
(0.66, 3, 5.528077)
Testing accuracy: 37.04
(0.66, 4, 6.945581)
Testing accuracy: 37.13
(1.0, 2, 11.424356)
Testing accuracy: 36.58

 74%|███████▎  | 735/1000 [2:24:35<1:22:08, 18.60s/it]********************************************************************************
Round 735
this epoch cost time:0.8170163631439209
this epoch choose: [13, 77, 96, 93, 56, 70, 33, 42, 47, 82]
this epoch dispatch models: [0 1 6 6 5 6 1 0 5 6]
this epoch received models: [np.int64(0), np.int64(1), np.int64(6), np.int64(6), np.int64(5), np.int64(6), np.int64(1), np.int64(0), np.int64(5), np.int64(6)]
hetero_proportion: 	4:3:3
(0.4, 2, 2.120985)
Testing accuracy: 38.94
(0.4, 3, 2.646356)
Testing accuracy: 37.57
(0.4, 4, 4.64774)
Testing accuracy: 37.34
(0.66, 2, 5.159621)
Testing accuracy: 36.39
(0.66, 3, 5.528077)
Testing accuracy: 37.09
(0.66, 4, 6.945581)
Testing accuracy: 36.90
(1.0, 2, 11.424356)
Testing accuracy: 36.69

 74%|███████▎  | 736/1000 [2:24:54<1:21:37, 18.55s/it]********************************************************************************
Round 736
this epoch cost time:0.8430912494659424
this epoch choose: [58, 37, 74, 35, 63, 49, 71, 71, 46, 48]
this epoch dispatch models: [0 2 4 2 4 4 3 6 4 2]
this epoch received models: [np.int64(0), np.int64(2), np.int64(4), np.int64(2), np.int64(4), np.int64(4), np.int64(3), np.int64(6), np.int64(4), np.int64(2)]
hetero_proportion: 	4:3:3
(0.4, 2, 2.120985)
Testing accuracy: 38.86
(0.4, 3, 2.646356)
Testing accuracy: 37.31
(0.4, 4, 4.64774)
Testing accuracy: 37.31
(0.66, 2, 5.159621)
Testing accuracy: 36.62
(0.66, 3, 5.528077)
Testing accuracy: 37.00
(0.66, 4, 6.945581)
Testing accuracy: 37.14
(1.0, 2, 11.424356)
Testing accuracy: 36.74

 74%|███████▎  | 737/1000 [2:25:13<1:22:31, 18.83s/it]********************************************************************************
Round 737
this epoch cost time:0.9891600608825684
this epoch choose: [96, 68, 98, 80, 0, 97, 59, 80, 30, 17]
this epoch dispatch models: [3 5 4 6 0 5 0 5 1 2]
this epoch received models: [np.int64(3), np.int64(5), np.int64(4), np.int64(6), np.int64(0), np.int64(5), np.int64(0), np.int64(5), np.int64(1), np.int64(2)]
hetero_proportion: 	4:3:3
(0.4, 2, 2.120985)
Testing accuracy: 38.93
(0.4, 3, 2.646356)
Testing accuracy: 37.40
(0.4, 4, 4.64774)
Testing accuracy: 37.58
(0.66, 2, 5.159621)
Testing accuracy: 36.61
(0.66, 3, 5.528077)
Testing accuracy: 37.36
(0.66, 4, 6.945581)
Testing accuracy: 37.11
(1.0, 2, 11.424356)
Testing accuracy: 36.73

 74%|███████▍  | 738/1000 [2:25:33<1:23:02, 19.02s/it]********************************************************************************
Round 738
this epoch cost time:0.9054787158966064
this epoch choose: [60, 74, 53, 62, 95, 50, 36, 62, 54, 81]
this epoch dispatch models: [3 6 4 2 3 3 0 3 4 3]
this epoch received models: [np.int64(3), np.int64(6), np.int64(4), np.int64(2), np.int64(3), np.int64(3), np.int64(0), np.int64(3), np.int64(4), np.int64(3)]
hetero_proportion: 	4:3:3
(0.4, 2, 2.120985)
Testing accuracy: 38.97
(0.4, 3, 2.646356)
Testing accuracy: 37.42
(0.4, 4, 4.64774)
Testing accuracy: 37.56
(0.66, 2, 5.159621)
Testing accuracy: 36.68
(0.66, 3, 5.528077)
Testing accuracy: 37.21
(0.66, 4, 6.945581)
Testing accuracy: 37.16
(1.0, 2, 11.424356)
Testing accuracy: 36.69

 74%|███████▍  | 739/1000 [2:25:52<1:22:46, 19.03s/it]********************************************************************************
Round 739
this epoch cost time:0.7163188457489014
this epoch choose: [98, 84, 82, 26, 78, 43, 78, 84, 35, 82]
this epoch dispatch models: [0 3 5 0 2 4 5 6 0 3]
this epoch received models: [np.int64(0), np.int64(3), np.int64(5), np.int64(0), np.int64(2), np.int64(4), np.int64(5), np.int64(6), np.int64(0), np.int64(3)]
hetero_proportion: 	4:3:3
(0.4, 2, 2.120985)
Testing accuracy: 38.87
(0.4, 3, 2.646356)
Testing accuracy: 37.49
(0.4, 4, 4.64774)
Testing accuracy: 37.36
(0.66, 2, 5.159621)
Testing accuracy: 37.09
(0.66, 3, 5.528077)
Testing accuracy: 37.18
(0.66, 4, 6.945581)
Testing accuracy: 37.06
(1.0, 2, 11.424356)
Testing accuracy: 36.66

 74%|███████▍  | 740/1000 [2:26:09<1:20:36, 18.60s/it]********************************************************************************
Round 740
this epoch cost time:1.139402151107788
this epoch choose: [83, 69, 69, 70, 63, 67, 54, 44, 77, 62]
this epoch dispatch models: [5 5 5 4 5 5 0 4 6 4]
this epoch received models: [np.int64(5), np.int64(5), np.int64(5), np.int64(4), np.int64(5), np.int64(5), np.int64(0), np.int64(4), np.int64(6), np.int64(4)]
hetero_proportion: 	4:3:3
(0.4, 2, 2.120985)
Testing accuracy: 39.00
(0.4, 3, 2.646356)
Testing accuracy: 37.67
(0.4, 4, 4.64774)
Testing accuracy: 37.54
(0.66, 2, 5.159621)
Testing accuracy: 37.12
(0.66, 3, 5.528077)
Testing accuracy: 37.25
(0.66, 4, 6.945581)
Testing accuracy: 37.27
(1.0, 2, 11.424356)
Testing accuracy: 36.71

 74%|███████▍  | 741/1000 [2:26:29<1:21:04, 18.78s/it]********************************************************************************
Round 741
this epoch cost time:0.8220169544219971
this epoch choose: [7, 60, 13, 85, 64, 69, 91, 88, 85, 42]
this epoch dispatch models: [0 5 1 2 4 1 2 2 6 2]
this epoch received models: [np.int64(0), np.int64(5), np.int64(1), np.int64(2), np.int64(4), np.int64(1), np.int64(2), np.int64(2), np.int64(6), np.int64(2)]
hetero_proportion: 	4:3:3
(0.4, 2, 2.120985)
Testing accuracy: 38.99
(0.4, 3, 2.646356)
Testing accuracy: 37.66
(0.4, 4, 4.64774)
Testing accuracy: 37.59
(0.66, 2, 5.159621)
Testing accuracy: 36.98
(0.66, 3, 5.528077)
Testing accuracy: 37.30
(0.66, 4, 6.945581)
Testing accuracy: 37.17
(1.0, 2, 11.424356)
Testing accuracy: 36.76

 74%|███████▍  | 742/1000 [2:26:47<1:20:20, 18.69s/it]********************************************************************************
Round 742
this epoch cost time:0.7552978992462158
this epoch choose: [18, 97, 25, 72, 91, 78, 71, 62, 59, 40]
this epoch dispatch models: [1 3 0 6 5 6 5 2 0 0]
this epoch received models: [np.int64(1), np.int64(3), np.int64(0), np.int64(6), np.int64(5), np.int64(6), np.int64(5), np.int64(2), np.int64(0), np.int64(0)]
hetero_proportion: 	4:3:3
(0.4, 2, 2.120985)
Testing accuracy: 38.78
(0.4, 3, 2.646356)
Testing accuracy: 37.49
(0.4, 4, 4.64774)
Testing accuracy: 37.30
(0.66, 2, 5.159621)
Testing accuracy: 36.90
(0.66, 3, 5.528077)
Testing accuracy: 37.18
(0.66, 4, 6.945581)
Testing accuracy: 37.30
(1.0, 2, 11.424356)
Testing accuracy: 36.73

 74%|███████▍  | 743/1000 [2:27:05<1:19:22, 18.53s/it]********************************************************************************
Round 743
this epoch cost time:0.9287805557250977
this epoch choose: [69, 69, 10, 63, 78, 57, 86, 69, 93, 82]
this epoch dispatch models: [5 0 0 1 3 5 4 1 3 0]
this epoch received models: [np.int64(5), np.int64(0), np.int64(0), np.int64(1), np.int64(3), np.int64(5), np.int64(4), np.int64(1), np.int64(3), np.int64(0)]
hetero_proportion: 	4:3:3
(0.4, 2, 2.120985)
Testing accuracy: 38.38
(0.4, 3, 2.646356)
Testing accuracy: 37.35
(0.4, 4, 4.64774)
Testing accuracy: 37.22
(0.66, 2, 5.159621)
Testing accuracy: 36.90
(0.66, 3, 5.528077)
Testing accuracy: 36.92
(0.66, 4, 6.945581)
Testing accuracy: 37.21
(1.0, 2, 11.424356)
Testing accuracy: 36.62

 74%|███████▍  | 744/1000 [2:27:24<1:19:21, 18.60s/it]********************************************************************************
Round 744
this epoch cost time:1.0674667358398438
this epoch choose: [47, 90, 76, 95, 96, 48, 97, 83, 45, 87]
this epoch dispatch models: [3 0 3 6 6 3 3 6 3 5]
this epoch received models: [np.int64(3), np.int64(0), np.int64(3), np.int64(6), np.int64(6), np.int64(3), np.int64(3), np.int64(6), np.int64(3), np.int64(5)]
hetero_proportion: 	4:3:3
(0.4, 2, 2.120985)
Testing accuracy: 38.59
(0.4, 3, 2.646356)
Testing accuracy: 37.26
(0.4, 4, 4.64774)
Testing accuracy: 37.32
(0.66, 2, 5.159621)
Testing accuracy: 36.70
(0.66, 3, 5.528077)
Testing accuracy: 36.96
(0.66, 4, 6.945581)
Testing accuracy: 37.16
(1.0, 2, 11.424356)
Testing accuracy: 36.66

 74%|███████▍  | 745/1000 [2:27:43<1:19:15, 18.65s/it]********************************************************************************
Round 745
this epoch cost time:0.9339451789855957
this epoch choose: [49, 48, 46, 54, 98, 93, 75, 53, 49, 0]
this epoch dispatch models: [4 0 5 1 5 0 4 3 3 0]
this epoch received models: [np.int64(4), np.int64(0), np.int64(5), np.int64(1), np.int64(5), np.int64(0), np.int64(4), np.int64(3), np.int64(3), np.int64(0)]
hetero_proportion: 	4:3:3
(0.4, 2, 2.120985)
Testing accuracy: 38.70
(0.4, 3, 2.646356)
Testing accuracy: 37.47
(0.4, 4, 4.64774)
Testing accuracy: 37.35
(0.66, 2, 5.159621)
Testing accuracy: 36.69
(0.66, 3, 5.528077)
Testing accuracy: 37.15
(0.66, 4, 6.945581)
Testing accuracy: 37.03
(1.0, 2, 11.424356)
Testing accuracy: 36.55

 75%|███████▍  | 746/1000 [2:28:02<1:19:51, 18.87s/it]********************************************************************************
Round 746
this epoch cost time:1.0897693634033203
this epoch choose: [75, 86, 79, 14, 12, 45, 82, 61, 47, 83]
this epoch dispatch models: [5 1 0 0 2 5 2 5 4 4]
this epoch received models: [np.int64(5), np.int64(1), np.int64(0), np.int64(0), np.int64(2), np.int64(5), np.int64(2), np.int64(5), np.int64(4), np.int64(4)]
hetero_proportion: 	4:3:3
(0.4, 2, 2.120985)
Testing accuracy: 38.72
(0.4, 3, 2.646356)
Testing accuracy: 37.74
(0.4, 4, 4.64774)
Testing accuracy: 37.47
(0.66, 2, 5.159621)
Testing accuracy: 36.72
(0.66, 3, 5.528077)
Testing accuracy: 37.13
(0.66, 4, 6.945581)
Testing accuracy: 37.25
(1.0, 2, 11.424356)
Testing accuracy: 36.73

 75%|███████▍  | 747/1000 [2:28:21<1:19:39, 18.89s/it]********************************************************************************
Round 747
this epoch cost time:0.9950523376464844
this epoch choose: [74, 71, 82, 63, 53, 83, 65, 44, 52, 94]
this epoch dispatch models: [0 2 0 4 2 3 4 4 0 3]
this epoch received models: [np.int64(0), np.int64(2), np.int64(0), np.int64(4), np.int64(2), np.int64(3), np.int64(4), np.int64(4), np.int64(0), np.int64(3)]
hetero_proportion: 	4:3:3
(0.4, 2, 2.120985)
Testing accuracy: 38.58
(0.4, 3, 2.646356)
Testing accuracy: 37.54
(0.4, 4, 4.64774)
Testing accuracy: 37.54
(0.66, 2, 5.159621)
Testing accuracy: 36.82
(0.66, 3, 5.528077)
Testing accuracy: 37.31
(0.66, 4, 6.945581)
Testing accuracy: 37.17
(1.0, 2, 11.424356)
Testing accuracy: 36.56

 75%|███████▍  | 748/1000 [2:28:39<1:18:03, 18.58s/it]********************************************************************************
Round 748
this epoch cost time:0.7807238101959229
this epoch choose: [92, 94, 94, 82, 57, 38, 87, 99, 67, 99]
this epoch dispatch models: [4 3 4 1 0 0 5 2 3 3]
this epoch received models: [np.int64(4), np.int64(3), np.int64(4), np.int64(1), np.int64(0), np.int64(0), np.int64(5), np.int64(2), np.int64(3), np.int64(3)]
hetero_proportion: 	4:3:3
(0.4, 2, 2.120985)
Testing accuracy: 38.62
(0.4, 3, 2.646356)
Testing accuracy: 37.56
(0.4, 4, 4.64774)
Testing accuracy: 37.29
(0.66, 2, 5.159621)
Testing accuracy: 36.79
(0.66, 3, 5.528077)
Testing accuracy: 37.27
(0.66, 4, 6.945581)
Testing accuracy: 37.10
(1.0, 2, 11.424356)
Testing accuracy: 36.48

 75%|███████▍  | 749/1000 [2:28:58<1:17:49, 18.60s/it]********************************************************************************
Round 749
this epoch cost time:0.9233899116516113
this epoch choose: [56, 82, 79, 74, 78, 17, 69, 78, 85, 82]
this epoch dispatch models: [2 6 0 3 5 0 5 3 6 6]
this epoch received models: [np.int64(2), np.int64(6), np.int64(0), np.int64(3), np.int64(5), np.int64(0), np.int64(5), np.int64(3), np.int64(6), np.int64(6)]
hetero_proportion: 	4:3:3
(0.4, 2, 2.120985)
Testing accuracy: 38.54
(0.4, 3, 2.646356)
Testing accuracy: 37.50
(0.4, 4, 4.64774)
Testing accuracy: 37.49
(0.66, 2, 5.159621)
Testing accuracy: 36.64
(0.66, 3, 5.528077)
Testing accuracy: 37.37
(0.66, 4, 6.945581)
Testing accuracy: 37.01
(1.0, 2, 11.424356)
Testing accuracy: 36.51

 75%|███████▌  | 750/1000 [2:29:16<1:17:56, 18.71s/it]********************************************************************************
Round 750
this epoch cost time:0.8264005184173584
this epoch choose: [95, 46, 61, 57, 90, 93, 49, 33, 82, 5]
this epoch dispatch models: [5 4 4 3 6 4 4 0 5 0]
this epoch received models: [np.int64(5), np.int64(4), np.int64(4), np.int64(3), np.int64(6), np.int64(4), np.int64(4), np.int64(0), np.int64(5), np.int64(0)]
hetero_proportion: 	4:3:3
(0.4, 2, 2.120985)
Testing accuracy: 38.39
(0.4, 3, 2.646356)
Testing accuracy: 37.70
(0.4, 4, 4.64774)
Testing accuracy: 37.46
(0.66, 2, 5.159621)
Testing accuracy: 36.83
(0.66, 3, 5.528077)
Testing accuracy: 37.29
(0.66, 4, 6.945581)
Testing accuracy: 37.00
(1.0, 2, 11.424356)
Testing accuracy: 36.50

 75%|███████▌  | 751/1000 [2:29:35<1:17:42, 18.72s/it]********************************************************************************
Round 751
this epoch cost time:0.8312480449676514
this epoch choose: [46, 99, 21, 93, 82, 4, 0, 41, 61, 71]
this epoch dispatch models: [4 2 2 1 5 0 2 0 3 6]
this epoch received models: [np.int64(4), np.int64(2), np.int64(2), np.int64(1), np.int64(5), np.int64(0), np.int64(2), np.int64(0), np.int64(3), np.int64(6)]
hetero_proportion: 	4:3:3
(0.4, 2, 2.120985)
Testing accuracy: 38.52
(0.4, 3, 2.646356)
Testing accuracy: 37.70
(0.4, 4, 4.64774)
Testing accuracy: 37.26
(0.66, 2, 5.159621)
Testing accuracy: 36.62
(0.66, 3, 5.528077)
Testing accuracy: 37.26
(0.66, 4, 6.945581)
Testing accuracy: 36.89
(1.0, 2, 11.424356)
Testing accuracy: 36.39

 75%|███████▌  | 752/1000 [2:29:54<1:17:08, 18.66s/it]********************************************************************************
Round 752
this epoch cost time:0.9016222953796387
this epoch choose: [50, 53, 68, 79, 70, 55, 87, 72, 65, 47]
this epoch dispatch models: [3 1 4 4 6 2 6 2 4 4]
this epoch received models: [np.int64(3), np.int64(1), np.int64(4), np.int64(4), np.int64(6), np.int64(2), np.int64(6), np.int64(2), np.int64(4), np.int64(4)]
hetero_proportion: 	4:3:3
(0.4, 2, 2.120985)
Testing accuracy: 38.54
(0.4, 3, 2.646356)
Testing accuracy: 37.80
(0.4, 4, 4.64774)
Testing accuracy: 37.22
(0.66, 2, 5.159621)
Testing accuracy: 36.65
(0.66, 3, 5.528077)
Testing accuracy: 37.15
(0.66, 4, 6.945581)
Testing accuracy: 36.91
(1.0, 2, 11.424356)
Testing accuracy: 36.54

 75%|███████▌  | 753/1000 [2:30:12<1:16:49, 18.66s/it]********************************************************************************
Round 753
this epoch cost time:0.7401328086853027
this epoch choose: [95, 86, 65, 7, 3, 17, 55, 64, 71, 90]
this epoch dispatch models: [5 1 5 0 1 1 4 2 5 6]
this epoch received models: [np.int64(5), np.int64(1), np.int64(5), np.int64(0), np.int64(1), np.int64(1), np.int64(4), np.int64(2), np.int64(5), np.int64(6)]
hetero_proportion: 	4:3:3
(0.4, 2, 2.120985)
Testing accuracy: 38.60
(0.4, 3, 2.646356)
Testing accuracy: 37.78
(0.4, 4, 4.64774)
Testing accuracy: 37.17
(0.66, 2, 5.159621)
Testing accuracy: 36.76
(0.66, 3, 5.528077)
Testing accuracy: 37.13
(0.66, 4, 6.945581)
Testing accuracy: 37.22
(1.0, 2, 11.424356)
Testing accuracy: 36.68

 75%|███████▌  | 754/1000 [2:30:32<1:17:17, 18.85s/it]********************************************************************************
Round 754
this epoch cost time:0.8368091583251953
this epoch choose: [64, 40, 16, 36, 78, 48, 88, 76, 17, 70]
this epoch dispatch models: [4 0 0 0 2 5 6 3 1 1]
this epoch received models: [np.int64(4), np.int64(0), np.int64(0), np.int64(0), np.int64(2), np.int64(5), np.int64(6), np.int64(3), np.int64(1), np.int64(1)]
hetero_proportion: 	4:3:3
(0.4, 2, 2.120985)
Testing accuracy: 38.92
(0.4, 3, 2.646356)
Testing accuracy: 37.50
(0.4, 4, 4.64774)
Testing accuracy: 37.18
(0.66, 2, 5.159621)
Testing accuracy: 36.50
(0.66, 3, 5.528077)
Testing accuracy: 37.16
(0.66, 4, 6.945581)
Testing accuracy: 37.23
(1.0, 2, 11.424356)
Testing accuracy: 36.69

 76%|███████▌  | 755/1000 [2:30:51<1:17:14, 18.91s/it]********************************************************************************
Round 755
this epoch cost time:0.7722897529602051
this epoch choose: [49, 88, 18, 88, 30, 92, 25, 3, 27, 62]
this epoch dispatch models: [3 3 0 6 0 1 0 2 1 0]
this epoch received models: [np.int64(3), np.int64(3), np.int64(0), np.int64(6), np.int64(0), np.int64(1), np.int64(0), np.int64(2), np.int64(1), np.int64(0)]
hetero_proportion: 	4:3:3
(0.4, 2, 2.120985)
Testing accuracy: 38.71
(0.4, 3, 2.646356)
Testing accuracy: 37.42
(0.4, 4, 4.64774)
Testing accuracy: 37.38
(0.66, 2, 5.159621)
Testing accuracy: 36.64
(0.66, 3, 5.528077)
Testing accuracy: 37.16
(0.66, 4, 6.945581)
Testing accuracy: 37.17
(1.0, 2, 11.424356)
Testing accuracy: 36.68

 76%|███████▌  | 756/1000 [2:31:08<1:15:21, 18.53s/it]********************************************************************************
Round 756
this epoch cost time:0.953331470489502
this epoch choose: [71, 69, 90, 63, 70, 80, 54, 86, 70, 53]
this epoch dispatch models: [1 3 4 4 3 5 1 6 6 1]
this epoch received models: [np.int64(1), np.int64(3), np.int64(4), np.int64(4), np.int64(3), np.int64(5), np.int64(1), np.int64(6), np.int64(6), np.int64(1)]
hetero_proportion: 	4:3:3
(0.4, 2, 2.120985)
Testing accuracy: 38.64
(0.4, 3, 2.646356)
Testing accuracy: 37.49
(0.4, 4, 4.64774)
Testing accuracy: 37.28
(0.66, 2, 5.159621)
Testing accuracy: 36.99
(0.66, 3, 5.528077)
Testing accuracy: 37.09
(0.66, 4, 6.945581)
Testing accuracy: 37.27
(1.0, 2, 11.424356)
Testing accuracy: 36.74

 76%|███████▌  | 757/1000 [2:31:29<1:17:08, 19.05s/it]********************************************************************************
Round 757
this epoch cost time:0.9679598808288574
this epoch choose: [97, 55, 85, 82, 34, 79, 99, 70, 89, 73]
this epoch dispatch models: [4 3 5 6 0 3 4 6 4 3]
this epoch received models: [np.int64(4), np.int64(3), np.int64(5), np.int64(6), np.int64(0), np.int64(3), np.int64(4), np.int64(6), np.int64(4), np.int64(3)]
hetero_proportion: 	4:3:3
(0.4, 2, 2.120985)
Testing accuracy: 38.73
(0.4, 3, 2.646356)
Testing accuracy: 37.45
(0.4, 4, 4.64774)
Testing accuracy: 37.31
(0.66, 2, 5.159621)
Testing accuracy: 36.98
(0.66, 3, 5.528077)
Testing accuracy: 37.18
(0.66, 4, 6.945581)
Testing accuracy: 37.37
(1.0, 2, 11.424356)
Testing accuracy: 36.75

 76%|███████▌  | 758/1000 [2:31:47<1:16:12, 18.90s/it]********************************************************************************
Round 758
this epoch cost time:0.8475236892700195
this epoch choose: [94, 41, 13, 95, 65, 94, 92, 99, 93, 92]
this epoch dispatch models: [4 1 2 6 2 5 4 0 5 5]
this epoch received models: [np.int64(4), np.int64(1), np.int64(2), np.int64(6), np.int64(2), np.int64(5), np.int64(4), np.int64(0), np.int64(5), np.int64(5)]
hetero_proportion: 	4:3:3
(0.4, 2, 2.120985)
Testing accuracy: 38.72
(0.4, 3, 2.646356)
Testing accuracy: 37.38
(0.4, 4, 4.64774)
Testing accuracy: 37.42
(0.66, 2, 5.159621)
Testing accuracy: 36.86
(0.66, 3, 5.528077)
Testing accuracy: 37.01
(0.66, 4, 6.945581)
Testing accuracy: 37.13
(1.0, 2, 11.424356)
Testing accuracy: 36.63

 76%|███████▌  | 759/1000 [2:32:05<1:14:21, 18.51s/it]********************************************************************************
Round 759
this epoch cost time:0.9142024517059326
this epoch choose: [55, 67, 32, 74, 96, 86, 69, 72, 97, 70]
this epoch dispatch models: [5 5 2 6 3 6 3 2 0 0]
this epoch received models: [np.int64(5), np.int64(5), np.int64(2), np.int64(6), np.int64(3), np.int64(6), np.int64(3), np.int64(2), np.int64(0), np.int64(0)]
hetero_proportion: 	4:3:3
(0.4, 2, 2.120985)
Testing accuracy: 38.83
(0.4, 3, 2.646356)
Testing accuracy: 37.29
(0.4, 4, 4.64774)
Testing accuracy: 37.25
(0.66, 2, 5.159621)
Testing accuracy: 36.78
(0.66, 3, 5.528077)
Testing accuracy: 36.92
(0.66, 4, 6.945581)
Testing accuracy: 37.18
(1.0, 2, 11.424356)
Testing accuracy: 36.56

 76%|███████▌  | 760/1000 [2:32:24<1:15:09, 18.79s/it]********************************************************************************
Round 760
this epoch cost time:0.7643885612487793
this epoch choose: [63, 56, 15, 96, 94, 87, 95, 99, 99, 45]
this epoch dispatch models: [5 4 2 4 2 4 2 5 6 4]
this epoch received models: [np.int64(5), np.int64(4), np.int64(2), np.int64(4), np.int64(2), np.int64(4), np.int64(2), np.int64(5), np.int64(6), np.int64(4)]
hetero_proportion: 	4:3:3
(0.4, 2, 2.120985)
Testing accuracy: 38.72
(0.4, 3, 2.646356)
Testing accuracy: 37.24
(0.4, 4, 4.64774)
Testing accuracy: 37.34
(0.66, 2, 5.159621)
Testing accuracy: 36.80
(0.66, 3, 5.528077)
Testing accuracy: 36.85
(0.66, 4, 6.945581)
Testing accuracy: 37.40
(1.0, 2, 11.424356)
Testing accuracy: 36.73

 76%|███████▌  | 761/1000 [2:32:43<1:15:00, 18.83s/it]********************************************************************************
Round 761
this epoch cost time:0.9224154949188232
this epoch choose: [91, 81, 51, 68, 46, 66, 86, 72, 68, 63]
this epoch dispatch models: [1 6 0 4 1 5 0 4 5 0]
this epoch received models: [np.int64(1), np.int64(6), np.int64(0), np.int64(4), np.int64(1), np.int64(5), np.int64(0), np.int64(4), np.int64(5), np.int64(0)]
hetero_proportion: 	4:3:3
(0.4, 2, 2.120985)
Testing accuracy: 38.54
(0.4, 3, 2.646356)
Testing accuracy: 37.12
(0.4, 4, 4.64774)
Testing accuracy: 37.42
(0.66, 2, 5.159621)
Testing accuracy: 36.89
(0.66, 3, 5.528077)
Testing accuracy: 36.88
(0.66, 4, 6.945581)
Testing accuracy: 37.17
(1.0, 2, 11.424356)
Testing accuracy: 36.82

 76%|███████▌  | 762/1000 [2:33:02<1:15:12, 18.96s/it]********************************************************************************
Round 762
this epoch cost time:0.8636362552642822
this epoch choose: [48, 87, 3, 6, 62, 41, 97, 77, 13, 41]
this epoch dispatch models: [2 6 2 1 0 1 0 6 1 5]
this epoch received models: [np.int64(2), np.int64(6), np.int64(2), np.int64(1), np.int64(0), np.int64(1), np.int64(0), np.int64(6), np.int64(1), np.int64(5)]
hetero_proportion: 	4:3:3
(0.4, 2, 2.120985)
Testing accuracy: 38.55
(0.4, 3, 2.646356)
Testing accuracy: 37.18
(0.4, 4, 4.64774)
Testing accuracy: 37.17
(0.66, 2, 5.159621)
Testing accuracy: 36.71
(0.66, 3, 5.528077)
Testing accuracy: 36.76
(0.66, 4, 6.945581)
Testing accuracy: 37.21
(1.0, 2, 11.424356)
Testing accuracy: 36.58

 76%|███████▋  | 763/1000 [2:33:21<1:13:58, 18.73s/it]********************************************************************************
Round 763
this epoch cost time:0.9033727645874023
this epoch choose: [81, 9, 85, 51, 84, 70, 47, 54, 18, 58]
this epoch dispatch models: [6 0 4 4 5 4 3 4 0 2]
this epoch received models: [np.int64(6), np.int64(0), np.int64(4), np.int64(4), np.int64(5), np.int64(4), np.int64(3), np.int64(4), np.int64(0), np.int64(2)]
hetero_proportion: 	4:3:3
(0.4, 2, 2.120985)
Testing accuracy: 38.59
(0.4, 3, 2.646356)
Testing accuracy: 37.22
(0.4, 4, 4.64774)
Testing accuracy: 37.23
(0.66, 2, 5.159621)
Testing accuracy: 37.01
(0.66, 3, 5.528077)
Testing accuracy: 37.05
(0.66, 4, 6.945581)
Testing accuracy: 37.21
(1.0, 2, 11.424356)
Testing accuracy: 36.91

 76%|███████▋  | 764/1000 [2:33:40<1:14:45, 19.00s/it]********************************************************************************
Round 764
this epoch cost time:0.8803834915161133
this epoch choose: [97, 94, 72, 21, 80, 57, 88, 70, 97, 84]
this epoch dispatch models: [3 0 6 0 1 5 3 4 3 5]
this epoch received models: [np.int64(3), np.int64(0), np.int64(6), np.int64(0), np.int64(1), np.int64(5), np.int64(3), np.int64(4), np.int64(3), np.int64(5)]
hetero_proportion: 	4:3:3
(0.4, 2, 2.120985)
Testing accuracy: 38.39
(0.4, 3, 2.646356)
Testing accuracy: 37.07
(0.4, 4, 4.64774)
Testing accuracy: 37.36
(0.66, 2, 5.159621)
Testing accuracy: 36.97
(0.66, 3, 5.528077)
Testing accuracy: 37.23
(0.66, 4, 6.945581)
Testing accuracy: 37.28
(1.0, 2, 11.424356)
Testing accuracy: 36.78

 76%|███████▋  | 765/1000 [2:33:59<1:13:53, 18.86s/it]********************************************************************************
Round 765
this epoch cost time:0.9642398357391357
this epoch choose: [46, 51, 29, 42, 37, 81, 68, 69, 70, 58]
this epoch dispatch models: [0 3 0 5 1 3 3 1 2 1]
this epoch received models: [np.int64(0), np.int64(3), np.int64(0), np.int64(5), np.int64(1), np.int64(3), np.int64(3), np.int64(1), np.int64(2), np.int64(1)]
hetero_proportion: 	4:3:3
(0.4, 2, 2.120985)
Testing accuracy: 38.53
(0.4, 3, 2.646356)
Testing accuracy: 37.38
(0.4, 4, 4.64774)
Testing accuracy: 37.36
(0.66, 2, 5.159621)
Testing accuracy: 36.77
(0.66, 3, 5.528077)
Testing accuracy: 37.17
(0.66, 4, 6.945581)
Testing accuracy: 37.38
(1.0, 2, 11.424356)
Testing accuracy: 37.11

 77%|███████▋  | 766/1000 [2:34:18<1:13:54, 18.95s/it]********************************************************************************
Round 766
this epoch cost time:0.7628576755523682
this epoch choose: [76, 58, 92, 77, 70, 38, 60, 19, 25, 52]
this epoch dispatch models: [1 3 5 6 6 0 1 0 1 5]
this epoch received models: [np.int64(1), np.int64(3), np.int64(5), np.int64(6), np.int64(6), np.int64(0), np.int64(1), np.int64(0), np.int64(1), np.int64(5)]
hetero_proportion: 	4:3:3
(0.4, 2, 2.120985)
Testing accuracy: 38.40
(0.4, 3, 2.646356)
Testing accuracy: 37.39
(0.4, 4, 4.64774)
Testing accuracy: 37.19
(0.66, 2, 5.159621)
Testing accuracy: 36.70
(0.66, 3, 5.528077)
Testing accuracy: 36.85
(0.66, 4, 6.945581)
Testing accuracy: 37.10
(1.0, 2, 11.424356)
Testing accuracy: 36.95

 77%|███████▋  | 767/1000 [2:34:37<1:13:22, 18.90s/it]********************************************************************************
Round 767
this epoch cost time:0.8496665954589844
this epoch choose: [51, 39, 44, 32, 21, 65, 80, 99, 77, 91]
this epoch dispatch models: [3 1 4 1 1 3 4 2 3 3]
this epoch received models: [np.int64(3), np.int64(1), np.int64(4), np.int64(1), np.int64(1), np.int64(3), np.int64(4), np.int64(2), np.int64(3), np.int64(3)]
hetero_proportion: 	4:3:3
(0.4, 2, 2.120985)
Testing accuracy: 38.63
(0.4, 3, 2.646356)
Testing accuracy: 37.60
(0.4, 4, 4.64774)
Testing accuracy: 37.49
(0.66, 2, 5.159621)
Testing accuracy: 36.87
(0.66, 3, 5.528077)
Testing accuracy: 37.12
(0.66, 4, 6.945581)
Testing accuracy: 37.49
(1.0, 2, 11.424356)
Testing accuracy: 37.01

 77%|███████▋  | 768/1000 [2:34:55<1:12:32, 18.76s/it]********************************************************************************
Round 768
this epoch cost time:0.9003245830535889
this epoch choose: [92, 59, 95, 94, 51, 69, 96, 99, 65, 83]
this epoch dispatch models: [3 3 0 6 4 4 5 3 3 3]
this epoch received models: [np.int64(3), np.int64(3), np.int64(0), np.int64(6), np.int64(4), np.int64(4), np.int64(5), np.int64(3), np.int64(3), np.int64(3)]
hetero_proportion: 	4:3:3
(0.4, 2, 2.120985)
Testing accuracy: 38.67
(0.4, 3, 2.646356)
Testing accuracy: 37.55
(0.4, 4, 4.64774)
Testing accuracy: 37.58
(0.66, 2, 5.159621)
Testing accuracy: 37.00
(0.66, 3, 5.528077)
Testing accuracy: 37.32
(0.66, 4, 6.945581)
Testing accuracy: 37.50
(1.0, 2, 11.424356)
Testing accuracy: 36.81

 77%|███████▋  | 769/1000 [2:35:14<1:12:32, 18.84s/it]********************************************************************************
Round 769
this epoch cost time:0.8510377407073975
this epoch choose: [11, 97, 45, 77, 62, 54, 70, 90, 93, 87]
this epoch dispatch models: [2 4 1 0 3 4 6 3 5 6]
this epoch received models: [np.int64(2), np.int64(4), np.int64(1), np.int64(0), np.int64(3), np.int64(4), np.int64(6), np.int64(3), np.int64(5), np.int64(6)]
hetero_proportion: 	4:3:3
(0.4, 2, 2.120985)
Testing accuracy: 38.58
(0.4, 3, 2.646356)
Testing accuracy: 37.70
(0.4, 4, 4.64774)
Testing accuracy: 37.40
(0.66, 2, 5.159621)
Testing accuracy: 36.87
(0.66, 3, 5.528077)
Testing accuracy: 37.30
(0.66, 4, 6.945581)
Testing accuracy: 37.30
(1.0, 2, 11.424356)
Testing accuracy: 36.89

 77%|███████▋  | 770/1000 [2:35:32<1:11:19, 18.61s/it]********************************************************************************
Round 770
this epoch cost time:0.8435537815093994
this epoch choose: [79, 50, 58, 79, 16, 58, 49, 49, 43, 43]
this epoch dispatch models: [1 5 1 4 2 5 2 4 1 1]
this epoch received models: [np.int64(1), np.int64(5), np.int64(1), np.int64(4), np.int64(2), np.int64(5), np.int64(2), np.int64(4), np.int64(1), np.int64(1)]
hetero_proportion: 	4:3:3
(0.4, 2, 2.120985)
Testing accuracy: 38.87
(0.4, 3, 2.646356)
Testing accuracy: 37.72
(0.4, 4, 4.64774)
Testing accuracy: 37.45
(0.66, 2, 5.159621)
Testing accuracy: 36.81
(0.66, 3, 5.528077)
Testing accuracy: 37.33
(0.66, 4, 6.945581)
Testing accuracy: 37.27
(1.0, 2, 11.424356)
Testing accuracy: 36.81

 77%|███████▋  | 771/1000 [2:35:51<1:10:38, 18.51s/it]********************************************************************************
Round 771
this epoch cost time:0.9352505207061768
this epoch choose: [56, 0, 98, 18, 52, 32, 27, 80, 0, 7]
this epoch dispatch models: [5 2 6 1 4 2 0 5 1 0]
this epoch received models: [np.int64(5), np.int64(2), np.int64(6), np.int64(1), np.int64(4), np.int64(2), np.int64(0), np.int64(5), np.int64(1), np.int64(0)]
hetero_proportion: 	4:3:3
(0.4, 2, 2.120985)
Testing accuracy: 38.38
(0.4, 3, 2.646356)
Testing accuracy: 37.44
(0.4, 4, 4.64774)
Testing accuracy: 37.19
(0.66, 2, 5.159621)
Testing accuracy: 36.76
(0.66, 3, 5.528077)
Testing accuracy: 37.32
(0.66, 4, 6.945581)
Testing accuracy: 37.52
(1.0, 2, 11.424356)
Testing accuracy: 36.76

 77%|███████▋  | 772/1000 [2:36:09<1:10:33, 18.57s/it]********************************************************************************
Round 772
this epoch cost time:0.9877054691314697
this epoch choose: [82, 4, 94, 58, 58, 77, 73, 96, 99, 81]
this epoch dispatch models: [2 0 5 2 4 6 4 2 6 5]
this epoch received models: [np.int64(2), np.int64(0), np.int64(5), np.int64(2), np.int64(4), np.int64(6), np.int64(4), np.int64(2), np.int64(6), np.int64(5)]
hetero_proportion: 	4:3:3
(0.4, 2, 2.120985)
Testing accuracy: 38.13
(0.4, 3, 2.646356)
Testing accuracy: 37.25
(0.4, 4, 4.64774)
Testing accuracy: 37.36
(0.66, 2, 5.159621)
Testing accuracy: 36.68
(0.66, 3, 5.528077)
Testing accuracy: 37.41
(0.66, 4, 6.945581)
Testing accuracy: 37.26
(1.0, 2, 11.424356)
Testing accuracy: 36.77

 77%|███████▋  | 773/1000 [2:36:28<1:10:29, 18.63s/it]********************************************************************************
Round 773
this epoch cost time:1.0860543251037598
this epoch choose: [47, 95, 44, 77, 49, 94, 52, 75, 3, 83]
this epoch dispatch models: [4 0 3 2 3 5 4 6 2 6]
this epoch received models: [np.int64(4), np.int64(0), np.int64(3), np.int64(2), np.int64(3), np.int64(5), np.int64(4), np.int64(6), np.int64(2), np.int64(6)]
hetero_proportion: 	4:3:3
(0.4, 2, 2.120985)
Testing accuracy: 38.05
(0.4, 3, 2.646356)
Testing accuracy: 37.37
(0.4, 4, 4.64774)
Testing accuracy: 37.45
(0.66, 2, 5.159621)
Testing accuracy: 36.55
(0.66, 3, 5.528077)
Testing accuracy: 37.35
(0.66, 4, 6.945581)
Testing accuracy: 37.35
(1.0, 2, 11.424356)
Testing accuracy: 36.79

 77%|███████▋  | 774/1000 [2:36:47<1:09:58, 18.58s/it]********************************************************************************
Round 774
this epoch cost time:0.9499654769897461
this epoch choose: [75, 50, 84, 80, 43, 57, 79, 64, 62, 85]
this epoch dispatch models: [6 5 6 6 3 2 3 0 4 5]
this epoch received models: [np.int64(6), np.int64(5), np.int64(6), np.int64(6), np.int64(3), np.int64(2), np.int64(3), np.int64(0), np.int64(4), np.int64(5)]
hetero_proportion: 	4:3:3
(0.4, 2, 2.120985)
Testing accuracy: 38.21
(0.4, 3, 2.646356)
Testing accuracy: 37.47
(0.4, 4, 4.64774)
Testing accuracy: 37.31
(0.66, 2, 5.159621)
Testing accuracy: 36.70
(0.66, 3, 5.528077)
Testing accuracy: 37.30
(0.66, 4, 6.945581)
Testing accuracy: 37.26
(1.0, 2, 11.424356)
Testing accuracy: 36.66

 78%|███████▊  | 775/1000 [2:37:06<1:10:26, 18.79s/it]********************************************************************************
Round 775
this epoch cost time:0.8360145092010498
this epoch choose: [58, 77, 16, 87, 78, 66, 6, 31, 14, 68]
this epoch dispatch models: [3 5 0 6 1 0 2 1 1 4]
this epoch received models: [np.int64(3), np.int64(5), np.int64(0), np.int64(6), np.int64(1), np.int64(0), np.int64(2), np.int64(1), np.int64(1), np.int64(4)]
hetero_proportion: 	4:3:3
(0.4, 2, 2.120985)
Testing accuracy: 38.25
(0.4, 3, 2.646356)
Testing accuracy: 37.44
(0.4, 4, 4.64774)
Testing accuracy: 37.18
(0.66, 2, 5.159621)
Testing accuracy: 36.67
(0.66, 3, 5.528077)
Testing accuracy: 37.46
(0.66, 4, 6.945581)
Testing accuracy: 37.37
(1.0, 2, 11.424356)
Testing accuracy: 36.60

 78%|███████▊  | 776/1000 [2:37:23<1:08:43, 18.41s/it]********************************************************************************
Round 776
this epoch cost time:0.7922201156616211
this epoch choose: [99, 71, 54, 72, 60, 73, 82, 59, 19, 57]
this epoch dispatch models: [3 5 3 4 4 6 5 3 2 3]
this epoch received models: [np.int64(3), np.int64(5), np.int64(3), np.int64(4), np.int64(4), np.int64(6), np.int64(5), np.int64(3), np.int64(2), np.int64(3)]
hetero_proportion: 	4:3:3
(0.4, 2, 2.120985)
Testing accuracy: 38.32
(0.4, 3, 2.646356)
Testing accuracy: 37.56
(0.4, 4, 4.64774)
Testing accuracy: 37.15
(0.66, 2, 5.159621)
Testing accuracy: 36.84
(0.66, 3, 5.528077)
Testing accuracy: 37.42
(0.66, 4, 6.945581)
Testing accuracy: 37.42
(1.0, 2, 11.424356)
Testing accuracy: 36.75

 78%|███████▊  | 777/1000 [2:37:42<1:09:04, 18.58s/it]********************************************************************************
Round 777
this epoch cost time:0.8896019458770752
this epoch choose: [80, 53, 56, 73, 41, 70, 98, 47, 72, 51]
this epoch dispatch models: [3 2 3 6 3 6 3 1 5 4]
this epoch received models: [np.int64(3), np.int64(2), np.int64(3), np.int64(6), np.int64(3), np.int64(6), np.int64(3), np.int64(1), np.int64(5), np.int64(4)]
hetero_proportion: 	4:3:3
(0.4, 2, 2.120985)
Testing accuracy: 38.36
(0.4, 3, 2.646356)
Testing accuracy: 37.50
(0.4, 4, 4.64774)
Testing accuracy: 37.47
(0.66, 2, 5.159621)
Testing accuracy: 36.90
(0.66, 3, 5.528077)
Testing accuracy: 37.49
(0.66, 4, 6.945581)
Testing accuracy: 37.45
(1.0, 2, 11.424356)
Testing accuracy: 36.72

 78%|███████▊  | 778/1000 [2:38:02<1:09:40, 18.83s/it]********************************************************************************
Round 778
this epoch cost time:0.8376061916351318
this epoch choose: [43, 60, 20, 5, 42, 3, 56, 77, 3, 92]
this epoch dispatch models: [3 4 1 0 5 2 3 6 0 1]
this epoch received models: [np.int64(3), np.int64(4), np.int64(1), np.int64(0), np.int64(5), np.int64(2), np.int64(3), np.int64(6), np.int64(0), np.int64(1)]
hetero_proportion: 	4:3:3
(0.4, 2, 2.120985)
Testing accuracy: 38.25
(0.4, 3, 2.646356)
Testing accuracy: 37.87
(0.4, 4, 4.64774)
Testing accuracy: 37.23
(0.66, 2, 5.159621)
Testing accuracy: 36.72
(0.66, 3, 5.528077)
Testing accuracy: 37.41
(0.66, 4, 6.945581)
Testing accuracy: 37.46
(1.0, 2, 11.424356)
Testing accuracy: 36.61

 78%|███████▊  | 779/1000 [2:38:21<1:09:30, 18.87s/it]********************************************************************************
Round 779
this epoch cost time:0.8514926433563232
this epoch choose: [37, 70, 86, 92, 78, 82, 63, 43, 75, 11]
this epoch dispatch models: [1 3 4 1 3 0 0 1 1 1]
this epoch received models: [np.int64(1), np.int64(3), np.int64(4), np.int64(1), np.int64(3), np.int64(0), np.int64(0), np.int64(1), np.int64(1), np.int64(1)]
hetero_proportion: 	4:3:3
(0.4, 2, 2.120985)
Testing accuracy: 38.38
(0.4, 3, 2.646356)
Testing accuracy: 37.58
(0.4, 4, 4.64774)
Testing accuracy: 37.08
(0.66, 2, 5.159621)
Testing accuracy: 36.69
(0.66, 3, 5.528077)
Testing accuracy: 37.45
(0.66, 4, 6.945581)
Testing accuracy: 37.21
(1.0, 2, 11.424356)
Testing accuracy: 36.67

 78%|███████▊  | 780/1000 [2:38:40<1:09:09, 18.86s/it]********************************************************************************
Round 780
this epoch cost time:0.7857644557952881
this epoch choose: [76, 51, 62, 85, 87, 11, 47, 49, 63, 24]
this epoch dispatch models: [6 3 4 5 4 1 0 4 3 0]
this epoch received models: [np.int64(6), np.int64(3), np.int64(4), np.int64(5), np.int64(4), np.int64(1), np.int64(0), np.int64(4), np.int64(3), np.int64(0)]
hetero_proportion: 	4:3:3
(0.4, 2, 2.120985)
Testing accuracy: 38.37
(0.4, 3, 2.646356)
Testing accuracy: 37.74
(0.4, 4, 4.64774)
Testing accuracy: 37.21
(0.66, 2, 5.159621)
Testing accuracy: 36.82
(0.66, 3, 5.528077)
Testing accuracy: 37.39
(0.66, 4, 6.945581)
Testing accuracy: 37.22
(1.0, 2, 11.424356)
Testing accuracy: 36.74

 78%|███████▊  | 781/1000 [2:38:58<1:08:42, 18.82s/it]********************************************************************************
Round 781
this epoch cost time:0.8286023139953613
this epoch choose: [59, 64, 68, 62, 89, 77, 95, 45, 55, 54]
this epoch dispatch models: [2 4 5 3 6 3 3 5 4 4]
this epoch received models: [np.int64(2), np.int64(4), np.int64(5), np.int64(3), np.int64(6), np.int64(3), np.int64(3), np.int64(5), np.int64(4), np.int64(4)]
hetero_proportion: 	4:3:3
(0.4, 2, 2.120985)
Testing accuracy: 38.33
(0.4, 3, 2.646356)
Testing accuracy: 37.74
(0.4, 4, 4.64774)
Testing accuracy: 37.29
(0.66, 2, 5.159621)
Testing accuracy: 36.80
(0.66, 3, 5.528077)
Testing accuracy: 37.34
(0.66, 4, 6.945581)
Testing accuracy: 37.29
(1.0, 2, 11.424356)
Testing accuracy: 36.72

 78%|███████▊  | 782/1000 [2:39:17<1:08:05, 18.74s/it]********************************************************************************
Round 782
this epoch cost time:0.7668757438659668
this epoch choose: [46, 55, 45, 93, 39, 73, 47, 45, 47, 75]
this epoch dispatch models: [4 3 4 2 2 4 2 5 4 2]
this epoch received models: [np.int64(4), np.int64(3), np.int64(4), np.int64(2), np.int64(2), np.int64(4), np.int64(2), np.int64(5), np.int64(4), np.int64(2)]
hetero_proportion: 	4:3:3
(0.4, 2, 2.120985)
Testing accuracy: 38.33
(0.4, 3, 2.646356)
Testing accuracy: 37.72
(0.4, 4, 4.64774)
Testing accuracy: 37.47
(0.66, 2, 5.159621)
Testing accuracy: 36.98
(0.66, 3, 5.528077)
Testing accuracy: 37.37
(0.66, 4, 6.945581)
Testing accuracy: 37.35
(1.0, 2, 11.424356)
Testing accuracy: 36.82

 78%|███████▊  | 783/1000 [2:39:36<1:08:35, 18.96s/it]********************************************************************************
Round 783
this epoch cost time:0.9166378974914551
this epoch choose: [76, 46, 99, 55, 75, 36, 99, 96, 98, 80]
this epoch dispatch models: [2 0 5 4 5 0 1 4 3 0]
this epoch received models: [np.int64(2), np.int64(0), np.int64(5), np.int64(4), np.int64(5), np.int64(0), np.int64(1), np.int64(4), np.int64(3), np.int64(0)]
hetero_proportion: 	4:3:3
(0.4, 2, 2.120985)
Testing accuracy: 38.48
(0.4, 3, 2.646356)
Testing accuracy: 37.63
(0.4, 4, 4.64774)
Testing accuracy: 37.52
(0.66, 2, 5.159621)
Testing accuracy: 36.87
(0.66, 3, 5.528077)
Testing accuracy: 37.40
(0.66, 4, 6.945581)
Testing accuracy: 37.28
(1.0, 2, 11.424356)
Testing accuracy: 36.64

 78%|███████▊  | 784/1000 [2:39:55<1:08:15, 18.96s/it]********************************************************************************
Round 784
this epoch cost time:0.8370449542999268
this epoch choose: [39, 15, 97, 50, 85, 52, 53, 59, 17, 89]
this epoch dispatch models: [1 0 5 4 5 2 3 0 0 4]
this epoch received models: [np.int64(1), np.int64(0), np.int64(5), np.int64(4), np.int64(5), np.int64(2), np.int64(3), np.int64(0), np.int64(0), np.int64(4)]
hetero_proportion: 	4:3:3
(0.4, 2, 2.120985)
Testing accuracy: 38.93
(0.4, 3, 2.646356)
Testing accuracy: 37.69
(0.4, 4, 4.64774)
Testing accuracy: 37.54
(0.66, 2, 5.159621)
Testing accuracy: 36.97
(0.66, 3, 5.528077)
Testing accuracy: 37.19
(0.66, 4, 6.945581)
Testing accuracy: 37.22
(1.0, 2, 11.424356)
Testing accuracy: 36.65

 78%|███████▊  | 785/1000 [2:40:13<1:07:06, 18.73s/it]********************************************************************************
Round 785
this epoch cost time:0.9377596378326416
this epoch choose: [52, 10, 67, 72, 48, 49, 73, 31, 99, 38]
this epoch dispatch models: [4 1 4 6 1 5 2 1 3 2]
this epoch received models: [np.int64(4), np.int64(1), np.int64(4), np.int64(6), np.int64(1), np.int64(5), np.int64(2), np.int64(1), np.int64(3), np.int64(2)]
hetero_proportion: 	4:3:3
(0.4, 2, 2.120985)
Testing accuracy: 38.72
(0.4, 3, 2.646356)
Testing accuracy: 37.74
(0.4, 4, 4.64774)
Testing accuracy: 37.40
(0.66, 2, 5.159621)
Testing accuracy: 36.79
(0.66, 3, 5.528077)
Testing accuracy: 37.28
(0.66, 4, 6.945581)
Testing accuracy: 37.28
(1.0, 2, 11.424356)
Testing accuracy: 36.64

 79%|███████▊  | 786/1000 [2:40:32<1:06:24, 18.62s/it]********************************************************************************
Round 786
this epoch cost time:0.8519735336303711
this epoch choose: [32, 77, 65, 92, 73, 98, 70, 49, 15, 46]
this epoch dispatch models: [1 2 0 1 2 6 4 0 2 3]
this epoch received models: [np.int64(1), np.int64(2), np.int64(0), np.int64(1), np.int64(2), np.int64(6), np.int64(4), np.int64(0), np.int64(2), np.int64(3)]
hetero_proportion: 	4:3:3
(0.4, 2, 2.120985)
Testing accuracy: 38.66
(0.4, 3, 2.646356)
Testing accuracy: 37.66
(0.4, 4, 4.64774)
Testing accuracy: 37.35
(0.66, 2, 5.159621)
Testing accuracy: 36.90
(0.66, 3, 5.528077)
Testing accuracy: 37.08
(0.66, 4, 6.945581)
Testing accuracy: 37.05
(1.0, 2, 11.424356)
Testing accuracy: 36.34

 79%|███████▊  | 787/1000 [2:40:51<1:06:15, 18.66s/it]********************************************************************************
Round 787
this epoch cost time:0.6899805068969727
this epoch choose: [84, 63, 58, 61, 82, 50, 96, 76, 88, 42]
this epoch dispatch models: [1 5 0 1 5 2 3 6 6 1]
this epoch received models: [np.int64(1), np.int64(5), np.int64(0), np.int64(1), np.int64(5), np.int64(2), np.int64(3), np.int64(6), np.int64(6), np.int64(1)]
hetero_proportion: 	4:3:3
(0.4, 2, 2.120985)
Testing accuracy: 38.85
(0.4, 3, 2.646356)
Testing accuracy: 37.44
(0.4, 4, 4.64774)
Testing accuracy: 37.29
(0.66, 2, 5.159621)
Testing accuracy: 36.83
(0.66, 3, 5.528077)
Testing accuracy: 36.99
(0.66, 4, 6.945581)
Testing accuracy: 37.14
(1.0, 2, 11.424356)
Testing accuracy: 36.42

 79%|███████▉  | 788/1000 [2:41:09<1:05:57, 18.67s/it]********************************************************************************
Round 788
this epoch cost time:0.9042932987213135
this epoch choose: [74, 80, 57, 41, 81, 52, 96, 78, 42, 99]
this epoch dispatch models: [6 2 4 1 0 3 5 4 3 4]
this epoch received models: [np.int64(6), np.int64(2), np.int64(4), np.int64(1), np.int64(0), np.int64(3), np.int64(5), np.int64(4), np.int64(3), np.int64(4)]
hetero_proportion: 	4:3:3
(0.4, 2, 2.120985)
Testing accuracy: 38.54
(0.4, 3, 2.646356)
Testing accuracy: 37.67
(0.4, 4, 4.64774)
Testing accuracy: 37.51
(0.66, 2, 5.159621)
Testing accuracy: 36.80
(0.66, 3, 5.528077)
Testing accuracy: 36.94
(0.66, 4, 6.945581)
Testing accuracy: 37.03
(1.0, 2, 11.424356)
Testing accuracy: 36.42

 79%|███████▉  | 789/1000 [2:41:29<1:06:34, 18.93s/it]********************************************************************************
Round 789
this epoch cost time:0.9244005680084229
this epoch choose: [84, 82, 57, 41, 91, 46, 80, 48, 26, 99]
this epoch dispatch models: [2 6 5 2 4 5 2 5 1 3]
this epoch received models: [np.int64(2), np.int64(6), np.int64(5), np.int64(2), np.int64(4), np.int64(5), np.int64(2), np.int64(5), np.int64(1), np.int64(3)]
hetero_proportion: 	4:3:3
(0.4, 2, 2.120985)
Testing accuracy: 38.69
(0.4, 3, 2.646356)
Testing accuracy: 37.56
(0.4, 4, 4.64774)
Testing accuracy: 37.49
(0.66, 2, 5.159621)
Testing accuracy: 36.78
(0.66, 3, 5.528077)
Testing accuracy: 37.03
(0.66, 4, 6.945581)
Testing accuracy: 37.15
(1.0, 2, 11.424356)
Testing accuracy: 36.40

 79%|███████▉  | 790/1000 [2:41:48<1:06:46, 19.08s/it]********************************************************************************
Round 790
this epoch cost time:0.9390125274658203
this epoch choose: [81, 70, 80, 41, 76, 42, 43, 85, 69, 48]
this epoch dispatch models: [6 5 1 2 3 5 5 3 3 5]
this epoch received models: [np.int64(6), np.int64(5), np.int64(1), np.int64(2), np.int64(3), np.int64(5), np.int64(5), np.int64(3), np.int64(3), np.int64(5)]
hetero_proportion: 	4:3:3
(0.4, 2, 2.120985)
Testing accuracy: 38.72
(0.4, 3, 2.646356)
Testing accuracy: 37.53
(0.4, 4, 4.64774)
Testing accuracy: 37.56
(0.66, 2, 5.159621)
Testing accuracy: 36.71
(0.66, 3, 5.528077)
Testing accuracy: 37.11
(0.66, 4, 6.945581)
Testing accuracy: 37.10
(1.0, 2, 11.424356)
Testing accuracy: 36.49

 79%|███████▉  | 791/1000 [2:42:08<1:07:43, 19.44s/it]********************************************************************************
Round 791
this epoch cost time:1.0287785530090332
this epoch choose: [69, 63, 72, 88, 27, 91, 97, 35, 32, 79]
this epoch dispatch models: [5 2 5 5 2 5 6 1 0 4]
this epoch received models: [np.int64(5), np.int64(2), np.int64(5), np.int64(5), np.int64(2), np.int64(5), np.int64(6), np.int64(1), np.int64(0), np.int64(4)]
hetero_proportion: 	4:3:3
(0.4, 2, 2.120985)
Testing accuracy: 38.60
(0.4, 3, 2.646356)
Testing accuracy: 37.73
(0.4, 4, 4.64774)
Testing accuracy: 37.52
(0.66, 2, 5.159621)
Testing accuracy: 36.95
(0.66, 3, 5.528077)
Testing accuracy: 37.11
(0.66, 4, 6.945581)
Testing accuracy: 37.10
(1.0, 2, 11.424356)
Testing accuracy: 36.57

 79%|███████▉  | 792/1000 [2:42:27<1:06:33, 19.20s/it]********************************************************************************
Round 792
this epoch cost time:1.051358938217163
this epoch choose: [19, 58, 47, 40, 54, 43, 80, 25, 97, 15]
this epoch dispatch models: [1 3 3 2 5 1 6 1 1 1]
this epoch received models: [np.int64(1), np.int64(3), np.int64(3), np.int64(2), np.int64(5), np.int64(1), np.int64(6), np.int64(1), np.int64(1), np.int64(1)]
hetero_proportion: 	4:3:3
(0.4, 2, 2.120985)
Testing accuracy: 38.54
(0.4, 3, 2.646356)
Testing accuracy: 37.80
(0.4, 4, 4.64774)
Testing accuracy: 37.40
(0.66, 2, 5.159621)
Testing accuracy: 37.04
(0.66, 3, 5.528077)
Testing accuracy: 37.15
(0.66, 4, 6.945581)
Testing accuracy: 37.25
(1.0, 2, 11.424356)
Testing accuracy: 36.46

 79%|███████▉  | 793/1000 [2:42:46<1:06:02, 19.14s/it]********************************************************************************
Round 793
this epoch cost time:0.9506993293762207
this epoch choose: [94, 53, 27, 53, 89, 48, 65, 96, 74, 45]
this epoch dispatch models: [5 2 1 2 3 4 1 6 4 4]
this epoch received models: [np.int64(5), np.int64(2), np.int64(1), np.int64(2), np.int64(3), np.int64(4), np.int64(1), np.int64(6), np.int64(4), np.int64(4)]
hetero_proportion: 	4:3:3
(0.4, 2, 2.120985)
Testing accuracy: 38.61
(0.4, 3, 2.646356)
Testing accuracy: 37.80
(0.4, 4, 4.64774)
Testing accuracy: 37.30
(0.66, 2, 5.159621)
Testing accuracy: 37.02
(0.66, 3, 5.528077)
Testing accuracy: 37.16
(0.66, 4, 6.945581)
Testing accuracy: 37.13
(1.0, 2, 11.424356)
Testing accuracy: 36.53

 79%|███████▉  | 794/1000 [2:43:04<1:04:48, 18.88s/it]********************************************************************************
Round 794
this epoch cost time:0.9274592399597168
this epoch choose: [96, 49, 70, 49, 17, 65, 62, 79, 97, 73]
this epoch dispatch models: [5 1 6 2 1 4 3 5 1 3]
this epoch received models: [np.int64(5), np.int64(1), np.int64(6), np.int64(2), np.int64(1), np.int64(4), np.int64(3), np.int64(5), np.int64(1), np.int64(3)]
hetero_proportion: 	4:3:3
(0.4, 2, 2.120985)
Testing accuracy: 38.50
(0.4, 3, 2.646356)
Testing accuracy: 37.86
(0.4, 4, 4.64774)
Testing accuracy: 37.28
(0.66, 2, 5.159621)
Testing accuracy: 37.00
(0.66, 3, 5.528077)
Testing accuracy: 36.98
(0.66, 4, 6.945581)
Testing accuracy: 37.23
(1.0, 2, 11.424356)
Testing accuracy: 36.53

 80%|███████▉  | 795/1000 [2:43:23<1:04:29, 18.88s/it]********************************************************************************
Round 795
this epoch cost time:0.7685990333557129
this epoch choose: [50, 78, 18, 93, 84, 11, 88, 91, 66, 77]
this epoch dispatch models: [1 5 1 1 2 1 4 6 0 6]
this epoch received models: [np.int64(1), np.int64(5), np.int64(1), np.int64(1), np.int64(2), np.int64(1), np.int64(4), np.int64(6), np.int64(0), np.int64(6)]
hetero_proportion: 	4:3:3
(0.4, 2, 2.120985)
Testing accuracy: 38.56
(0.4, 3, 2.646356)
Testing accuracy: 37.61
(0.4, 4, 4.64774)
Testing accuracy: 37.23
(0.66, 2, 5.159621)
Testing accuracy: 36.80
(0.66, 3, 5.528077)
Testing accuracy: 37.00
(0.66, 4, 6.945581)
Testing accuracy: 37.21
(1.0, 2, 11.424356)
Testing accuracy: 36.51

 80%|███████▉  | 796/1000 [2:43:41<1:03:16, 18.61s/it]********************************************************************************
Round 796
this epoch cost time:0.9729466438293457
this epoch choose: [88, 52, 85, 70, 48, 89, 91, 40, 78, 71]
this epoch dispatch models: [5 4 6 4 2 4 1 0 6 0]
this epoch received models: [np.int64(5), np.int64(4), np.int64(6), np.int64(4), np.int64(2), np.int64(4), np.int64(1), np.int64(0), np.int64(6), np.int64(0)]
hetero_proportion: 	4:3:3
(0.4, 2, 2.120985)
Testing accuracy: 38.48
(0.4, 3, 2.646356)
Testing accuracy: 37.68
(0.4, 4, 4.64774)
Testing accuracy: 37.28
(0.66, 2, 5.159621)
Testing accuracy: 36.76
(0.66, 3, 5.528077)
Testing accuracy: 37.05
(0.66, 4, 6.945581)
Testing accuracy: 37.23
(1.0, 2, 11.424356)
Testing accuracy: 36.67

 80%|███████▉  | 797/1000 [2:44:00<1:02:55, 18.60s/it]********************************************************************************
Round 797
this epoch cost time:0.828930139541626
this epoch choose: [1, 73, 94, 67, 89, 94, 98, 93, 56, 41]
this epoch dispatch models: [1 5 6 1 0 1 5 2 5 4]
this epoch received models: [np.int64(1), np.int64(5), np.int64(6), np.int64(1), np.int64(0), np.int64(1), np.int64(5), np.int64(2), np.int64(5), np.int64(4)]
hetero_proportion: 	4:3:3
(0.4, 2, 2.120985)
Testing accuracy: 38.53
(0.4, 3, 2.646356)
Testing accuracy: 37.65
(0.4, 4, 4.64774)
Testing accuracy: 37.39
(0.66, 2, 5.159621)
Testing accuracy: 36.71
(0.66, 3, 5.528077)
Testing accuracy: 36.91
(0.66, 4, 6.945581)
Testing accuracy: 37.21
(1.0, 2, 11.424356)
Testing accuracy: 36.55

 80%|███████▉  | 798/1000 [2:44:17<1:01:29, 18.26s/it]********************************************************************************
Round 798
this epoch cost time:0.9527914524078369
this epoch choose: [82, 87, 73, 65, 49, 50, 89, 33, 46, 83]
this epoch dispatch models: [6 5 4 5 5 4 6 1 5 6]
this epoch received models: [np.int64(6), np.int64(5), np.int64(4), np.int64(5), np.int64(5), np.int64(4), np.int64(6), np.int64(1), np.int64(5), np.int64(6)]
hetero_proportion: 	4:3:3
(0.4, 2, 2.120985)
Testing accuracy: 38.69
(0.4, 3, 2.646356)
Testing accuracy: 37.73
(0.4, 4, 4.64774)
Testing accuracy: 37.40
(0.66, 2, 5.159621)
Testing accuracy: 36.80
(0.66, 3, 5.528077)
Testing accuracy: 36.95
(0.66, 4, 6.945581)
Testing accuracy: 37.19
(1.0, 2, 11.424356)
Testing accuracy: 36.49

 80%|███████▉  | 799/1000 [2:44:36<1:01:30, 18.36s/it]********************************************************************************
Round 799
this epoch cost time:0.8407070636749268
this epoch choose: [14, 90, 61, 65, 99, 6, 71, 10, 88, 45]
this epoch dispatch models: [1 2 1 5 6 1 4 1 6 5]
this epoch received models: [np.int64(1), np.int64(2), np.int64(1), np.int64(5), np.int64(6), np.int64(1), np.int64(4), np.int64(1), np.int64(6), np.int64(5)]
hetero_proportion: 	4:3:3
(0.4, 2, 2.120985)
Testing accuracy: 38.48
(0.4, 3, 2.646356)
Testing accuracy: 37.46
(0.4, 4, 4.64774)
Testing accuracy: 37.33
(0.66, 2, 5.159621)
Testing accuracy: 36.84
(0.66, 3, 5.528077)
Testing accuracy: 37.07
(0.66, 4, 6.945581)
Testing accuracy: 37.30
(1.0, 2, 11.424356)
Testing accuracy: 36.42

 80%|████████  | 800/1000 [2:44:54<1:01:11, 18.36s/it]********************************************************************************
Round 800
this epoch cost time:1.0203635692596436
this epoch choose: [54, 43, 49, 78, 83, 82, 93, 94, 43, 93]
this epoch dispatch models: [3 1 0 2 3 3 4 3 2 3]
this epoch received models: [np.int64(3), np.int64(1), np.int64(0), np.int64(2), np.int64(3), np.int64(3), np.int64(4), np.int64(3), np.int64(2), np.int64(3)]
hetero_proportion: 	4:3:3
(0.4, 2, 2.120985)
Testing accuracy: 38.27
(0.4, 3, 2.646356)
Testing accuracy: 37.33
(0.4, 4, 4.64774)
Testing accuracy: 37.28
(0.66, 2, 5.159621)
Testing accuracy: 36.83
(0.66, 3, 5.528077)
Testing accuracy: 37.14
(0.66, 4, 6.945581)
Testing accuracy: 37.13
(1.0, 2, 11.424356)
Testing accuracy: 36.44

 80%|████████  | 801/1000 [2:45:12<1:00:13, 18.16s/it]********************************************************************************
Round 801
this epoch cost time:0.691291093826294
this epoch choose: [45, 85, 82, 96, 99, 99, 78, 77, 52, 17]
this epoch dispatch models: [2 4 3 0 5 5 6 6 0 1]
this epoch received models: [np.int64(2), np.int64(4), np.int64(3), np.int64(0), np.int64(5), np.int64(5), np.int64(6), np.int64(6), np.int64(0), np.int64(1)]
hetero_proportion: 	4:3:3
(0.4, 2, 2.120985)
Testing accuracy: 38.56
(0.4, 3, 2.646356)
Testing accuracy: 37.55
(0.4, 4, 4.64774)
Testing accuracy: 37.45
(0.66, 2, 5.159621)
Testing accuracy: 36.94
(0.66, 3, 5.528077)
Testing accuracy: 37.12
(0.66, 4, 6.945581)
Testing accuracy: 37.24
(1.0, 2, 11.424356)
Testing accuracy: 36.74

 80%|████████  | 802/1000 [2:45:29<59:11, 17.94s/it]  ********************************************************************************
Round 802
this epoch cost time:0.7808070182800293
this epoch choose: [88, 77, 87, 51, 79, 86, 5, 55, 24, 76]
this epoch dispatch models: [3 6 0 1 3 4 0 3 2 3]
this epoch received models: [np.int64(3), np.int64(6), np.int64(0), np.int64(1), np.int64(3), np.int64(4), np.int64(0), np.int64(3), np.int64(2), np.int64(3)]
hetero_proportion: 	4:3:3
(0.4, 2, 2.120985)
Testing accuracy: 38.48
(0.4, 3, 2.646356)
Testing accuracy: 37.44
(0.4, 4, 4.64774)
Testing accuracy: 37.27
(0.66, 2, 5.159621)
Testing accuracy: 36.65
(0.66, 3, 5.528077)
Testing accuracy: 37.15
(0.66, 4, 6.945581)
Testing accuracy: 37.19
(1.0, 2, 11.424356)
Testing accuracy: 36.60

 80%|████████  | 803/1000 [2:45:48<59:14, 18.04s/it]********************************************************************************
Round 803
this epoch cost time:0.8790283203125
this epoch choose: [18, 72, 43, 75, 73, 97, 89, 26, 66, 43]
this epoch dispatch models: [2 0 2 6 6 3 3 2 5 5]
this epoch received models: [np.int64(2), np.int64(0), np.int64(2), np.int64(6), np.int64(6), np.int64(3), np.int64(3), np.int64(2), np.int64(5), np.int64(5)]
hetero_proportion: 	4:3:3
(0.4, 2, 2.120985)
Testing accuracy: 38.52
(0.4, 3, 2.646356)
Testing accuracy: 37.41
(0.4, 4, 4.64774)
Testing accuracy: 37.32
(0.66, 2, 5.159621)
Testing accuracy: 36.71
(0.66, 3, 5.528077)
Testing accuracy: 37.24
(0.66, 4, 6.945581)
Testing accuracy: 37.22
(1.0, 2, 11.424356)
Testing accuracy: 36.53

 80%|████████  | 804/1000 [2:46:06<58:50, 18.01s/it]********************************************************************************
Round 804
this epoch cost time:0.7526216506958008
this epoch choose: [65, 42, 95, 87, 96, 85, 63, 62, 91, 90]
this epoch dispatch models: [0 1 4 6 1 5 3 5 6 0]
this epoch received models: [np.int64(0), np.int64(1), np.int64(4), np.int64(6), np.int64(1), np.int64(5), np.int64(3), np.int64(5), np.int64(6), np.int64(0)]
hetero_proportion: 	4:3:3
(0.4, 2, 2.120985)
Testing accuracy: 38.47
(0.4, 3, 2.646356)
Testing accuracy: 37.44
(0.4, 4, 4.64774)
Testing accuracy: 37.35
(0.66, 2, 5.159621)
Testing accuracy: 36.42
(0.66, 3, 5.528077)
Testing accuracy: 37.06
(0.66, 4, 6.945581)
Testing accuracy: 37.14
(1.0, 2, 11.424356)
Testing accuracy: 36.55

 80%|████████  | 805/1000 [2:46:24<59:01, 18.16s/it]********************************************************************************
Round 805
this epoch cost time:0.8402867317199707
this epoch choose: [67, 98, 54, 44, 99, 48, 9, 54, 98, 94]
this epoch dispatch models: [3 5 5 1 1 2 1 3 5 3]
this epoch received models: [np.int64(3), np.int64(5), np.int64(5), np.int64(1), np.int64(1), np.int64(2), np.int64(1), np.int64(3), np.int64(5), np.int64(3)]
hetero_proportion: 	4:3:3
(0.4, 2, 2.120985)
Testing accuracy: 38.67
(0.4, 3, 2.646356)
Testing accuracy: 37.66
(0.4, 4, 4.64774)
Testing accuracy: 37.47
(0.66, 2, 5.159621)
Testing accuracy: 36.58
(0.66, 3, 5.528077)
Testing accuracy: 37.07
(0.66, 4, 6.945581)
Testing accuracy: 37.27
(1.0, 2, 11.424356)
Testing accuracy: 36.35

 81%|████████  | 806/1000 [2:46:43<59:09, 18.29s/it]********************************************************************************
Round 806
this epoch cost time:0.8277900218963623
this epoch choose: [59, 16, 45, 90, 63, 11, 59, 65, 91, 66]
this epoch dispatch models: [2 2 2 6 3 2 1 2 3 5]
this epoch received models: [np.int64(2), np.int64(2), np.int64(2), np.int64(6), np.int64(3), np.int64(2), np.int64(1), np.int64(2), np.int64(3), np.int64(5)]
hetero_proportion: 	4:3:3
(0.4, 2, 2.120985)
Testing accuracy: 38.63
(0.4, 3, 2.646356)
Testing accuracy: 37.65
(0.4, 4, 4.64774)
Testing accuracy: 37.47
(0.66, 2, 5.159621)
Testing accuracy: 36.67
(0.66, 3, 5.528077)
Testing accuracy: 36.95
(0.66, 4, 6.945581)
Testing accuracy: 37.30
(1.0, 2, 11.424356)
Testing accuracy: 36.49

 81%|████████  | 807/1000 [2:47:01<59:09, 18.39s/it]********************************************************************************
Round 807
this epoch cost time:0.9248931407928467
this epoch choose: [48, 89, 33, 9, 58, 59, 85, 49, 56, 90]
this epoch dispatch models: [2 4 2 2 2 0 1 3 4 2]
this epoch received models: [np.int64(2), np.int64(4), np.int64(2), np.int64(2), np.int64(2), np.int64(0), np.int64(1), np.int64(3), np.int64(4), np.int64(2)]
hetero_proportion: 	4:3:3
(0.4, 2, 2.120985)
Testing accuracy: 38.42
(0.4, 3, 2.646356)
Testing accuracy: 37.48
(0.4, 4, 4.64774)
Testing accuracy: 37.44
(0.66, 2, 5.159621)
Testing accuracy: 36.57
(0.66, 3, 5.528077)
Testing accuracy: 37.04
(0.66, 4, 6.945581)
Testing accuracy: 37.24
(1.0, 2, 11.424356)
Testing accuracy: 36.49

 81%|████████  | 808/1000 [2:47:20<59:12, 18.50s/it]********************************************************************************
Round 808
this epoch cost time:0.9345507621765137
this epoch choose: [88, 99, 70, 67, 63, 67, 30, 97, 44, 85]
this epoch dispatch models: [2 6 6 0 5 3 2 6 0 4]
this epoch received models: [np.int64(2), np.int64(6), np.int64(6), np.int64(0), np.int64(5), np.int64(3), np.int64(2), np.int64(6), np.int64(0), np.int64(4)]
hetero_proportion: 	4:3:3
(0.4, 2, 2.120985)
Testing accuracy: 38.40
(0.4, 3, 2.646356)
Testing accuracy: 37.67
(0.4, 4, 4.64774)
Testing accuracy: 37.39
(0.66, 2, 5.159621)
Testing accuracy: 36.82
(0.66, 3, 5.528077)
Testing accuracy: 37.07
(0.66, 4, 6.945581)
Testing accuracy: 37.22
(1.0, 2, 11.424356)
Testing accuracy: 36.55

 81%|████████  | 809/1000 [2:47:39<59:10, 18.59s/it]********************************************************************************
Round 809
this epoch cost time:0.9629998207092285
this epoch choose: [69, 42, 68, 66, 88, 40, 18, 91, 91, 94]
this epoch dispatch models: [5 1 3 1 4 3 0 5 1 6]
this epoch received models: [np.int64(5), np.int64(1), np.int64(3), np.int64(1), np.int64(4), np.int64(3), np.int64(0), np.int64(5), np.int64(1), np.int64(6)]
hetero_proportion: 	4:3:3
(0.4, 2, 2.120985)
Testing accuracy: 38.51
(0.4, 3, 2.646356)
Testing accuracy: 37.63
(0.4, 4, 4.64774)
Testing accuracy: 37.47
(0.66, 2, 5.159621)
Testing accuracy: 36.84
(0.66, 3, 5.528077)
Testing accuracy: 36.87
(0.66, 4, 6.945581)
Testing accuracy: 37.28
(1.0, 2, 11.424356)
Testing accuracy: 36.60

 81%|████████  | 810/1000 [2:47:58<59:16, 18.72s/it]********************************************************************************
Round 810
this epoch cost time:0.7954869270324707
this epoch choose: [30, 88, 12, 28, 57, 46, 28, 72, 23, 56]
this epoch dispatch models: [1 1 0 2 4 2 1 1 0 1]
this epoch received models: [np.int64(1), np.int64(1), np.int64(0), np.int64(2), np.int64(4), np.int64(2), np.int64(1), np.int64(1), np.int64(0), np.int64(1)]
hetero_proportion: 	4:3:3
(0.4, 2, 2.120985)
Testing accuracy: 38.42
(0.4, 3, 2.646356)
Testing accuracy: 37.52
(0.4, 4, 4.64774)
Testing accuracy: 37.18
(0.66, 2, 5.159621)
Testing accuracy: 36.70
(0.66, 3, 5.528077)
Testing accuracy: 36.83
(0.66, 4, 6.945581)
Testing accuracy: 37.00
(1.0, 2, 11.424356)
Testing accuracy: 36.45

 81%|████████  | 811/1000 [2:48:17<59:03, 18.75s/it]********************************************************************************
Round 811
this epoch cost time:0.8566360473632812
this epoch choose: [45, 63, 93, 84, 42, 89, 85, 23, 49, 68]
this epoch dispatch models: [2 4 5 4 4 2 0 2 1 0]
this epoch received models: [np.int64(2), np.int64(4), np.int64(5), np.int64(4), np.int64(4), np.int64(2), np.int64(0), np.int64(2), np.int64(1), np.int64(0)]
hetero_proportion: 	4:3:3
(0.4, 2, 2.120985)
Testing accuracy: 38.44
(0.4, 3, 2.646356)
Testing accuracy: 37.45
(0.4, 4, 4.64774)
Testing accuracy: 37.04
(0.66, 2, 5.159621)
Testing accuracy: 36.82
(0.66, 3, 5.528077)
Testing accuracy: 36.94
(0.66, 4, 6.945581)
Testing accuracy: 36.97
(1.0, 2, 11.424356)
Testing accuracy: 36.59

 81%|████████  | 812/1000 [2:48:35<58:20, 18.62s/it]********************************************************************************
Round 812
this epoch cost time:0.7448916435241699
this epoch choose: [45, 44, 82, 96, 70, 99, 76, 52, 59, 72]
this epoch dispatch models: [0 0 4 6 0 5 5 0 5 5]
this epoch received models: [np.int64(0), np.int64(0), np.int64(4), np.int64(6), np.int64(0), np.int64(5), np.int64(5), np.int64(0), np.int64(5), np.int64(5)]
hetero_proportion: 	4:3:3
(0.4, 2, 2.120985)
Testing accuracy: 38.47
(0.4, 3, 2.646356)
Testing accuracy: 37.48
(0.4, 4, 4.64774)
Testing accuracy: 37.26
(0.66, 2, 5.159621)
Testing accuracy: 36.74
(0.66, 3, 5.528077)
Testing accuracy: 36.77
(0.66, 4, 6.945581)
Testing accuracy: 36.98
(1.0, 2, 11.424356)
Testing accuracy: 36.76

 81%|████████▏ | 813/1000 [2:48:54<58:00, 18.61s/it]********************************************************************************
Round 813
this epoch cost time:0.791374683380127
this epoch choose: [56, 58, 10, 6, 13, 87, 78, 87, 59, 98]
this epoch dispatch models: [4 2 2 0 2 6 6 5 3 5]
this epoch received models: [np.int64(4), np.int64(2), np.int64(2), np.int64(0), np.int64(2), np.int64(6), np.int64(6), np.int64(5), np.int64(3), np.int64(5)]
hetero_proportion: 	4:3:3
(0.4, 2, 2.120985)
Testing accuracy: 38.49
(0.4, 3, 2.646356)
Testing accuracy: 37.50
(0.4, 4, 4.64774)
Testing accuracy: 37.36
(0.66, 2, 5.159621)
Testing accuracy: 37.03
(0.66, 3, 5.528077)
Testing accuracy: 36.89
(0.66, 4, 6.945581)
Testing accuracy: 37.03
(1.0, 2, 11.424356)
Testing accuracy: 36.69

 81%|████████▏ | 814/1000 [2:49:12<57:27, 18.54s/it]********************************************************************************
Round 814
this epoch cost time:0.8792662620544434
this epoch choose: [95, 27, 54, 75, 77, 90, 95, 25, 31, 35]
this epoch dispatch models: [6 2 2 4 4 3 3 0 2 0]
this epoch received models: [np.int64(6), np.int64(2), np.int64(2), np.int64(4), np.int64(4), np.int64(3), np.int64(3), np.int64(0), np.int64(2), np.int64(0)]
hetero_proportion: 	4:3:3
(0.4, 2, 2.120985)
Testing accuracy: 38.64
(0.4, 3, 2.646356)
Testing accuracy: 37.23
(0.4, 4, 4.64774)
Testing accuracy: 37.27
(0.66, 2, 5.159621)
Testing accuracy: 36.95
(0.66, 3, 5.528077)
Testing accuracy: 36.92
(0.66, 4, 6.945581)
Testing accuracy: 37.08
(1.0, 2, 11.424356)
Testing accuracy: 36.52

 82%|████████▏ | 815/1000 [2:49:30<57:03, 18.50s/it]********************************************************************************
Round 815
this epoch cost time:1.2256360054016113
this epoch choose: [11, 83, 50, 83, 64, 94, 58, 37, 77, 71]
this epoch dispatch models: [0 6 0 4 1 4 4 1 2 5]
this epoch received models: [np.int64(0), np.int64(6), np.int64(0), np.int64(4), np.int64(1), np.int64(4), np.int64(4), np.int64(1), np.int64(2), np.int64(5)]
hetero_proportion: 	4:3:3
(0.4, 2, 2.120985)
Testing accuracy: 38.85
(0.4, 3, 2.646356)
Testing accuracy: 37.47
(0.4, 4, 4.64774)
Testing accuracy: 37.41
(0.66, 2, 5.159621)
Testing accuracy: 36.98
(0.66, 3, 5.528077)
Testing accuracy: 37.28
(0.66, 4, 6.945581)
Testing accuracy: 37.05
(1.0, 2, 11.424356)
Testing accuracy: 36.55

 82%|████████▏ | 816/1000 [2:49:50<57:25, 18.72s/it]********************************************************************************
Round 816
this epoch cost time:0.907623291015625
this epoch choose: [92, 11, 52, 28, 84, 52, 85, 73, 72, 81]
this epoch dispatch models: [3 1 2 0 4 4 6 6 5 6]
this epoch received models: [np.int64(3), np.int64(1), np.int64(2), np.int64(0), np.int64(4), np.int64(4), np.int64(6), np.int64(6), np.int64(5), np.int64(6)]
hetero_proportion: 	4:3:3
(0.4, 2, 2.120985)
Testing accuracy: 38.71
(0.4, 3, 2.646356)
Testing accuracy: 37.39
(0.4, 4, 4.64774)
Testing accuracy: 37.57
(0.66, 2, 5.159621)
Testing accuracy: 36.96
(0.66, 3, 5.528077)
Testing accuracy: 37.22
(0.66, 4, 6.945581)
Testing accuracy: 36.99
(1.0, 2, 11.424356)
Testing accuracy: 36.56

 82%|████████▏ | 817/1000 [2:50:08<56:36, 18.56s/it]********************************************************************************
Round 817
this epoch cost time:0.7591631412506104
this epoch choose: [97, 72, 88, 97, 74, 45, 4, 45, 60, 55]
this epoch dispatch models: [6 2 3 6 3 3 1 4 4 5]
this epoch received models: [np.int64(6), np.int64(2), np.int64(3), np.int64(6), np.int64(3), np.int64(3), np.int64(1), np.int64(4), np.int64(4), np.int64(5)]
hetero_proportion: 	4:3:3
(0.4, 2, 2.120985)
Testing accuracy: 38.69
(0.4, 3, 2.646356)
Testing accuracy: 37.62
(0.4, 4, 4.64774)
Testing accuracy: 37.48
(0.66, 2, 5.159621)
Testing accuracy: 36.94
(0.66, 3, 5.528077)
Testing accuracy: 37.20
(0.66, 4, 6.945581)
Testing accuracy: 37.03
(1.0, 2, 11.424356)
Testing accuracy: 36.54

 82%|████████▏ | 818/1000 [2:50:27<56:39, 18.68s/it]********************************************************************************
Round 818
this epoch cost time:0.912388801574707
this epoch choose: [56, 45, 24, 98, 4, 68, 48, 10, 91, 70]
this epoch dispatch models: [2 3 2 6 1 3 3 1 6 4]
this epoch received models: [np.int64(2), np.int64(3), np.int64(2), np.int64(6), np.int64(1), np.int64(3), np.int64(3), np.int64(1), np.int64(6), np.int64(4)]
hetero_proportion: 	4:3:3
(0.4, 2, 2.120985)
Testing accuracy: 38.53
(0.4, 3, 2.646356)
Testing accuracy: 37.52
(0.4, 4, 4.64774)
Testing accuracy: 37.42
(0.66, 2, 5.159621)
Testing accuracy: 37.07
(0.66, 3, 5.528077)
Testing accuracy: 37.11
(0.66, 4, 6.945581)
Testing accuracy: 36.88
(1.0, 2, 11.424356)
Testing accuracy: 36.38

 82%|████████▏ | 819/1000 [2:50:46<56:43, 18.81s/it]********************************************************************************
Round 819
this epoch cost time:1.0412514209747314
this epoch choose: [44, 90, 98, 43, 18, 63, 48, 84, 71, 83]
this epoch dispatch models: [3 4 6 4 2 1 5 5 3 6]
this epoch received models: [np.int64(3), np.int64(4), np.int64(6), np.int64(4), np.int64(2), np.int64(1), np.int64(5), np.int64(5), np.int64(3), np.int64(6)]
hetero_proportion: 	4:3:3
(0.4, 2, 2.120985)
Testing accuracy: 38.54
(0.4, 3, 2.646356)
Testing accuracy: 37.47
(0.4, 4, 4.64774)
Testing accuracy: 37.46
(0.66, 2, 5.159621)
Testing accuracy: 36.97
(0.66, 3, 5.528077)
Testing accuracy: 37.08
(0.66, 4, 6.945581)
Testing accuracy: 36.86
(1.0, 2, 11.424356)
Testing accuracy: 36.30

 82%|████████▏ | 820/1000 [2:51:05<56:15, 18.75s/it]********************************************************************************
Round 820
this epoch cost time:0.8326988220214844
this epoch choose: [85, 58, 70, 78, 32, 74, 81, 15, 76, 11]
this epoch dispatch models: [6 4 6 4 0 4 0 1 2 2]
this epoch received models: [np.int64(6), np.int64(4), np.int64(6), np.int64(4), np.int64(0), np.int64(4), np.int64(0), np.int64(1), np.int64(2), np.int64(2)]
hetero_proportion: 	4:3:3
(0.4, 2, 2.120985)
Testing accuracy: 38.60
(0.4, 3, 2.646356)
Testing accuracy: 37.22
(0.4, 4, 4.64774)
Testing accuracy: 37.51
(0.66, 2, 5.159621)
Testing accuracy: 36.78
(0.66, 3, 5.528077)
Testing accuracy: 37.10
(0.66, 4, 6.945581)
Testing accuracy: 36.76
(1.0, 2, 11.424356)
Testing accuracy: 36.42

 82%|████████▏ | 821/1000 [2:51:24<56:18, 18.87s/it]********************************************************************************
Round 821
this epoch cost time:0.8514494895935059
this epoch choose: [80, 74, 75, 99, 79, 63, 4, 29, 74, 91]
this epoch dispatch models: [0 4 3 6 1 4 2 0 5 6]
this epoch received models: [np.int64(0), np.int64(4), np.int64(3), np.int64(6), np.int64(1), np.int64(4), np.int64(2), np.int64(0), np.int64(5), np.int64(6)]
hetero_proportion: 	4:3:3
(0.4, 2, 2.120985)
Testing accuracy: 38.49
(0.4, 3, 2.646356)
Testing accuracy: 37.33
(0.4, 4, 4.64774)
Testing accuracy: 37.50
(0.66, 2, 5.159621)
Testing accuracy: 36.87
(0.66, 3, 5.528077)
Testing accuracy: 36.99
(0.66, 4, 6.945581)
Testing accuracy: 36.72
(1.0, 2, 11.424356)
Testing accuracy: 36.53

 82%|████████▏ | 822/1000 [2:51:43<56:16, 18.97s/it]********************************************************************************
Round 822
this epoch cost time:0.812222957611084
this epoch choose: [87, 19, 94, 2, 96, 48, 71, 16, 42, 82]
this epoch dispatch models: [6 1 3 1 2 1 6 0 1 3]
this epoch received models: [np.int64(6), np.int64(1), np.int64(3), np.int64(1), np.int64(2), np.int64(1), np.int64(6), np.int64(0), np.int64(1), np.int64(3)]
hetero_proportion: 	4:3:3
(0.4, 2, 2.120985)
Testing accuracy: 38.88
(0.4, 3, 2.646356)
Testing accuracy: 37.36
(0.4, 4, 4.64774)
Testing accuracy: 37.38
(0.66, 2, 5.159621)
Testing accuracy: 37.00
(0.66, 3, 5.528077)
Testing accuracy: 37.16
(0.66, 4, 6.945581)
Testing accuracy: 36.93
(1.0, 2, 11.424356)
Testing accuracy: 36.48

 82%|████████▏ | 823/1000 [2:52:01<55:26, 18.79s/it]********************************************************************************
Round 823
this epoch cost time:0.7456097602844238
this epoch choose: [82, 71, 9, 89, 89, 68, 59, 60, 76, 54]
this epoch dispatch models: [6 1 2 6 5 3 3 3 6 1]
this epoch received models: [np.int64(6), np.int64(1), np.int64(2), np.int64(6), np.int64(5), np.int64(3), np.int64(3), np.int64(3), np.int64(6), np.int64(1)]
hetero_proportion: 	4:3:3
(0.4, 2, 2.120985)
Testing accuracy: 38.90
(0.4, 3, 2.646356)
Testing accuracy: 37.56
(0.4, 4, 4.64774)
Testing accuracy: 37.54
(0.66, 2, 5.159621)
Testing accuracy: 36.99
(0.66, 3, 5.528077)
Testing accuracy: 37.12
(0.66, 4, 6.945581)
Testing accuracy: 36.98
(1.0, 2, 11.424356)
Testing accuracy: 36.52

 82%|████████▏ | 824/1000 [2:52:20<54:52, 18.71s/it]********************************************************************************
Round 824
this epoch cost time:1.0271351337432861
this epoch choose: [61, 44, 64, 99, 88, 97, 78, 0, 83, 82]
this epoch dispatch models: [2 4 3 6 3 5 6 1 2 4]
this epoch received models: [np.int64(2), np.int64(4), np.int64(3), np.int64(6), np.int64(3), np.int64(5), np.int64(6), np.int64(1), np.int64(2), np.int64(4)]
hetero_proportion: 	4:3:3
(0.4, 2, 2.120985)
Testing accuracy: 38.84
(0.4, 3, 2.646356)
Testing accuracy: 37.46
(0.4, 4, 4.64774)
Testing accuracy: 37.60
(0.66, 2, 5.159621)
Testing accuracy: 37.02
(0.66, 3, 5.528077)
Testing accuracy: 37.14
(0.66, 4, 6.945581)
Testing accuracy: 36.95
(1.0, 2, 11.424356)
Testing accuracy: 36.44

 82%|████████▎ | 825/1000 [2:52:38<54:34, 18.71s/it]********************************************************************************
Round 825
this epoch cost time:0.8712561130523682
this epoch choose: [80, 13, 38, 93, 28, 72, 73, 64, 40, 65]
this epoch dispatch models: [0 1 0 2 0 1 2 4 3 5]
this epoch received models: [np.int64(0), np.int64(1), np.int64(0), np.int64(2), np.int64(0), np.int64(1), np.int64(2), np.int64(4), np.int64(3), np.int64(5)]
hetero_proportion: 	4:3:3
(0.4, 2, 2.120985)
Testing accuracy: 38.52
(0.4, 3, 2.646356)
Testing accuracy: 37.28
(0.4, 4, 4.64774)
Testing accuracy: 37.26
(0.66, 2, 5.159621)
Testing accuracy: 36.79
(0.66, 3, 5.528077)
Testing accuracy: 37.07
(0.66, 4, 6.945581)
Testing accuracy: 36.85
(1.0, 2, 11.424356)
Testing accuracy: 36.58

 83%|████████▎ | 826/1000 [2:52:56<53:30, 18.45s/it]********************************************************************************
Round 826
this epoch cost time:1.0286996364593506
this epoch choose: [44, 83, 77, 11, 93, 31, 8, 53, 95, 94]
this epoch dispatch models: [5 1 4 1 4 0 0 1 4 5]
this epoch received models: [np.int64(5), np.int64(1), np.int64(4), np.int64(1), np.int64(4), np.int64(0), np.int64(0), np.int64(1), np.int64(4), np.int64(5)]
hetero_proportion: 	4:3:3
(0.4, 2, 2.120985)
Testing accuracy: 38.70
(0.4, 3, 2.646356)
Testing accuracy: 37.34
(0.4, 4, 4.64774)
Testing accuracy: 36.96
(0.66, 2, 5.159621)
Testing accuracy: 36.77
(0.66, 3, 5.528077)
Testing accuracy: 36.71
(0.66, 4, 6.945581)
Testing accuracy: 36.76
(1.0, 2, 11.424356)
Testing accuracy: 36.43

 83%|████████▎ | 827/1000 [2:53:15<53:20, 18.50s/it]********************************************************************************
Round 827
this epoch cost time:0.8193600177764893
this epoch choose: [67, 68, 70, 39, 64, 94, 4, 18, 85, 85]
this epoch dispatch models: [2 5 2 0 0 6 1 2 6 6]
this epoch received models: [np.int64(2), np.int64(5), np.int64(2), np.int64(0), np.int64(0), np.int64(6), np.int64(1), np.int64(2), np.int64(6), np.int64(6)]
hetero_proportion: 	4:3:3
(0.4, 2, 2.120985)
Testing accuracy: 38.56
(0.4, 3, 2.646356)
Testing accuracy: 37.38
(0.4, 4, 4.64774)
Testing accuracy: 37.04
(0.66, 2, 5.159621)
Testing accuracy: 36.76
(0.66, 3, 5.528077)
Testing accuracy: 36.76
(0.66, 4, 6.945581)
Testing accuracy: 36.77
(1.0, 2, 11.424356)
Testing accuracy: 36.42

 83%|████████▎ | 828/1000 [2:53:34<53:06, 18.53s/it]********************************************************************************
Round 828
this epoch cost time:0.8406927585601807
this epoch choose: [79, 63, 49, 75, 14, 76, 34, 74, 95, 40]
this epoch dispatch models: [3 4 4 3 0 6 1 5 6 5]
this epoch received models: [np.int64(3), np.int64(4), np.int64(4), np.int64(3), np.int64(0), np.int64(6), np.int64(1), np.int64(5), np.int64(6), np.int64(5)]
hetero_proportion: 	4:3:3
(0.4, 2, 2.120985)
Testing accuracy: 38.50
(0.4, 3, 2.646356)
Testing accuracy: 37.17
(0.4, 4, 4.64774)
Testing accuracy: 37.01
(0.66, 2, 5.159621)
Testing accuracy: 36.68
(0.66, 3, 5.528077)
Testing accuracy: 36.86
(0.66, 4, 6.945581)
Testing accuracy: 36.72
(1.0, 2, 11.424356)
Testing accuracy: 36.38

 83%|████████▎ | 829/1000 [2:53:53<53:32, 18.78s/it]********************************************************************************
Round 829
this epoch cost time:0.9015958309173584
this epoch choose: [71, 80, 82, 77, 68, 18, 49, 60, 51, 68]
this epoch dispatch models: [4 3 4 4 5 0 4 4 0 5]
this epoch received models: [np.int64(4), np.int64(3), np.int64(4), np.int64(4), np.int64(5), np.int64(0), np.int64(4), np.int64(4), np.int64(0), np.int64(5)]
hetero_proportion: 	4:3:3
(0.4, 2, 2.120985)
Testing accuracy: 38.44
(0.4, 3, 2.646356)
Testing accuracy: 37.32
(0.4, 4, 4.64774)
Testing accuracy: 37.16
(0.66, 2, 5.159621)
Testing accuracy: 36.73
(0.66, 3, 5.528077)
Testing accuracy: 36.98
(0.66, 4, 6.945581)
Testing accuracy: 36.67
(1.0, 2, 11.424356)
Testing accuracy: 36.31

 83%|████████▎ | 830/1000 [2:54:12<53:24, 18.85s/it]********************************************************************************
Round 830
this epoch cost time:0.9567399024963379
this epoch choose: [34, 93, 78, 69, 77, 47, 90, 97, 82, 98]
this epoch dispatch models: [2 3 5 4 3 1 0 4 6 0]
this epoch received models: [np.int64(2), np.int64(3), np.int64(5), np.int64(4), np.int64(3), np.int64(1), np.int64(0), np.int64(4), np.int64(6), np.int64(0)]
hetero_proportion: 	4:3:3
(0.4, 2, 2.120985)
Testing accuracy: 38.49
(0.4, 3, 2.646356)
Testing accuracy: 37.27
(0.4, 4, 4.64774)
Testing accuracy: 37.19
(0.66, 2, 5.159621)
Testing accuracy: 36.76
(0.66, 3, 5.528077)
Testing accuracy: 37.02
(0.66, 4, 6.945581)
Testing accuracy: 36.95
(1.0, 2, 11.424356)
Testing accuracy: 36.34

 83%|████████▎ | 831/1000 [2:54:30<52:14, 18.55s/it]********************************************************************************
Round 831
this epoch cost time:0.8846685886383057
this epoch choose: [86, 79, 76, 45, 70, 53, 70, 54, 55, 78]
this epoch dispatch models: [0 2 5 4 6 3 2 4 4 0]
this epoch received models: [np.int64(0), np.int64(2), np.int64(5), np.int64(4), np.int64(6), np.int64(3), np.int64(2), np.int64(4), np.int64(4), np.int64(0)]
hetero_proportion: 	4:3:3
(0.4, 2, 2.120985)
Testing accuracy: 38.49
(0.4, 3, 2.646356)
Testing accuracy: 37.29
(0.4, 4, 4.64774)
Testing accuracy: 37.15
(0.66, 2, 5.159621)
Testing accuracy: 36.73
(0.66, 3, 5.528077)
Testing accuracy: 37.02
(0.66, 4, 6.945581)
Testing accuracy: 36.94
(1.0, 2, 11.424356)
Testing accuracy: 36.45

 83%|████████▎ | 832/1000 [2:54:49<52:53, 18.89s/it]********************************************************************************
Round 832
this epoch cost time:0.8397765159606934
this epoch choose: [91, 44, 67, 75, 88, 73, 45, 70, 94, 54]
this epoch dispatch models: [6 0 3 5 3 6 3 6 6 3]
this epoch received models: [np.int64(6), np.int64(0), np.int64(3), np.int64(5), np.int64(3), np.int64(6), np.int64(3), np.int64(6), np.int64(6), np.int64(3)]
hetero_proportion: 	4:3:3
(0.4, 2, 2.120985)
Testing accuracy: 38.53
(0.4, 3, 2.646356)
Testing accuracy: 37.19
(0.4, 4, 4.64774)
Testing accuracy: 37.37
(0.66, 2, 5.159621)
Testing accuracy: 36.87
(0.66, 3, 5.528077)
Testing accuracy: 37.12
(0.66, 4, 6.945581)
Testing accuracy: 37.08
(1.0, 2, 11.424356)
Testing accuracy: 36.53

 83%|████████▎ | 833/1000 [2:55:08<52:31, 18.87s/it]********************************************************************************
Round 833
this epoch cost time:0.9829583168029785
this epoch choose: [82, 80, 55, 92, 99, 52, 73, 75, 75, 10]
this epoch dispatch models: [2 6 4 1 4 5 5 6 4 2]
this epoch received models: [np.int64(2), np.int64(6), np.int64(4), np.int64(1), np.int64(4), np.int64(5), np.int64(5), np.int64(6), np.int64(4), np.int64(2)]
hetero_proportion: 	4:3:3
(0.4, 2, 2.120985)
Testing accuracy: 38.61
(0.4, 3, 2.646356)
Testing accuracy: 37.32
(0.4, 4, 4.64774)
Testing accuracy: 37.37
(0.66, 2, 5.159621)
Testing accuracy: 36.93
(0.66, 3, 5.528077)
Testing accuracy: 37.20
(0.66, 4, 6.945581)
Testing accuracy: 37.19
(1.0, 2, 11.424356)
Testing accuracy: 36.57

 83%|████████▎ | 834/1000 [2:55:28<52:56, 19.13s/it]********************************************************************************
Round 834
this epoch cost time:1.0122098922729492
this epoch choose: [72, 50, 43, 59, 81, 32, 77, 90, 83, 61]
this epoch dispatch models: [3 4 3 5 2 2 4 1 5 4]
this epoch received models: [np.int64(3), np.int64(4), np.int64(3), np.int64(5), np.int64(2), np.int64(2), np.int64(4), np.int64(1), np.int64(5), np.int64(4)]
hetero_proportion: 	4:3:3
(0.4, 2, 2.120985)
Testing accuracy: 38.72
(0.4, 3, 2.646356)
Testing accuracy: 37.29
(0.4, 4, 4.64774)
Testing accuracy: 37.38
(0.66, 2, 5.159621)
Testing accuracy: 36.94
(0.66, 3, 5.528077)
Testing accuracy: 37.16
(0.66, 4, 6.945581)
Testing accuracy: 37.26
(1.0, 2, 11.424356)
Testing accuracy: 36.53

 84%|████████▎ | 835/1000 [2:55:47<52:32, 19.11s/it]********************************************************************************
Round 835
this epoch cost time:0.7267367839813232
this epoch choose: [44, 54, 63, 98, 76, 0, 78, 88, 63, 99]
this epoch dispatch models: [0 0 5 0 6 0 0 6 1 3]
this epoch received models: [np.int64(0), np.int64(0), np.int64(5), np.int64(0), np.int64(6), np.int64(0), np.int64(0), np.int64(6), np.int64(1), np.int64(3)]
hetero_proportion: 	4:3:3
(0.4, 2, 2.120985)
Testing accuracy: 38.48
(0.4, 3, 2.646356)
Testing accuracy: 37.14
(0.4, 4, 4.64774)
Testing accuracy: 37.02
(0.66, 2, 5.159621)
Testing accuracy: 36.73
(0.66, 3, 5.528077)
Testing accuracy: 37.02
(0.66, 4, 6.945581)
Testing accuracy: 37.12
(1.0, 2, 11.424356)
Testing accuracy: 36.46

 84%|████████▎ | 836/1000 [2:56:06<52:18, 19.14s/it]********************************************************************************
Round 836
this epoch cost time:0.859105110168457
this epoch choose: [74, 75, 64, 40, 23, 41, 33, 63, 98, 27]
this epoch dispatch models: [6 6 3 4 1 5 1 4 0 2]
this epoch received models: [np.int64(6), np.int64(6), np.int64(3), np.int64(4), np.int64(1), np.int64(5), np.int64(1), np.int64(4), np.int64(0), np.int64(2)]
hetero_proportion: 	4:3:3
(0.4, 2, 2.120985)
Testing accuracy: 38.50
(0.4, 3, 2.646356)
Testing accuracy: 37.16
(0.4, 4, 4.64774)
Testing accuracy: 37.22
(0.66, 2, 5.159621)
Testing accuracy: 36.85
(0.66, 3, 5.528077)
Testing accuracy: 37.01
(0.66, 4, 6.945581)
Testing accuracy: 36.97
(1.0, 2, 11.424356)
Testing accuracy: 36.70

 84%|████████▎ | 837/1000 [2:56:26<52:16, 19.24s/it]********************************************************************************
Round 837
this epoch cost time:0.8441014289855957
this epoch choose: [66, 91, 24, 91, 31, 53, 97, 84, 75, 25]
this epoch dispatch models: [5 6 2 3 0 1 4 1 0 2]
this epoch received models: [np.int64(5), np.int64(6), np.int64(2), np.int64(3), np.int64(0), np.int64(1), np.int64(4), np.int64(1), np.int64(0), np.int64(2)]
hetero_proportion: 	4:3:3
(0.4, 2, 2.120985)
Testing accuracy: 38.57
(0.4, 3, 2.646356)
Testing accuracy: 37.22
(0.4, 4, 4.64774)
Testing accuracy: 37.24
(0.66, 2, 5.159621)
Testing accuracy: 37.02
(0.66, 3, 5.528077)
Testing accuracy: 37.06
(0.66, 4, 6.945581)
Testing accuracy: 36.93
(1.0, 2, 11.424356)
Testing accuracy: 36.44

 84%|████████▍ | 838/1000 [2:56:45<52:10, 19.33s/it]********************************************************************************
Round 838
this epoch cost time:0.8567965030670166
this epoch choose: [53, 76, 64, 42, 50, 77, 0, 80, 53, 46]
this epoch dispatch models: [0 5 5 4 5 5 2 2 3 3]
this epoch received models: [np.int64(0), np.int64(5), np.int64(5), np.int64(4), np.int64(5), np.int64(5), np.int64(2), np.int64(2), np.int64(3), np.int64(3)]
hetero_proportion: 	4:3:3
(0.4, 2, 2.120985)
Testing accuracy: 38.50
(0.4, 3, 2.646356)
Testing accuracy: 36.92
(0.4, 4, 4.64774)
Testing accuracy: 37.27
(0.66, 2, 5.159621)
Testing accuracy: 36.83
(0.66, 3, 5.528077)
Testing accuracy: 37.18
(0.66, 4, 6.945581)
Testing accuracy: 37.04
(1.0, 2, 11.424356)
Testing accuracy: 36.43

 84%|████████▍ | 839/1000 [2:57:04<51:12, 19.08s/it]********************************************************************************
Round 839
this epoch cost time:0.909172773361206
this epoch choose: [43, 58, 49, 70, 50, 78, 63, 51, 99, 75]
this epoch dispatch models: [5 5 5 1 2 1 5 4 4 2]
this epoch received models: [np.int64(5), np.int64(5), np.int64(5), np.int64(1), np.int64(2), np.int64(1), np.int64(5), np.int64(4), np.int64(4), np.int64(2)]
hetero_proportion: 	4:3:3
(0.4, 2, 2.120985)
Testing accuracy: 38.63
(0.4, 3, 2.646356)
Testing accuracy: 36.92
(0.4, 4, 4.64774)
Testing accuracy: 37.35
(0.66, 2, 5.159621)
Testing accuracy: 36.75
(0.66, 3, 5.528077)
Testing accuracy: 37.17
(0.66, 4, 6.945581)
Testing accuracy: 36.90
(1.0, 2, 11.424356)
Testing accuracy: 36.38

 84%|████████▍ | 840/1000 [2:57:23<50:51, 19.07s/it]********************************************************************************
Round 840
this epoch cost time:0.9243249893188477
this epoch choose: [97, 91, 50, 75, 65, 18, 63, 94, 82, 45]
this epoch dispatch models: [1 6 3 6 2 0 0 3 1 3]
this epoch received models: [np.int64(1), np.int64(6), np.int64(3), np.int64(6), np.int64(2), np.int64(0), np.int64(0), np.int64(3), np.int64(1), np.int64(3)]
hetero_proportion: 	4:3:3
(0.4, 2, 2.120985)
Testing accuracy: 38.35
(0.4, 3, 2.646356)
Testing accuracy: 37.22
(0.4, 4, 4.64774)
Testing accuracy: 37.19
(0.66, 2, 5.159621)
Testing accuracy: 36.83
(0.66, 3, 5.528077)
Testing accuracy: 37.13
(0.66, 4, 6.945581)
Testing accuracy: 37.00
(1.0, 2, 11.424356)
Testing accuracy: 36.30

 84%|████████▍ | 841/1000 [2:57:42<50:35, 19.09s/it]********************************************************************************
Round 841
this epoch cost time:0.837822675704956
this epoch choose: [57, 51, 95, 89, 58, 57, 44, 68, 77, 76]
this epoch dispatch models: [0 5 6 3 5 4 1 3 6 5]
this epoch received models: [np.int64(0), np.int64(5), np.int64(6), np.int64(3), np.int64(5), np.int64(4), np.int64(1), np.int64(3), np.int64(6), np.int64(5)]
hetero_proportion: 	4:3:3
(0.4, 2, 2.120985)
Testing accuracy: 38.47
(0.4, 3, 2.646356)
Testing accuracy: 36.83
(0.4, 4, 4.64774)
Testing accuracy: 37.15
(0.66, 2, 5.159621)
Testing accuracy: 36.78
(0.66, 3, 5.528077)
Testing accuracy: 37.07
(0.66, 4, 6.945581)
Testing accuracy: 36.99
(1.0, 2, 11.424356)
Testing accuracy: 36.34

 84%|████████▍ | 842/1000 [2:58:00<49:28, 18.79s/it]********************************************************************************
Round 842
this epoch cost time:0.8968222141265869
this epoch choose: [90, 5, 93, 54, 81, 27, 34, 30, 91, 95]
this epoch dispatch models: [1 1 6 4 5 0 1 0 3 2]
this epoch received models: [np.int64(1), np.int64(1), np.int64(6), np.int64(4), np.int64(5), np.int64(0), np.int64(1), np.int64(0), np.int64(3), np.int64(2)]
hetero_proportion: 	4:3:3
(0.4, 2, 2.120985)
Testing accuracy: 38.34
(0.4, 3, 2.646356)
Testing accuracy: 37.15
(0.4, 4, 4.64774)
Testing accuracy: 37.06
(0.66, 2, 5.159621)
Testing accuracy: 36.78
(0.66, 3, 5.528077)
Testing accuracy: 37.11
(0.66, 4, 6.945581)
Testing accuracy: 36.89
(1.0, 2, 11.424356)
Testing accuracy: 36.30

 84%|████████▍ | 843/1000 [2:58:19<48:58, 18.72s/it]********************************************************************************
Round 843
this epoch cost time:0.7055153846740723
this epoch choose: [85, 55, 93, 98, 87, 85, 35, 85, 98, 55]
this epoch dispatch models: [5 0 4 6 4 3 1 3 5 3]
this epoch received models: [np.int64(5), np.int64(0), np.int64(4), np.int64(6), np.int64(4), np.int64(3), np.int64(1), np.int64(3), np.int64(5), np.int64(3)]
hetero_proportion: 	4:3:3
(0.4, 2, 2.120985)
Testing accuracy: 38.35
(0.4, 3, 2.646356)
Testing accuracy: 37.50
(0.4, 4, 4.64774)
Testing accuracy: 37.14
(0.66, 2, 5.159621)
Testing accuracy: 36.76
(0.66, 3, 5.528077)
Testing accuracy: 36.89
(0.66, 4, 6.945581)
Testing accuracy: 37.07
(1.0, 2, 11.424356)
Testing accuracy: 36.28

 84%|████████▍ | 844/1000 [2:58:37<48:21, 18.60s/it]********************************************************************************
Round 844
this epoch cost time:0.6923828125
this epoch choose: [63, 93, 95, 98, 71, 96, 52, 91, 25, 58]
this epoch dispatch models: [3 4 6 6 3 3 0 4 0 1]
this epoch received models: [np.int64(3), np.int64(4), np.int64(6), np.int64(6), np.int64(3), np.int64(3), np.int64(0), np.int64(4), np.int64(0), np.int64(1)]
hetero_proportion: 	4:3:3
(0.4, 2, 2.120985)
Testing accuracy: 38.42
(0.4, 3, 2.646356)
Testing accuracy: 37.25
(0.4, 4, 4.64774)
Testing accuracy: 37.11
(0.66, 2, 5.159621)
Testing accuracy: 36.66
(0.66, 3, 5.528077)
Testing accuracy: 36.88
(0.66, 4, 6.945581)
Testing accuracy: 37.15
(1.0, 2, 11.424356)
Testing accuracy: 36.29

 84%|████████▍ | 845/1000 [2:58:55<47:24, 18.35s/it]********************************************************************************
Round 845
this epoch cost time:1.0965917110443115
this epoch choose: [72, 83, 73, 40, 5, 77, 54, 69, 74, 67]
this epoch dispatch models: [4 4 4 1 2 6 4 0 6 3]
this epoch received models: [np.int64(4), np.int64(4), np.int64(4), np.int64(1), np.int64(2), np.int64(6), np.int64(4), np.int64(0), np.int64(6), np.int64(3)]
hetero_proportion: 	4:3:3
(0.4, 2, 2.120985)
Testing accuracy: 38.55
(0.4, 3, 2.646356)
Testing accuracy: 37.38
(0.4, 4, 4.64774)
Testing accuracy: 36.97
(0.66, 2, 5.159621)
Testing accuracy: 36.71
(0.66, 3, 5.528077)
Testing accuracy: 36.79
(0.66, 4, 6.945581)
Testing accuracy: 36.84
(1.0, 2, 11.424356)
Testing accuracy: 36.14

 85%|████████▍ | 846/1000 [2:59:14<48:00, 18.71s/it]********************************************************************************
Round 846
this epoch cost time:0.9948770999908447
this epoch choose: [47, 74, 72, 97, 83, 54, 72, 82, 76, 84]
this epoch dispatch models: [3 3 6 2 6 0 3 6 2 6]
this epoch received models: [np.int64(3), np.int64(3), np.int64(6), np.int64(2), np.int64(6), np.int64(0), np.int64(3), np.int64(6), np.int64(2), np.int64(6)]
hetero_proportion: 	4:3:3
(0.4, 2, 2.120985)
Testing accuracy: 38.45
(0.4, 3, 2.646356)
Testing accuracy: 37.37
(0.4, 4, 4.64774)
Testing accuracy: 37.00
(0.66, 2, 5.159621)
Testing accuracy: 36.78
(0.66, 3, 5.528077)
Testing accuracy: 36.78
(0.66, 4, 6.945581)
Testing accuracy: 36.91
(1.0, 2, 11.424356)
Testing accuracy: 36.28

 85%|████████▍ | 847/1000 [2:59:33<47:45, 18.73s/it]********************************************************************************
Round 847
this epoch cost time:0.8455030918121338
this epoch choose: [73, 90, 25, 7, 50, 26, 74, 89, 53, 55]
this epoch dispatch models: [6 4 0 1 0 2 3 1 3 0]
this epoch received models: [np.int64(6), np.int64(4), np.int64(0), np.int64(1), np.int64(0), np.int64(2), np.int64(3), np.int64(1), np.int64(3), np.int64(0)]
hetero_proportion: 	4:3:3
(0.4, 2, 2.120985)
Testing accuracy: 38.45
(0.4, 3, 2.646356)
Testing accuracy: 37.47
(0.4, 4, 4.64774)
Testing accuracy: 36.93
(0.66, 2, 5.159621)
Testing accuracy: 36.63
(0.66, 3, 5.528077)
Testing accuracy: 36.72
(0.66, 4, 6.945581)
Testing accuracy: 36.97
(1.0, 2, 11.424356)
Testing accuracy: 36.33

 85%|████████▍ | 848/1000 [2:59:52<47:24, 18.71s/it]********************************************************************************
Round 848
this epoch cost time:0.7178819179534912
this epoch choose: [73, 93, 87, 72, 85, 78, 65, 78, 70, 88]
this epoch dispatch models: [4 4 5 3 5 1 1 4 4 3]
this epoch received models: [np.int64(4), np.int64(4), np.int64(5), np.int64(3), np.int64(5), np.int64(1), np.int64(1), np.int64(4), np.int64(4), np.int64(3)]
hetero_proportion: 	4:3:3
(0.4, 2, 2.120985)
Testing accuracy: 38.47
(0.4, 3, 2.646356)
Testing accuracy: 37.38
(0.4, 4, 4.64774)
Testing accuracy: 37.03
(0.66, 2, 5.159621)
Testing accuracy: 36.70
(0.66, 3, 5.528077)
Testing accuracy: 36.67
(0.66, 4, 6.945581)
Testing accuracy: 36.91
(1.0, 2, 11.424356)
Testing accuracy: 36.29

 85%|████████▍ | 849/1000 [3:00:10<46:39, 18.54s/it]********************************************************************************
Round 849
this epoch cost time:0.9552881717681885
this epoch choose: [47, 81, 46, 82, 80, 83, 88, 79, 65, 95]
this epoch dispatch models: [2 1 3 6 5 4 3 6 1 6]
this epoch received models: [np.int64(2), np.int64(1), np.int64(3), np.int64(6), np.int64(5), np.int64(4), np.int64(3), np.int64(6), np.int64(1), np.int64(6)]
hetero_proportion: 	4:3:3
(0.4, 2, 2.120985)
Testing accuracy: 38.35
(0.4, 3, 2.646356)
Testing accuracy: 37.31
(0.4, 4, 4.64774)
Testing accuracy: 37.05
(0.66, 2, 5.159621)
Testing accuracy: 36.55
(0.66, 3, 5.528077)
Testing accuracy: 36.76
(0.66, 4, 6.945581)
Testing accuracy: 36.91
(1.0, 2, 11.424356)
Testing accuracy: 36.23

 85%|████████▌ | 850/1000 [3:00:30<47:15, 18.90s/it]********************************************************************************
Round 850
this epoch cost time:0.9006810188293457
this epoch choose: [47, 60, 97, 51, 53, 84, 69, 31, 76, 44]
this epoch dispatch models: [0 3 6 4 0 2 1 1 6 5]
this epoch received models: [np.int64(0), np.int64(3), np.int64(6), np.int64(4), np.int64(0), np.int64(2), np.int64(1), np.int64(1), np.int64(6), np.int64(5)]
hetero_proportion: 	4:3:3
(0.4, 2, 2.120985)
Testing accuracy: 38.50
(0.4, 3, 2.646356)
Testing accuracy: 37.30
(0.4, 4, 4.64774)
Testing accuracy: 37.17
(0.66, 2, 5.159621)
Testing accuracy: 36.57
(0.66, 3, 5.528077)
Testing accuracy: 36.74
(0.66, 4, 6.945581)
Testing accuracy: 36.95
(1.0, 2, 11.424356)
Testing accuracy: 36.41

 85%|████████▌ | 851/1000 [3:00:48<46:40, 18.79s/it]********************************************************************************
Round 851
this epoch cost time:0.7654209136962891
this epoch choose: [94, 77, 45, 32, 87, 66, 87, 54, 71, 82]
this epoch dispatch models: [5 6 4 0 2 3 5 5 5 1]
this epoch received models: [np.int64(5), np.int64(6), np.int64(4), np.int64(0), np.int64(2), np.int64(3), np.int64(5), np.int64(5), np.int64(5), np.int64(1)]
hetero_proportion: 	4:3:3
(0.4, 2, 2.120985)
Testing accuracy: 38.26
(0.4, 3, 2.646356)
Testing accuracy: 37.23
(0.4, 4, 4.64774)
Testing accuracy: 37.12
(0.66, 2, 5.159621)
Testing accuracy: 36.83
(0.66, 3, 5.528077)
Testing accuracy: 36.80
(0.66, 4, 6.945581)
Testing accuracy: 36.99
(1.0, 2, 11.424356)
Testing accuracy: 36.36

 85%|████████▌ | 852/1000 [3:01:07<46:20, 18.79s/it]********************************************************************************
Round 852
this epoch cost time:0.7958905696868896
this epoch choose: [32, 4, 99, 65, 44, 51, 99, 59, 66, 53]
this epoch dispatch models: [1 1 6 4 2 2 6 2 4 5]
this epoch received models: [np.int64(1), np.int64(1), np.int64(6), np.int64(4), np.int64(2), np.int64(2), np.int64(6), np.int64(2), np.int64(4), np.int64(5)]
hetero_proportion: 	4:3:3
(0.4, 2, 2.120985)
Testing accuracy: 38.31
(0.4, 3, 2.646356)
Testing accuracy: 37.17
(0.4, 4, 4.64774)
Testing accuracy: 37.09
(0.66, 2, 5.159621)
Testing accuracy: 36.62
(0.66, 3, 5.528077)
Testing accuracy: 36.75
(0.66, 4, 6.945581)
Testing accuracy: 37.02
(1.0, 2, 11.424356)
Testing accuracy: 36.29

 85%|████████▌ | 853/1000 [3:01:26<45:57, 18.76s/it]********************************************************************************
Round 853
this epoch cost time:0.8048121929168701
this epoch choose: [43, 36, 98, 29, 19, 18, 99, 43, 84, 95]
this epoch dispatch models: [4 1 3 0 2 0 3 1 1 4]
this epoch received models: [np.int64(4), np.int64(1), np.int64(3), np.int64(0), np.int64(2), np.int64(0), np.int64(3), np.int64(1), np.int64(1), np.int64(4)]
hetero_proportion: 	4:3:3
(0.4, 2, 2.120985)
Testing accuracy: 38.68
(0.4, 3, 2.646356)
Testing accuracy: 37.15
(0.4, 4, 4.64774)
Testing accuracy: 37.27
(0.66, 2, 5.159621)
Testing accuracy: 36.71
(0.66, 3, 5.528077)
Testing accuracy: 36.90
(0.66, 4, 6.945581)
Testing accuracy: 37.03
(1.0, 2, 11.424356)
Testing accuracy: 36.33

 85%|████████▌ | 854/1000 [3:01:44<45:12, 18.58s/it]********************************************************************************
Round 854
this epoch cost time:0.8851995468139648
this epoch choose: [84, 95, 69, 86, 58, 78, 88, 57, 54, 91]
this epoch dispatch models: [1 1 1 0 4 1 6 1 2 6]
this epoch received models: [np.int64(1), np.int64(1), np.int64(1), np.int64(0), np.int64(4), np.int64(1), np.int64(6), np.int64(1), np.int64(2), np.int64(6)]
hetero_proportion: 	4:3:3
(0.4, 2, 2.120985)
Testing accuracy: 38.48
(0.4, 3, 2.646356)
Testing accuracy: 37.19
(0.4, 4, 4.64774)
Testing accuracy: 37.04
(0.66, 2, 5.159621)
Testing accuracy: 36.81
(0.66, 3, 5.528077)
Testing accuracy: 36.79
(0.66, 4, 6.945581)
Testing accuracy: 36.88
(1.0, 2, 11.424356)
Testing accuracy: 36.44

 86%|████████▌ | 855/1000 [3:02:03<45:19, 18.75s/it]********************************************************************************
Round 855
this epoch cost time:0.7347407341003418
this epoch choose: [38, 63, 94, 40, 33, 29, 58, 50, 95, 61]
this epoch dispatch models: [0 5 0 0 0 2 1 2 0 3]
this epoch received models: [np.int64(0), np.int64(5), np.int64(0), np.int64(0), np.int64(0), np.int64(2), np.int64(1), np.int64(2), np.int64(0), np.int64(3)]
hetero_proportion: 	4:3:3
(0.4, 2, 2.120985)
Testing accuracy: 38.55
(0.4, 3, 2.646356)
Testing accuracy: 37.03
(0.4, 4, 4.64774)
Testing accuracy: 37.01
(0.66, 2, 5.159621)
Testing accuracy: 36.52
(0.66, 3, 5.528077)
Testing accuracy: 36.82
(0.66, 4, 6.945581)
Testing accuracy: 37.08
(1.0, 2, 11.424356)
Testing accuracy: 36.45

 86%|████████▌ | 856/1000 [3:02:21<44:52, 18.70s/it]********************************************************************************
Round 856
this epoch cost time:0.8815765380859375
this epoch choose: [42, 74, 94, 53, 95, 99, 87, 46, 82, 90]
this epoch dispatch models: [5 0 6 5 6 1 2 4 3 6]
this epoch received models: [np.int64(5), np.int64(0), np.int64(6), np.int64(5), np.int64(6), np.int64(1), np.int64(2), np.int64(4), np.int64(3), np.int64(6)]
hetero_proportion: 	4:3:3
(0.4, 2, 2.120985)
Testing accuracy: 38.53
(0.4, 3, 2.646356)
Testing accuracy: 36.92
(0.4, 4, 4.64774)
Testing accuracy: 36.95
(0.66, 2, 5.159621)
Testing accuracy: 36.68
(0.66, 3, 5.528077)
Testing accuracy: 36.90
(0.66, 4, 6.945581)
Testing accuracy: 37.07
(1.0, 2, 11.424356)
Testing accuracy: 36.38

 86%|████████▌ | 857/1000 [3:02:40<44:44, 18.77s/it]********************************************************************************
Round 857
this epoch cost time:0.7436349391937256
this epoch choose: [48, 31, 45, 18, 85, 72, 57, 96, 65, 56]
this epoch dispatch models: [4 1 1 1 3 3 0 2 3 5]
this epoch received models: [np.int64(4), np.int64(1), np.int64(1), np.int64(1), np.int64(3), np.int64(3), np.int64(0), np.int64(2), np.int64(3), np.int64(5)]
hetero_proportion: 	4:3:3
(0.4, 2, 2.120985)
Testing accuracy: 38.53
(0.4, 3, 2.646356)
Testing accuracy: 37.00
(0.4, 4, 4.64774)
Testing accuracy: 36.91
(0.66, 2, 5.159621)
Testing accuracy: 36.56
(0.66, 3, 5.528077)
Testing accuracy: 36.88
(0.66, 4, 6.945581)
Testing accuracy: 37.04
(1.0, 2, 11.424356)
Testing accuracy: 36.36

 86%|████████▌ | 858/1000 [3:02:59<44:12, 18.68s/it]********************************************************************************
Round 858
this epoch cost time:0.8151881694793701
this epoch choose: [40, 66, 40, 18, 80, 44, 53, 64, 53, 82]
this epoch dispatch models: [4 5 1 1 6 3 3 3 3 6]
this epoch received models: [np.int64(4), np.int64(5), np.int64(1), np.int64(1), np.int64(6), np.int64(3), np.int64(3), np.int64(3), np.int64(3), np.int64(6)]
hetero_proportion: 	4:3:3
(0.4, 2, 2.120985)
Testing accuracy: 38.48
(0.4, 3, 2.646356)
Testing accuracy: 36.92
(0.4, 4, 4.64774)
Testing accuracy: 36.96
(0.66, 2, 5.159621)
Testing accuracy: 36.55
(0.66, 3, 5.528077)
Testing accuracy: 36.85
(0.66, 4, 6.945581)
Testing accuracy: 37.04
(1.0, 2, 11.424356)
Testing accuracy: 36.38

 86%|████████▌ | 859/1000 [3:03:18<43:52, 18.67s/it]********************************************************************************
Round 859
this epoch cost time:0.9406468868255615
this epoch choose: [78, 86, 70, 45, 83, 80, 69, 53, 47, 48]
this epoch dispatch models: [0 6 1 4 3 4 3 5 4 3]
this epoch received models: [np.int64(0), np.int64(6), np.int64(1), np.int64(4), np.int64(3), np.int64(4), np.int64(3), np.int64(5), np.int64(4), np.int64(3)]
hetero_proportion: 	4:3:3
(0.4, 2, 2.120985)
Testing accuracy: 38.41
(0.4, 3, 2.646356)
Testing accuracy: 37.00
(0.4, 4, 4.64774)
Testing accuracy: 37.09
(0.66, 2, 5.159621)
Testing accuracy: 36.65
(0.66, 3, 5.528077)
Testing accuracy: 36.94
(0.66, 4, 6.945581)
Testing accuracy: 36.98
(1.0, 2, 11.424356)
Testing accuracy: 36.48

 86%|████████▌ | 860/1000 [3:03:38<45:00, 19.29s/it]********************************************************************************
Round 860
this epoch cost time:0.8371000289916992
this epoch choose: [48, 14, 64, 98, 86, 75, 86, 93, 97, 92]
this epoch dispatch models: [1 1 5 1 6 0 3 5 2 3]
this epoch received models: [np.int64(1), np.int64(1), np.int64(5), np.int64(1), np.int64(6), np.int64(0), np.int64(3), np.int64(5), np.int64(2), np.int64(3)]
hetero_proportion: 	4:3:3
(0.4, 2, 2.120985)
Testing accuracy: 38.23
(0.4, 3, 2.646356)
Testing accuracy: 36.93
(0.4, 4, 4.64774)
Testing accuracy: 37.01
(0.66, 2, 5.159621)
Testing accuracy: 36.47
(0.66, 3, 5.528077)
Testing accuracy: 36.89
(0.66, 4, 6.945581)
Testing accuracy: 36.89
(1.0, 2, 11.424356)
Testing accuracy: 36.30

 86%|████████▌ | 861/1000 [3:03:57<44:10, 19.07s/it]********************************************************************************
Round 861
this epoch cost time:0.8769755363464355
this epoch choose: [31, 69, 98, 70, 74, 45, 75, 96, 70, 99]
this epoch dispatch models: [2 4 1 3 4 4 6 1 6 6]
this epoch received models: [np.int64(2), np.int64(4), np.int64(1), np.int64(3), np.int64(4), np.int64(4), np.int64(6), np.int64(1), np.int64(6), np.int64(6)]
hetero_proportion: 	4:3:3
(0.4, 2, 2.120985)
Testing accuracy: 38.20
(0.4, 3, 2.646356)
Testing accuracy: 36.93
(0.4, 4, 4.64774)
Testing accuracy: 36.96
(0.66, 2, 5.159621)
Testing accuracy: 36.33
(0.66, 3, 5.528077)
Testing accuracy: 37.09
(0.66, 4, 6.945581)
Testing accuracy: 37.02
(1.0, 2, 11.424356)
Testing accuracy: 36.37

 86%|████████▌ | 862/1000 [3:04:17<44:18, 19.27s/it]********************************************************************************
Round 862
this epoch cost time:0.9136128425598145
this epoch choose: [62, 7, 76, 69, 17, 88, 63, 64, 52, 94]
this epoch dispatch models: [3 2 4 4 1 4 2 4 3 5]
this epoch received models: [np.int64(3), np.int64(2), np.int64(4), np.int64(4), np.int64(1), np.int64(4), np.int64(2), np.int64(4), np.int64(3), np.int64(5)]
hetero_proportion: 	4:3:3
(0.4, 2, 2.120985)
Testing accuracy: 38.35
(0.4, 3, 2.646356)
Testing accuracy: 37.05
(0.4, 4, 4.64774)
Testing accuracy: 37.16
(0.66, 2, 5.159621)
Testing accuracy: 36.60
(0.66, 3, 5.528077)
Testing accuracy: 36.94
(0.66, 4, 6.945581)
Testing accuracy: 37.07
(1.0, 2, 11.424356)
Testing accuracy: 36.48

 86%|████████▋ | 863/1000 [3:04:36<43:50, 19.20s/it]********************************************************************************
Round 863
this epoch cost time:0.6714339256286621
this epoch choose: [93, 52, 89, 7, 43, 52, 61, 35, 87, 22]
this epoch dispatch models: [2 4 6 2 0 4 2 0 5 0]
this epoch received models: [np.int64(2), np.int64(4), np.int64(6), np.int64(2), np.int64(0), np.int64(4), np.int64(2), np.int64(0), np.int64(5), np.int64(0)]
hetero_proportion: 	4:3:3
(0.4, 2, 2.120985)
Testing accuracy: 38.41
(0.4, 3, 2.646356)
Testing accuracy: 37.23
(0.4, 4, 4.64774)
Testing accuracy: 37.27
(0.66, 2, 5.159621)
Testing accuracy: 36.57
(0.66, 3, 5.528077)
Testing accuracy: 37.10
(0.66, 4, 6.945581)
Testing accuracy: 37.01
(1.0, 2, 11.424356)
Testing accuracy: 36.41

 86%|████████▋ | 864/1000 [3:04:54<42:45, 18.87s/it]********************************************************************************
Round 864
this epoch cost time:0.905360221862793
this epoch choose: [70, 71, 72, 87, 67, 53, 99, 6, 49, 24]
this epoch dispatch models: [1 4 4 5 1 0 6 1 3 0]
this epoch received models: [np.int64(1), np.int64(4), np.int64(4), np.int64(5), np.int64(1), np.int64(0), np.int64(6), np.int64(1), np.int64(3), np.int64(0)]
hetero_proportion: 	4:3:3
(0.4, 2, 2.120985)
Testing accuracy: 37.95
(0.4, 3, 2.646356)
Testing accuracy: 37.09
(0.4, 4, 4.64774)
Testing accuracy: 37.19
(0.66, 2, 5.159621)
Testing accuracy: 36.54
(0.66, 3, 5.528077)
Testing accuracy: 37.09
(0.66, 4, 6.945581)
Testing accuracy: 37.11
(1.0, 2, 11.424356)
Testing accuracy: 36.40

 86%|████████▋ | 865/1000 [3:05:12<42:13, 18.77s/it]********************************************************************************
Round 865
this epoch cost time:0.9611003398895264
this epoch choose: [1, 39, 66, 92, 44, 23, 81, 3, 64, 37]
this epoch dispatch models: [0 0 4 6 3 1 5 1 5 0]
this epoch received models: [np.int64(0), np.int64(0), np.int64(4), np.int64(6), np.int64(3), np.int64(1), np.int64(5), np.int64(1), np.int64(5), np.int64(0)]
hetero_proportion: 	4:3:3
(0.4, 2, 2.120985)
Testing accuracy: 38.37
(0.4, 3, 2.646356)
Testing accuracy: 36.96
(0.4, 4, 4.64774)
Testing accuracy: 37.47
(0.66, 2, 5.159621)
Testing accuracy: 36.81
(0.66, 3, 5.528077)
Testing accuracy: 37.02
(0.66, 4, 6.945581)
Testing accuracy: 37.25
(1.0, 2, 11.424356)
Testing accuracy: 36.50

 87%|████████▋ | 866/1000 [3:05:31<42:01, 18.82s/it]********************************************************************************
Round 866
this epoch cost time:0.8477215766906738
this epoch choose: [65, 18, 36, 48, 21, 99, 59, 99, 86, 29]
this epoch dispatch models: [1 2 1 3 0 6 5 3 6 0]
this epoch received models: [np.int64(1), np.int64(2), np.int64(1), np.int64(3), np.int64(0), np.int64(6), np.int64(5), np.int64(3), np.int64(6), np.int64(0)]
hetero_proportion: 	4:3:3
(0.4, 2, 2.120985)
Testing accuracy: 38.58
(0.4, 3, 2.646356)
Testing accuracy: 37.34
(0.4, 4, 4.64774)
Testing accuracy: 37.39
(0.66, 2, 5.159621)
Testing accuracy: 36.87
(0.66, 3, 5.528077)
Testing accuracy: 36.89
(0.66, 4, 6.945581)
Testing accuracy: 37.21
(1.0, 2, 11.424356)
Testing accuracy: 36.42

 87%|████████▋ | 867/1000 [3:05:50<41:35, 18.76s/it]********************************************************************************
Round 867
this epoch cost time:0.8735611438751221
this epoch choose: [85, 39, 57, 79, 27, 72, 24, 84, 71, 53]
this epoch dispatch models: [0 0 0 2 0 4 1 4 6 3]
this epoch received models: [np.int64(0), np.int64(0), np.int64(0), np.int64(2), np.int64(0), np.int64(4), np.int64(1), np.int64(4), np.int64(6), np.int64(3)]
hetero_proportion: 	4:3:3
(0.4, 2, 2.120985)
Testing accuracy: 38.40
(0.4, 3, 2.646356)
Testing accuracy: 37.14
(0.4, 4, 4.64774)
Testing accuracy: 37.35
(0.66, 2, 5.159621)
Testing accuracy: 36.80
(0.66, 3, 5.528077)
Testing accuracy: 36.97
(0.66, 4, 6.945581)
Testing accuracy: 37.18
(1.0, 2, 11.424356)
Testing accuracy: 36.33

 87%|████████▋ | 868/1000 [3:06:09<41:16, 18.76s/it]********************************************************************************
Round 868
this epoch cost time:0.9216904640197754
this epoch choose: [78, 48, 41, 62, 91, 64, 98, 42, 86, 65]
this epoch dispatch models: [5 2 1 5 6 5 1 3 2 5]
this epoch received models: [np.int64(5), np.int64(2), np.int64(1), np.int64(5), np.int64(6), np.int64(5), np.int64(1), np.int64(3), np.int64(2), np.int64(5)]
hetero_proportion: 	4:3:3
(0.4, 2, 2.120985)
Testing accuracy: 38.43
(0.4, 3, 2.646356)
Testing accuracy: 37.38
(0.4, 4, 4.64774)
Testing accuracy: 37.08
(0.66, 2, 5.159621)
Testing accuracy: 36.98
(0.66, 3, 5.528077)
Testing accuracy: 36.79
(0.66, 4, 6.945581)
Testing accuracy: 37.30
(1.0, 2, 11.424356)
Testing accuracy: 36.30

 87%|████████▋ | 869/1000 [3:06:28<41:07, 18.84s/it]********************************************************************************
Round 869
this epoch cost time:0.8585200309753418
this epoch choose: [11, 50, 63, 19, 62, 39, 75, 5, 88, 70]
this epoch dispatch models: [0 5 0 2 3 0 6 0 1 3]
this epoch received models: [np.int64(0), np.int64(5), np.int64(0), np.int64(2), np.int64(3), np.int64(0), np.int64(6), np.int64(0), np.int64(1), np.int64(3)]
hetero_proportion: 	4:3:3
(0.4, 2, 2.120985)
Testing accuracy: 38.07
(0.4, 3, 2.646356)
Testing accuracy: 37.20
(0.4, 4, 4.64774)
Testing accuracy: 36.72
(0.66, 2, 5.159621)
Testing accuracy: 36.81
(0.66, 3, 5.528077)
Testing accuracy: 36.60
(0.66, 4, 6.945581)
Testing accuracy: 36.80
(1.0, 2, 11.424356)
Testing accuracy: 36.00

 87%|████████▋ | 870/1000 [3:06:47<40:55, 18.89s/it]********************************************************************************
Round 870
this epoch cost time:0.8765795230865479
this epoch choose: [59, 45, 62, 62, 79, 72, 87, 98, 69, 53]
this epoch dispatch models: [0 1 3 3 3 3 4 4 2 3]
this epoch received models: [np.int64(0), np.int64(1), np.int64(3), np.int64(3), np.int64(3), np.int64(3), np.int64(4), np.int64(4), np.int64(2), np.int64(3)]
hetero_proportion: 	4:3:3
(0.4, 2, 2.120985)
Testing accuracy: 38.11
(0.4, 3, 2.646356)
Testing accuracy: 37.27
(0.4, 4, 4.64774)
Testing accuracy: 36.77
(0.66, 2, 5.159621)
Testing accuracy: 36.67
(0.66, 3, 5.528077)
Testing accuracy: 36.66
(0.66, 4, 6.945581)
Testing accuracy: 36.96
(1.0, 2, 11.424356)
Testing accuracy: 36.43

 87%|████████▋ | 871/1000 [3:07:06<40:44, 18.95s/it]********************************************************************************
Round 871
this epoch cost time:0.8542001247406006
this epoch choose: [94, 69, 17, 30, 53, 91, 85, 8, 55, 56]
this epoch dispatch models: [6 0 1 2 1 3 2 2 5 5]
this epoch received models: [np.int64(6), np.int64(0), np.int64(1), np.int64(2), np.int64(1), np.int64(3), np.int64(2), np.int64(2), np.int64(5), np.int64(5)]
hetero_proportion: 	4:3:3
(0.4, 2, 2.120985)
Testing accuracy: 38.02
(0.4, 3, 2.646356)
Testing accuracy: 37.20
(0.4, 4, 4.64774)
Testing accuracy: 36.82
(0.66, 2, 5.159621)
Testing accuracy: 36.88
(0.66, 3, 5.528077)
Testing accuracy: 36.88
(0.66, 4, 6.945581)
Testing accuracy: 37.08
(1.0, 2, 11.424356)
Testing accuracy: 36.32

 87%|████████▋ | 872/1000 [3:07:25<40:21, 18.92s/it]********************************************************************************
Round 872
this epoch cost time:0.8600530624389648
this epoch choose: [38, 87, 59, 42, 90, 68, 41, 85, 85, 62]
this epoch dispatch models: [1 6 0 2 6 3 5 6 5 1]
this epoch received models: [np.int64(1), np.int64(6), np.int64(0), np.int64(2), np.int64(6), np.int64(3), np.int64(5), np.int64(6), np.int64(5), np.int64(1)]
hetero_proportion: 	4:3:3
(0.4, 2, 2.120985)
Testing accuracy: 38.05
(0.4, 3, 2.646356)
Testing accuracy: 37.17
(0.4, 4, 4.64774)
Testing accuracy: 36.77
(0.66, 2, 5.159621)
Testing accuracy: 36.63
(0.66, 3, 5.528077)
Testing accuracy: 36.76
(0.66, 4, 6.945581)
Testing accuracy: 37.08
(1.0, 2, 11.424356)
Testing accuracy: 36.53

 87%|████████▋ | 873/1000 [3:07:43<40:05, 18.94s/it]********************************************************************************
Round 873
this epoch cost time:1.0377874374389648
this epoch choose: [48, 3, 83, 49, 23, 58, 75, 84, 48, 52]
this epoch dispatch models: [4 0 6 0 1 4 5 4 2 4]
this epoch received models: [np.int64(4), np.int64(0), np.int64(6), np.int64(0), np.int64(1), np.int64(4), np.int64(5), np.int64(4), np.int64(2), np.int64(4)]
hetero_proportion: 	4:3:3
(0.4, 2, 2.120985)
Testing accuracy: 38.22
(0.4, 3, 2.646356)
Testing accuracy: 37.17
(0.4, 4, 4.64774)
Testing accuracy: 36.95
(0.66, 2, 5.159621)
Testing accuracy: 36.60
(0.66, 3, 5.528077)
Testing accuracy: 36.78
(0.66, 4, 6.945581)
Testing accuracy: 36.93
(1.0, 2, 11.424356)
Testing accuracy: 36.52

 87%|████████▋ | 874/1000 [3:08:03<40:03, 19.07s/it]********************************************************************************
Round 874
this epoch cost time:0.8809516429901123
this epoch choose: [95, 75, 91, 82, 91, 87, 84, 70, 55, 82]
this epoch dispatch models: [4 1 6 6 5 4 3 6 5 0]
this epoch received models: [np.int64(4), np.int64(1), np.int64(6), np.int64(6), np.int64(5), np.int64(4), np.int64(3), np.int64(6), np.int64(5), np.int64(0)]
hetero_proportion: 	4:3:3
(0.4, 2, 2.120985)
Testing accuracy: 38.23
(0.4, 3, 2.646356)
Testing accuracy: 37.17
(0.4, 4, 4.64774)
Testing accuracy: 36.89
(0.66, 2, 5.159621)
Testing accuracy: 36.58
(0.66, 3, 5.528077)
Testing accuracy: 36.71
(0.66, 4, 6.945581)
Testing accuracy: 36.92
(1.0, 2, 11.424356)
Testing accuracy: 36.56

 88%|████████▊ | 875/1000 [3:08:21<39:08, 18.79s/it]********************************************************************************
Round 875
this epoch cost time:0.8061833381652832
this epoch choose: [70, 43, 63, 68, 39, 45, 95, 43, 73, 60]
this epoch dispatch models: [3 2 4 5 1 5 3 5 3 5]
this epoch received models: [np.int64(3), np.int64(2), np.int64(4), np.int64(5), np.int64(1), np.int64(5), np.int64(3), np.int64(5), np.int64(3), np.int64(5)]
hetero_proportion: 	4:3:3
(0.4, 2, 2.120985)
Testing accuracy: 38.44
(0.4, 3, 2.646356)
Testing accuracy: 37.15
(0.4, 4, 4.64774)
Testing accuracy: 36.96
(0.66, 2, 5.159621)
Testing accuracy: 36.71
(0.66, 3, 5.528077)
Testing accuracy: 36.84
(0.66, 4, 6.945581)
Testing accuracy: 36.98
(1.0, 2, 11.424356)
Testing accuracy: 36.62

 88%|████████▊ | 876/1000 [3:08:39<38:32, 18.65s/it]********************************************************************************
Round 876
this epoch cost time:0.907193660736084
this epoch choose: [20, 17, 43, 63, 60, 55, 78, 98, 81, 85]
this epoch dispatch models: [0 1 4 3 1 3 2 5 5 3]
this epoch received models: [np.int64(0), np.int64(1), np.int64(4), np.int64(3), np.int64(1), np.int64(3), np.int64(2), np.int64(5), np.int64(5), np.int64(3)]
hetero_proportion: 	4:3:3
(0.4, 2, 2.120985)
Testing accuracy: 38.37
(0.4, 3, 2.646356)
Testing accuracy: 37.25
(0.4, 4, 4.64774)
Testing accuracy: 36.92
(0.66, 2, 5.159621)
Testing accuracy: 36.70
(0.66, 3, 5.528077)
Testing accuracy: 36.69
(0.66, 4, 6.945581)
Testing accuracy: 36.91
(1.0, 2, 11.424356)
Testing accuracy: 36.48

 88%|████████▊ | 877/1000 [3:08:59<38:39, 18.86s/it]********************************************************************************
Round 877
this epoch cost time:0.8100619316101074
this epoch choose: [71, 4, 40, 61, 58, 59, 98, 67, 31, 51]
this epoch dispatch models: [6 1 3 1 2 0 1 5 0 2]
this epoch received models: [np.int64(6), np.int64(1), np.int64(3), np.int64(1), np.int64(2), np.int64(0), np.int64(1), np.int64(5), np.int64(0), np.int64(2)]
hetero_proportion: 	4:3:3
(0.4, 2, 2.120985)
Testing accuracy: 38.30
(0.4, 3, 2.646356)
Testing accuracy: 36.97
(0.4, 4, 4.64774)
Testing accuracy: 36.85
(0.66, 2, 5.159621)
Testing accuracy: 36.68
(0.66, 3, 5.528077)
Testing accuracy: 36.75
(0.66, 4, 6.945581)
Testing accuracy: 37.00
(1.0, 2, 11.424356)
Testing accuracy: 36.37

 88%|████████▊ | 878/1000 [3:09:16<37:37, 18.51s/it]********************************************************************************
Round 878
this epoch cost time:0.9012036323547363
this epoch choose: [75, 46, 77, 58, 59, 54, 41, 46, 53, 54]
this epoch dispatch models: [6 5 6 5 4 5 4 4 4 0]
this epoch received models: [np.int64(6), np.int64(5), np.int64(6), np.int64(5), np.int64(4), np.int64(5), np.int64(4), np.int64(4), np.int64(4), np.int64(0)]
hetero_proportion: 	4:3:3
(0.4, 2, 2.120985)
Testing accuracy: 38.53
(0.4, 3, 2.646356)
Testing accuracy: 36.96
(0.4, 4, 4.64774)
Testing accuracy: 36.98
(0.66, 2, 5.159621)
Testing accuracy: 36.69
(0.66, 3, 5.528077)
Testing accuracy: 36.89
(0.66, 4, 6.945581)
Testing accuracy: 37.09
(1.0, 2, 11.424356)
Testing accuracy: 36.36

 88%|████████▊ | 879/1000 [3:09:37<38:25, 19.06s/it]********************************************************************************
Round 879
this epoch cost time:0.8819456100463867
this epoch choose: [85, 79, 97, 63, 94, 57, 90, 59, 47, 80]
this epoch dispatch models: [2 6 4 0 6 5 3 5 4 4]
this epoch received models: [np.int64(2), np.int64(6), np.int64(4), np.int64(0), np.int64(6), np.int64(5), np.int64(3), np.int64(5), np.int64(4), np.int64(4)]
hetero_proportion: 	4:3:3
(0.4, 2, 2.120985)
Testing accuracy: 38.31
(0.4, 3, 2.646356)
Testing accuracy: 36.86
(0.4, 4, 4.64774)
Testing accuracy: 36.76
(0.66, 2, 5.159621)
Testing accuracy: 36.69
(0.66, 3, 5.528077)
Testing accuracy: 36.79
(0.66, 4, 6.945581)
Testing accuracy: 36.99
(1.0, 2, 11.424356)
Testing accuracy: 36.28

 88%|████████▊ | 880/1000 [3:09:55<37:52, 18.94s/it]********************************************************************************
Round 880
this epoch cost time:0.7903351783752441
this epoch choose: [59, 74, 35, 40, 39, 93, 77, 69, 43, 42]
this epoch dispatch models: [1 6 2 1 1 3 5 0 2 4]
this epoch received models: [np.int64(1), np.int64(6), np.int64(2), np.int64(1), np.int64(1), np.int64(3), np.int64(5), np.int64(0), np.int64(2), np.int64(4)]
hetero_proportion: 	4:3:3
(0.4, 2, 2.120985)
Testing accuracy: 38.16
(0.4, 3, 2.646356)
Testing accuracy: 37.07
(0.4, 4, 4.64774)
Testing accuracy: 36.80
(0.66, 2, 5.159621)
Testing accuracy: 36.68
(0.66, 3, 5.528077)
Testing accuracy: 36.87
(0.66, 4, 6.945581)
Testing accuracy: 37.08
(1.0, 2, 11.424356)
Testing accuracy: 36.43

 88%|████████▊ | 881/1000 [3:10:14<37:31, 18.92s/it]********************************************************************************
Round 881
this epoch cost time:0.7156720161437988
this epoch choose: [38, 76, 56, 59, 64, 86, 96, 67, 54, 96]
this epoch dispatch models: [1 6 5 2 2 4 6 2 3 2]
this epoch received models: [np.int64(1), np.int64(6), np.int64(5), np.int64(2), np.int64(2), np.int64(4), np.int64(6), np.int64(2), np.int64(3), np.int64(2)]
hetero_proportion: 	4:3:3
(0.4, 2, 2.120985)
Testing accuracy: 38.27
(0.4, 3, 2.646356)
Testing accuracy: 37.07
(0.4, 4, 4.64774)
Testing accuracy: 36.89
(0.66, 2, 5.159621)
Testing accuracy: 36.69
(0.66, 3, 5.528077)
Testing accuracy: 37.02
(0.66, 4, 6.945581)
Testing accuracy: 37.15
(1.0, 2, 11.424356)
Testing accuracy: 36.46

 88%|████████▊ | 882/1000 [3:10:33<37:19, 18.98s/it]********************************************************************************
Round 882
this epoch cost time:0.870732307434082
this epoch choose: [40, 40, 99, 58, 14, 44, 54, 81, 32, 5]
this epoch dispatch models: [5 2 4 0 2 5 2 6 2 2]
this epoch received models: [np.int64(5), np.int64(2), np.int64(4), np.int64(0), np.int64(2), np.int64(5), np.int64(2), np.int64(6), np.int64(2), np.int64(2)]
hetero_proportion: 	4:3:3
(0.4, 2, 2.120985)
Testing accuracy: 38.19
(0.4, 3, 2.646356)
Testing accuracy: 37.07
(0.4, 4, 4.64774)
Testing accuracy: 36.94
(0.66, 2, 5.159621)
Testing accuracy: 36.68
(0.66, 3, 5.528077)
Testing accuracy: 36.90
(0.66, 4, 6.945581)
Testing accuracy: 37.16
(1.0, 2, 11.424356)
Testing accuracy: 36.46

 88%|████████▊ | 883/1000 [3:10:52<37:05, 19.02s/it]********************************************************************************
Round 883
this epoch cost time:1.1243174076080322
this epoch choose: [17, 84, 89, 83, 72, 39, 63, 43, 51, 99]
this epoch dispatch models: [0 3 1 2 5 2 4 0 1 6]
this epoch received models: [np.int64(0), np.int64(3), np.int64(1), np.int64(2), np.int64(5), np.int64(2), np.int64(4), np.int64(0), np.int64(1), np.int64(6)]
hetero_proportion: 	4:3:3
(0.4, 2, 2.120985)
Testing accuracy: 38.28
(0.4, 3, 2.646356)
Testing accuracy: 37.23
(0.4, 4, 4.64774)
Testing accuracy: 37.07
(0.66, 2, 5.159621)
Testing accuracy: 36.78
(0.66, 3, 5.528077)
Testing accuracy: 37.03
(0.66, 4, 6.945581)
Testing accuracy: 37.19
(1.0, 2, 11.424356)
Testing accuracy: 36.47

 88%|████████▊ | 884/1000 [3:11:12<36:50, 19.06s/it]********************************************************************************
Round 884
this epoch cost time:0.8518729209899902
this epoch choose: [75, 95, 99, 6, 59, 41, 20, 76, 29, 92]
this epoch dispatch models: [6 4 1 1 2 1 2 1 1 5]
this epoch received models: [np.int64(6), np.int64(4), np.int64(1), np.int64(1), np.int64(2), np.int64(1), np.int64(2), np.int64(1), np.int64(1), np.int64(5)]
hetero_proportion: 	4:3:3
(0.4, 2, 2.120985)
Testing accuracy: 38.31
(0.4, 3, 2.646356)
Testing accuracy: 37.29
(0.4, 4, 4.64774)
Testing accuracy: 37.06
(0.66, 2, 5.159621)
Testing accuracy: 36.73
(0.66, 3, 5.528077)
Testing accuracy: 37.03
(0.66, 4, 6.945581)
Testing accuracy: 37.12
(1.0, 2, 11.424356)
Testing accuracy: 36.49

 88%|████████▊ | 885/1000 [3:11:31<36:28, 19.03s/it]********************************************************************************
Round 885
this epoch cost time:0.930591344833374
this epoch choose: [70, 50, 79, 67, 74, 50, 47, 59, 97, 94]
this epoch dispatch models: [5 5 5 3 3 1 3 3 4 6]
this epoch received models: [np.int64(5), np.int64(5), np.int64(5), np.int64(3), np.int64(3), np.int64(1), np.int64(3), np.int64(3), np.int64(4), np.int64(6)]
hetero_proportion: 	4:3:3
(0.4, 2, 2.120985)
Testing accuracy: 38.44
(0.4, 3, 2.646356)
Testing accuracy: 37.26
(0.4, 4, 4.64774)
Testing accuracy: 37.14
(0.66, 2, 5.159621)
Testing accuracy: 36.72
(0.66, 3, 5.528077)
Testing accuracy: 36.84
(0.66, 4, 6.945581)
Testing accuracy: 36.98
(1.0, 2, 11.424356)
Testing accuracy: 36.42

 89%|████████▊ | 886/1000 [3:11:48<35:20, 18.60s/it]********************************************************************************
Round 886
this epoch cost time:0.8557734489440918
this epoch choose: [72, 79, 58, 97, 20, 75, 55, 62, 80, 48]
this epoch dispatch models: [6 5 2 6 1 1 2 0 3 5]
this epoch received models: [np.int64(6), np.int64(5), np.int64(2), np.int64(6), np.int64(1), np.int64(1), np.int64(2), np.int64(0), np.int64(3), np.int64(5)]
hetero_proportion: 	4:3:3
(0.4, 2, 2.120985)
Testing accuracy: 38.50
(0.4, 3, 2.646356)
Testing accuracy: 37.06
(0.4, 4, 4.64774)
Testing accuracy: 37.09
(0.66, 2, 5.159621)
Testing accuracy: 36.81
(0.66, 3, 5.528077)
Testing accuracy: 36.95
(0.66, 4, 6.945581)
Testing accuracy: 36.99
(1.0, 2, 11.424356)
Testing accuracy: 36.41

 89%|████████▊ | 887/1000 [3:12:08<35:33, 18.88s/it]********************************************************************************
Round 887
this epoch cost time:0.8177247047424316
this epoch choose: [94, 72, 41, 71, 89, 74, 70, 76, 76, 87]
this epoch dispatch models: [0 6 5 1 1 4 5 5 0 6]
this epoch received models: [np.int64(0), np.int64(6), np.int64(5), np.int64(1), np.int64(1), np.int64(4), np.int64(5), np.int64(5), np.int64(0), np.int64(6)]
hetero_proportion: 	4:3:3
(0.4, 2, 2.120985)
Testing accuracy: 38.50
(0.4, 3, 2.646356)
Testing accuracy: 36.99
(0.4, 4, 4.64774)
Testing accuracy: 36.89
(0.66, 2, 5.159621)
Testing accuracy: 36.68
(0.66, 3, 5.528077)
Testing accuracy: 36.72
(0.66, 4, 6.945581)
Testing accuracy: 36.87
(1.0, 2, 11.424356)
Testing accuracy: 36.41

 89%|████████▉ | 888/1000 [3:12:26<35:06, 18.81s/it]********************************************************************************
Round 888
this epoch cost time:0.8002481460571289
this epoch choose: [48, 55, 5, 68, 90, 59, 52, 91, 91, 76]
this epoch dispatch models: [3 3 1 2 5 5 2 5 6 4]
this epoch received models: [np.int64(3), np.int64(3), np.int64(1), np.int64(2), np.int64(5), np.int64(5), np.int64(2), np.int64(5), np.int64(6), np.int64(4)]
hetero_proportion: 	4:3:3
(0.4, 2, 2.120985)
Testing accuracy: 38.40
(0.4, 3, 2.646356)
Testing accuracy: 37.00
(0.4, 4, 4.64774)
Testing accuracy: 36.84
(0.66, 2, 5.159621)
Testing accuracy: 36.61
(0.66, 3, 5.528077)
Testing accuracy: 36.84
(0.66, 4, 6.945581)
Testing accuracy: 36.85
(1.0, 2, 11.424356)
Testing accuracy: 36.39

 89%|████████▉ | 889/1000 [3:12:46<35:08, 19.00s/it]********************************************************************************
Round 889
this epoch cost time:0.8548269271850586
this epoch choose: [59, 32, 76, 62, 75, 42, 66, 46, 88, 42]
this epoch dispatch models: [1 1 4 5 4 0 1 2 6 5]
this epoch received models: [np.int64(1), np.int64(1), np.int64(4), np.int64(5), np.int64(4), np.int64(0), np.int64(1), np.int64(2), np.int64(6), np.int64(5)]
hetero_proportion: 	4:3:3
(0.4, 2, 2.120985)
Testing accuracy: 38.52
(0.4, 3, 2.646356)
Testing accuracy: 36.91
(0.4, 4, 4.64774)
Testing accuracy: 36.91
(0.66, 2, 5.159621)
Testing accuracy: 36.46
(0.66, 3, 5.528077)
Testing accuracy: 36.83
(0.66, 4, 6.945581)
Testing accuracy: 37.00
(1.0, 2, 11.424356)
Testing accuracy: 36.49

 89%|████████▉ | 890/1000 [3:13:04<34:27, 18.80s/it]********************************************************************************
Round 890
this epoch cost time:0.9644815921783447
this epoch choose: [75, 67, 54, 71, 80, 81, 84, 56, 92, 93]
this epoch dispatch models: [6 5 3 4 2 6 2 3 2 6]
this epoch received models: [np.int64(6), np.int64(5), np.int64(3), np.int64(4), np.int64(2), np.int64(6), np.int64(2), np.int64(3), np.int64(2), np.int64(6)]
hetero_proportion: 	4:3:3
(0.4, 2, 2.120985)
Testing accuracy: 38.66
(0.4, 3, 2.646356)
Testing accuracy: 37.11
(0.4, 4, 4.64774)
Testing accuracy: 37.05
(0.66, 2, 5.159621)
Testing accuracy: 36.67
(0.66, 3, 5.528077)
Testing accuracy: 36.94
(0.66, 4, 6.945581)
Testing accuracy: 37.03
(1.0, 2, 11.424356)
Testing accuracy: 36.59

 89%|████████▉ | 891/1000 [3:13:23<34:13, 18.84s/it]********************************************************************************
Round 891
this epoch cost time:0.7132487297058105
this epoch choose: [96, 31, 44, 78, 33, 37, 72, 89, 42, 37]
this epoch dispatch models: [1 1 5 0 0 1 5 4 5 1]
this epoch received models: [np.int64(1), np.int64(1), np.int64(5), np.int64(0), np.int64(0), np.int64(1), np.int64(5), np.int64(4), np.int64(5), np.int64(1)]
hetero_proportion: 	4:3:3
(0.4, 2, 2.120985)
Testing accuracy: 38.44
(0.4, 3, 2.646356)
Testing accuracy: 37.14
(0.4, 4, 4.64774)
Testing accuracy: 37.14
(0.66, 2, 5.159621)
Testing accuracy: 36.72
(0.66, 3, 5.528077)
Testing accuracy: 36.77
(0.66, 4, 6.945581)
Testing accuracy: 37.00
(1.0, 2, 11.424356)
Testing accuracy: 36.56

 89%|████████▉ | 892/1000 [3:13:41<33:20, 18.52s/it]********************************************************************************
Round 892
this epoch cost time:0.7795026302337646
this epoch choose: [61, 99, 70, 90, 95, 50, 94, 11, 86, 77]
this epoch dispatch models: [2 3 4 0 5 5 5 1 2 3]
this epoch received models: [np.int64(2), np.int64(3), np.int64(4), np.int64(0), np.int64(5), np.int64(5), np.int64(5), np.int64(1), np.int64(2), np.int64(3)]
hetero_proportion: 	4:3:3
(0.4, 2, 2.120985)
Testing accuracy: 38.38
(0.4, 3, 2.646356)
Testing accuracy: 37.13
(0.4, 4, 4.64774)
Testing accuracy: 37.20
(0.66, 2, 5.159621)
Testing accuracy: 36.73
(0.66, 3, 5.528077)
Testing accuracy: 36.92
(0.66, 4, 6.945581)
Testing accuracy: 37.02
(1.0, 2, 11.424356)
Testing accuracy: 36.68

 89%|████████▉ | 893/1000 [3:13:59<32:51, 18.42s/it]********************************************************************************
Round 893
this epoch cost time:0.8440794944763184
this epoch choose: [86, 99, 70, 52, 43, 76, 74, 66, 43, 36]
this epoch dispatch models: [6 6 1 3 4 3 1 2 1 2]
this epoch received models: [np.int64(6), np.int64(6), np.int64(1), np.int64(3), np.int64(4), np.int64(3), np.int64(1), np.int64(2), np.int64(1), np.int64(2)]
hetero_proportion: 	4:3:3
(0.4, 2, 2.120985)
Testing accuracy: 38.30
(0.4, 3, 2.646356)
Testing accuracy: 37.15
(0.4, 4, 4.64774)
Testing accuracy: 37.17
(0.66, 2, 5.159621)
Testing accuracy: 36.77
(0.66, 3, 5.528077)
Testing accuracy: 36.98
(0.66, 4, 6.945581)
Testing accuracy: 36.91
(1.0, 2, 11.424356)
Testing accuracy: 36.63

 89%|████████▉ | 894/1000 [3:14:18<32:46, 18.56s/it]********************************************************************************
Round 894
this epoch cost time:0.9868514537811279
this epoch choose: [8, 71, 78, 28, 77, 83, 50, 18, 83, 92]
this epoch dispatch models: [2 1 3 2 3 0 5 1 3 0]
this epoch received models: [np.int64(2), np.int64(1), np.int64(3), np.int64(2), np.int64(3), np.int64(0), np.int64(5), np.int64(1), np.int64(3), np.int64(0)]
hetero_proportion: 	4:3:3
(0.4, 2, 2.120985)
Testing accuracy: 38.22
(0.4, 3, 2.646356)
Testing accuracy: 36.96
(0.4, 4, 4.64774)
Testing accuracy: 37.03
(0.66, 2, 5.159621)
Testing accuracy: 36.88
(0.66, 3, 5.528077)
Testing accuracy: 36.91
(0.66, 4, 6.945581)
Testing accuracy: 37.02
(1.0, 2, 11.424356)
Testing accuracy: 36.55

 90%|████████▉ | 895/1000 [3:14:37<32:43, 18.70s/it]********************************************************************************
Round 895
this epoch cost time:0.951857328414917
this epoch choose: [67, 80, 79, 40, 81, 85, 25, 89, 89, 69]
this epoch dispatch models: [4 0 5 2 0 5 1 6 5 3]
this epoch received models: [np.int64(4), np.int64(0), np.int64(5), np.int64(2), np.int64(0), np.int64(5), np.int64(1), np.int64(6), np.int64(5), np.int64(3)]
hetero_proportion: 	4:3:3
(0.4, 2, 2.120985)
Testing accuracy: 38.20
(0.4, 3, 2.646356)
Testing accuracy: 36.93
(0.4, 4, 4.64774)
Testing accuracy: 37.04
(0.66, 2, 5.159621)
Testing accuracy: 36.93
(0.66, 3, 5.528077)
Testing accuracy: 36.94
(0.66, 4, 6.945581)
Testing accuracy: 36.80
(1.0, 2, 11.424356)
Testing accuracy: 36.36

 90%|████████▉ | 896/1000 [3:14:56<32:36, 18.81s/it]********************************************************************************
Round 896
this epoch cost time:0.899052619934082
this epoch choose: [82, 98, 23, 0, 97, 52, 6, 41, 72, 49]
this epoch dispatch models: [5 4 0 2 2 5 0 5 6 0]
this epoch received models: [np.int64(5), np.int64(4), np.int64(0), np.int64(2), np.int64(2), np.int64(5), np.int64(0), np.int64(5), np.int64(6), np.int64(0)]
hetero_proportion: 	4:3:3
(0.4, 2, 2.120985)
Testing accuracy: 38.25
(0.4, 3, 2.646356)
Testing accuracy: 36.84
(0.4, 4, 4.64774)
Testing accuracy: 37.03
(0.66, 2, 5.159621)
Testing accuracy: 36.85
(0.66, 3, 5.528077)
Testing accuracy: 36.83
(0.66, 4, 6.945581)
Testing accuracy: 36.82
(1.0, 2, 11.424356)
Testing accuracy: 36.39

 90%|████████▉ | 897/1000 [3:15:15<32:33, 18.97s/it]********************************************************************************
Round 897
this epoch cost time:0.9343316555023193
this epoch choose: [95, 81, 97, 55, 52, 20, 0, 54, 42, 31]
this epoch dispatch models: [6 6 4 0 3 0 1 2 3 1]
this epoch received models: [np.int64(6), np.int64(6), np.int64(4), np.int64(0), np.int64(3), np.int64(0), np.int64(1), np.int64(2), np.int64(3), np.int64(1)]
hetero_proportion: 	4:3:3
(0.4, 2, 2.120985)
Testing accuracy: 38.29
(0.4, 3, 2.646356)
Testing accuracy: 37.13
(0.4, 4, 4.64774)
Testing accuracy: 37.11
(0.66, 2, 5.159621)
Testing accuracy: 36.61
(0.66, 3, 5.528077)
Testing accuracy: 37.00
(0.66, 4, 6.945581)
Testing accuracy: 37.09
(1.0, 2, 11.424356)
Testing accuracy: 36.36

 90%|████████▉ | 898/1000 [3:15:34<31:53, 18.76s/it]********************************************************************************
Round 898
this epoch cost time:0.9510064125061035
this epoch choose: [43, 50, 14, 81, 63, 87, 76, 74, 48, 66]
this epoch dispatch models: [5 1 1 6 5 6 0 6 1 2]
this epoch received models: [np.int64(5), np.int64(1), np.int64(1), np.int64(6), np.int64(5), np.int64(6), np.int64(0), np.int64(6), np.int64(1), np.int64(2)]
hetero_proportion: 	4:3:3
(0.4, 2, 2.120985)
Testing accuracy: 38.34
(0.4, 3, 2.646356)
Testing accuracy: 36.90
(0.4, 4, 4.64774)
Testing accuracy: 36.91
(0.66, 2, 5.159621)
Testing accuracy: 36.71
(0.66, 3, 5.528077)
Testing accuracy: 36.86
(0.66, 4, 6.945581)
Testing accuracy: 36.83
(1.0, 2, 11.424356)
Testing accuracy: 36.28

 90%|████████▉ | 899/1000 [3:15:52<31:30, 18.71s/it]********************************************************************************
Round 899
this epoch cost time:0.9235403537750244
this epoch choose: [80, 73, 95, 80, 71, 80, 0, 59, 30, 51]
this epoch dispatch models: [5 6 0 6 4 5 1 0 0 2]
this epoch received models: [np.int64(5), np.int64(6), np.int64(0), np.int64(6), np.int64(4), np.int64(5), np.int64(1), np.int64(0), np.int64(0), np.int64(2)]
hetero_proportion: 	4:3:3
(0.4, 2, 2.120985)
Testing accuracy: 37.97
(0.4, 3, 2.646356)
Testing accuracy: 36.75
(0.4, 4, 4.64774)
Testing accuracy: 37.01
(0.66, 2, 5.159621)
Testing accuracy: 36.77
(0.66, 3, 5.528077)
Testing accuracy: 36.84
(0.66, 4, 6.945581)
Testing accuracy: 37.01
(1.0, 2, 11.424356)
Testing accuracy: 36.36

 90%|█████████ | 900/1000 [3:16:12<31:34, 18.94s/it]********************************************************************************
Round 900
this epoch cost time:0.8894121646881104
this epoch choose: [71, 72, 67, 94, 78, 75, 64, 41, 44, 65]
this epoch dispatch models: [2 6 3 4 4 1 3 3 2 1]
this epoch received models: [np.int64(2), np.int64(6), np.int64(3), np.int64(4), np.int64(4), np.int64(1), np.int64(3), np.int64(3), np.int64(2), np.int64(1)]
hetero_proportion: 	4:3:3
(0.4, 2, 2.120985)
Testing accuracy: 38.16
(0.4, 3, 2.646356)
Testing accuracy: 36.85
(0.4, 4, 4.64774)
Testing accuracy: 37.05
(0.66, 2, 5.159621)
Testing accuracy: 36.66
(0.66, 3, 5.528077)
Testing accuracy: 36.80
(0.66, 4, 6.945581)
Testing accuracy: 36.87
(1.0, 2, 11.424356)
Testing accuracy: 36.37

 90%|█████████ | 901/1000 [3:16:30<31:01, 18.81s/it]********************************************************************************
Round 901
this epoch cost time:0.7067852020263672
this epoch choose: [37, 54, 50, 63, 51, 47, 6, 93, 43, 52]
this epoch dispatch models: [1 3 0 1 2 0 1 4 3 2]
this epoch received models: [np.int64(1), np.int64(3), np.int64(0), np.int64(1), np.int64(2), np.int64(0), np.int64(1), np.int64(4), np.int64(3), np.int64(2)]
hetero_proportion: 	4:3:3
(0.4, 2, 2.120985)
Testing accuracy: 38.18
(0.4, 3, 2.646356)
Testing accuracy: 36.97
(0.4, 4, 4.64774)
Testing accuracy: 37.14
(0.66, 2, 5.159621)
Testing accuracy: 36.70
(0.66, 3, 5.528077)
Testing accuracy: 36.84
(0.66, 4, 6.945581)
Testing accuracy: 37.10
(1.0, 2, 11.424356)
Testing accuracy: 36.28

 90%|█████████ | 902/1000 [3:16:47<29:56, 18.34s/it]********************************************************************************
Round 902
this epoch cost time:0.8446500301361084
this epoch choose: [77, 54, 77, 99, 20, 84, 49, 61, 52, 49]
this epoch dispatch models: [2 0 5 6 1 5 3 5 5 3]
this epoch received models: [np.int64(2), np.int64(0), np.int64(5), np.int64(6), np.int64(1), np.int64(5), np.int64(3), np.int64(5), np.int64(5), np.int64(3)]
hetero_proportion: 	4:3:3
(0.4, 2, 2.120985)
Testing accuracy: 38.30
(0.4, 3, 2.646356)
Testing accuracy: 36.96
(0.4, 4, 4.64774)
Testing accuracy: 37.05
(0.66, 2, 5.159621)
Testing accuracy: 36.86
(0.66, 3, 5.528077)
Testing accuracy: 36.85
(0.66, 4, 6.945581)
Testing accuracy: 37.17
(1.0, 2, 11.424356)
Testing accuracy: 36.47

 90%|█████████ | 903/1000 [3:17:06<29:45, 18.41s/it]********************************************************************************
Round 903
this epoch cost time:0.9087095260620117
this epoch choose: [85, 52, 40, 88, 98, 70, 46, 63, 46, 93]
this epoch dispatch models: [6 0 0 5 0 6 0 3 0 2]
this epoch received models: [np.int64(6), np.int64(0), np.int64(0), np.int64(5), np.int64(0), np.int64(6), np.int64(0), np.int64(3), np.int64(0), np.int64(2)]
hetero_proportion: 	4:3:3
(0.4, 2, 2.120985)
Testing accuracy: 37.97
(0.4, 3, 2.646356)
Testing accuracy: 36.84
(0.4, 4, 4.64774)
Testing accuracy: 36.88
(0.66, 2, 5.159621)
Testing accuracy: 36.63
(0.66, 3, 5.528077)
Testing accuracy: 36.72
(0.66, 4, 6.945581)
Testing accuracy: 36.92
(1.0, 2, 11.424356)
Testing accuracy: 36.27

 90%|█████████ | 904/1000 [3:17:24<29:05, 18.18s/it]********************************************************************************
Round 904
this epoch cost time:0.8966643810272217
this epoch choose: [45, 96, 49, 48, 91, 81, 42, 95, 49, 43]
this epoch dispatch models: [5 0 0 3 1 5 4 4 4 4]
this epoch received models: [np.int64(5), np.int64(0), np.int64(0), np.int64(3), np.int64(1), np.int64(5), np.int64(4), np.int64(4), np.int64(4), np.int64(4)]
hetero_proportion: 	4:3:3
(0.4, 2, 2.120985)
Testing accuracy: 37.97
(0.4, 3, 2.646356)
Testing accuracy: 37.03
(0.4, 4, 4.64774)
Testing accuracy: 36.81
(0.66, 2, 5.159621)
Testing accuracy: 36.60
(0.66, 3, 5.528077)
Testing accuracy: 36.84
(0.66, 4, 6.945581)
Testing accuracy: 36.78
(1.0, 2, 11.424356)
Testing accuracy: 36.21

 90%|█████████ | 905/1000 [3:17:43<29:18, 18.51s/it]********************************************************************************
Round 905
this epoch cost time:0.7656927108764648
this epoch choose: [93, 79, 33, 61, 5, 10, 74, 17, 77, 60]
this epoch dispatch models: [6 6 2 5 2 0 6 1 6 4]
this epoch received models: [np.int64(6), np.int64(6), np.int64(2), np.int64(5), np.int64(2), np.int64(0), np.int64(6), np.int64(1), np.int64(6), np.int64(4)]
hetero_proportion: 	4:3:3
(0.4, 2, 2.120985)
Testing accuracy: 37.91
(0.4, 3, 2.646356)
Testing accuracy: 36.85
(0.4, 4, 4.64774)
Testing accuracy: 36.84
(0.66, 2, 5.159621)
Testing accuracy: 36.51
(0.66, 3, 5.528077)
Testing accuracy: 36.80
(0.66, 4, 6.945581)
Testing accuracy: 36.84
(1.0, 2, 11.424356)
Testing accuracy: 36.26

 91%|█████████ | 906/1000 [3:18:01<29:01, 18.53s/it]********************************************************************************
Round 906
this epoch cost time:0.9789376258850098
this epoch choose: [53, 88, 20, 84, 25, 66, 63, 48, 39, 90]
this epoch dispatch models: [5 4 2 6 1 3 4 5 1 4]
this epoch received models: [np.int64(5), np.int64(4), np.int64(2), np.int64(6), np.int64(1), np.int64(3), np.int64(4), np.int64(5), np.int64(1), np.int64(4)]
hetero_proportion: 	4:3:3
(0.4, 2, 2.120985)
Testing accuracy: 38.14
(0.4, 3, 2.646356)
Testing accuracy: 36.92
(0.4, 4, 4.64774)
Testing accuracy: 37.01
(0.66, 2, 5.159621)
Testing accuracy: 36.73
(0.66, 3, 5.528077)
Testing accuracy: 36.87
(0.66, 4, 6.945581)
Testing accuracy: 36.92
(1.0, 2, 11.424356)
Testing accuracy: 36.32

 91%|█████████ | 907/1000 [3:18:21<29:14, 18.87s/it]********************************************************************************
Round 907
this epoch cost time:0.946962833404541
this epoch choose: [77, 23, 58, 41, 88, 22, 86, 80, 73, 4]
this epoch dispatch models: [3 1 1 4 6 2 5 3 6 2]
this epoch received models: [np.int64(3), np.int64(1), np.int64(1), np.int64(4), np.int64(6), np.int64(2), np.int64(5), np.int64(3), np.int64(6), np.int64(2)]
hetero_proportion: 	4:3:3
(0.4, 2, 2.120985)
Testing accuracy: 38.29
(0.4, 3, 2.646356)
Testing accuracy: 36.86
(0.4, 4, 4.64774)
Testing accuracy: 37.06
(0.66, 2, 5.159621)
Testing accuracy: 36.72
(0.66, 3, 5.528077)
Testing accuracy: 37.03
(0.66, 4, 6.945581)
Testing accuracy: 37.12
(1.0, 2, 11.424356)
Testing accuracy: 36.50

 91%|█████████ | 908/1000 [3:18:40<28:54, 18.85s/it]********************************************************************************
Round 908
this epoch cost time:0.881486177444458
this epoch choose: [95, 18, 53, 91, 58, 65, 94, 53, 7, 9]
this epoch dispatch models: [2 1 2 6 4 2 6 5 0 0]
this epoch received models: [np.int64(2), np.int64(1), np.int64(2), np.int64(6), np.int64(4), np.int64(2), np.int64(6), np.int64(5), np.int64(0), np.int64(0)]
hetero_proportion: 	4:3:3
(0.4, 2, 2.120985)
Testing accuracy: 38.44
(0.4, 3, 2.646356)
Testing accuracy: 36.86
(0.4, 4, 4.64774)
Testing accuracy: 37.11
(0.66, 2, 5.159621)
Testing accuracy: 36.91
(0.66, 3, 5.528077)
Testing accuracy: 37.14
(0.66, 4, 6.945581)
Testing accuracy: 36.96
(1.0, 2, 11.424356)
Testing accuracy: 36.58

 91%|█████████ | 909/1000 [3:18:59<28:33, 18.83s/it]********************************************************************************
Round 909
this epoch cost time:0.9505999088287354
this epoch choose: [89, 67, 99, 65, 69, 90, 54, 86, 57, 88]
this epoch dispatch models: [6 1 1 1 1 0 2 5 5 0]
this epoch received models: [np.int64(6), np.int64(1), np.int64(1), np.int64(1), np.int64(1), np.int64(0), np.int64(2), np.int64(5), np.int64(5), np.int64(0)]
hetero_proportion: 	4:3:3
(0.4, 2, 2.120985)
Testing accuracy: 38.28
(0.4, 3, 2.646356)
Testing accuracy: 37.20
(0.4, 4, 4.64774)
Testing accuracy: 37.26
(0.66, 2, 5.159621)
Testing accuracy: 36.92
(0.66, 3, 5.528077)
Testing accuracy: 37.05
(0.66, 4, 6.945581)
Testing accuracy: 37.12
(1.0, 2, 11.424356)
Testing accuracy: 36.54

 91%|█████████ | 910/1000 [3:19:17<28:02, 18.69s/it]********************************************************************************
Round 910
this epoch cost time:0.8827896118164062
this epoch choose: [85, 71, 84, 69, 82, 77, 79, 97, 45, 76]
this epoch dispatch models: [6 0 6 3 2 5 0 3 3 4]
this epoch received models: [np.int64(6), np.int64(0), np.int64(6), np.int64(3), np.int64(2), np.int64(5), np.int64(0), np.int64(3), np.int64(3), np.int64(4)]
hetero_proportion: 	4:3:3
(0.4, 2, 2.120985)
Testing accuracy: 38.41
(0.4, 3, 2.646356)
Testing accuracy: 37.12
(0.4, 4, 4.64774)
Testing accuracy: 37.15
(0.66, 2, 5.159621)
Testing accuracy: 36.83
(0.66, 3, 5.528077)
Testing accuracy: 36.89
(0.66, 4, 6.945581)
Testing accuracy: 37.13
(1.0, 2, 11.424356)
Testing accuracy: 36.70

 91%|█████████ | 911/1000 [3:19:36<27:46, 18.72s/it]********************************************************************************
Round 911
this epoch cost time:0.7596859931945801
this epoch choose: [43, 73, 95, 38, 54, 99, 42, 30, 47, 26]
this epoch dispatch models: [1 6 3 1 3 2 3 1 3 1]
this epoch received models: [np.int64(1), np.int64(6), np.int64(3), np.int64(1), np.int64(3), np.int64(2), np.int64(3), np.int64(1), np.int64(3), np.int64(1)]
hetero_proportion: 	4:3:3
(0.4, 2, 2.120985)
Testing accuracy: 38.52
(0.4, 3, 2.646356)
Testing accuracy: 37.37
(0.4, 4, 4.64774)
Testing accuracy: 37.20
(0.66, 2, 5.159621)
Testing accuracy: 36.92
(0.66, 3, 5.528077)
Testing accuracy: 37.06
(0.66, 4, 6.945581)
Testing accuracy: 37.31
(1.0, 2, 11.424356)
Testing accuracy: 36.68

 91%|█████████ | 912/1000 [3:19:54<27:23, 18.68s/it]********************************************************************************
Round 912
this epoch cost time:0.8292722702026367
this epoch choose: [22, 81, 96, 82, 96, 92, 51, 90, 48, 92]
this epoch dispatch models: [2 4 0 6 0 3 2 6 5 4]
this epoch received models: [np.int64(2), np.int64(4), np.int64(0), np.int64(6), np.int64(0), np.int64(3), np.int64(2), np.int64(6), np.int64(5), np.int64(4)]
hetero_proportion: 	4:3:3
(0.4, 2, 2.120985)
Testing accuracy: 38.33
(0.4, 3, 2.646356)
Testing accuracy: 37.25
(0.4, 4, 4.64774)
Testing accuracy: 37.27
(0.66, 2, 5.159621)
Testing accuracy: 36.91
(0.66, 3, 5.528077)
Testing accuracy: 37.18
(0.66, 4, 6.945581)
Testing accuracy: 37.26
(1.0, 2, 11.424356)
Testing accuracy: 36.60

 91%|█████████▏| 913/1000 [3:20:14<27:22, 18.88s/it]********************************************************************************
Round 913
this epoch cost time:0.9470229148864746
this epoch choose: [76, 29, 75, 81, 26, 62, 95, 84, 77, 82]
this epoch dispatch models: [3 1 5 5 0 0 5 3 4 1]
this epoch received models: [np.int64(3), np.int64(1), np.int64(5), np.int64(5), np.int64(0), np.int64(0), np.int64(5), np.int64(3), np.int64(4), np.int64(1)]
hetero_proportion: 	4:3:3
(0.4, 2, 2.120985)
Testing accuracy: 38.31
(0.4, 3, 2.646356)
Testing accuracy: 37.20
(0.4, 4, 4.64774)
Testing accuracy: 37.36
(0.66, 2, 5.159621)
Testing accuracy: 37.02
(0.66, 3, 5.528077)
Testing accuracy: 37.18
(0.66, 4, 6.945581)
Testing accuracy: 37.24
(1.0, 2, 11.424356)
Testing accuracy: 36.68

 91%|█████████▏| 914/1000 [3:20:33<26:58, 18.81s/it]********************************************************************************
Round 914
this epoch cost time:1.1146481037139893
this epoch choose: [19, 83, 87, 80, 96, 14, 49, 84, 45, 82]
this epoch dispatch models: [0 5 4 0 1 0 1 6 2 5]
this epoch received models: [np.int64(0), np.int64(5), np.int64(4), np.int64(0), np.int64(1), np.int64(0), np.int64(1), np.int64(6), np.int64(2), np.int64(5)]
hetero_proportion: 	4:3:3
(0.4, 2, 2.120985)
Testing accuracy: 38.11
(0.4, 3, 2.646356)
Testing accuracy: 37.00
(0.4, 4, 4.64774)
Testing accuracy: 37.21
(0.66, 2, 5.159621)
Testing accuracy: 37.11
(0.66, 3, 5.528077)
Testing accuracy: 37.06
(0.66, 4, 6.945581)
Testing accuracy: 37.22
(1.0, 2, 11.424356)
Testing accuracy: 36.49

 92%|█████████▏| 915/1000 [3:20:51<26:42, 18.85s/it]********************************************************************************
Round 915
this epoch cost time:0.888383150100708
this epoch choose: [2, 78, 61, 80, 62, 89, 71, 31, 78, 36]
this epoch dispatch models: [0 3 0 4 0 3 6 1 0 0]
this epoch received models: [np.int64(0), np.int64(3), np.int64(0), np.int64(4), np.int64(0), np.int64(3), np.int64(6), np.int64(1), np.int64(0), np.int64(0)]
hetero_proportion: 	4:3:3
(0.4, 2, 2.120985)
Testing accuracy: 38.24
(0.4, 3, 2.646356)
Testing accuracy: 36.98
(0.4, 4, 4.64774)
Testing accuracy: 37.24
(0.66, 2, 5.159621)
Testing accuracy: 37.12
(0.66, 3, 5.528077)
Testing accuracy: 37.00
(0.66, 4, 6.945581)
Testing accuracy: 37.17
(1.0, 2, 11.424356)
Testing accuracy: 36.56

 92%|█████████▏| 916/1000 [3:21:10<26:18, 18.80s/it]********************************************************************************
Round 916
this epoch cost time:0.9427845478057861
this epoch choose: [51, 72, 89, 60, 8, 95, 97, 80, 11, 93]
this epoch dispatch models: [5 3 6 2 0 2 6 6 0 5]
this epoch received models: [np.int64(5), np.int64(3), np.int64(6), np.int64(2), np.int64(0), np.int64(2), np.int64(6), np.int64(6), np.int64(0), np.int64(5)]
hetero_proportion: 	4:3:3
(0.4, 2, 2.120985)
Testing accuracy: 38.26
(0.4, 3, 2.646356)
Testing accuracy: 36.93
(0.4, 4, 4.64774)
Testing accuracy: 37.16
(0.66, 2, 5.159621)
Testing accuracy: 36.93
(0.66, 3, 5.528077)
Testing accuracy: 37.02
(0.66, 4, 6.945581)
Testing accuracy: 37.15
(1.0, 2, 11.424356)
Testing accuracy: 36.50

 92%|█████████▏| 917/1000 [3:21:28<25:44, 18.61s/it]********************************************************************************
Round 917
this epoch cost time:0.9031765460968018
this epoch choose: [33, 84, 91, 73, 59, 94, 83, 16, 69, 81]
this epoch dispatch models: [1 5 5 4 4 5 4 0 1 0]
this epoch received models: [np.int64(1), np.int64(5), np.int64(5), np.int64(4), np.int64(4), np.int64(5), np.int64(4), np.int64(0), np.int64(1), np.int64(0)]
hetero_proportion: 	4:3:3
(0.4, 2, 2.120985)
Testing accuracy: 38.21
(0.4, 3, 2.646356)
Testing accuracy: 36.99
(0.4, 4, 4.64774)
Testing accuracy: 37.10
(0.66, 2, 5.159621)
Testing accuracy: 36.80
(0.66, 3, 5.528077)
Testing accuracy: 37.07
(0.66, 4, 6.945581)
Testing accuracy: 37.07
(1.0, 2, 11.424356)
Testing accuracy: 36.48

 92%|█████████▏| 918/1000 [3:21:47<25:31, 18.68s/it]********************************************************************************
Round 918
this epoch cost time:0.9478507041931152
this epoch choose: [43, 80, 10, 49, 72, 98, 84, 48, 75, 85]
this epoch dispatch models: [5 6 1 5 3 3 5 5 6 1]
this epoch received models: [np.int64(5), np.int64(6), np.int64(1), np.int64(5), np.int64(3), np.int64(3), np.int64(5), np.int64(5), np.int64(6), np.int64(1)]
hetero_proportion: 	4:3:3
(0.4, 2, 2.120985)
Testing accuracy: 38.16
(0.4, 3, 2.646356)
Testing accuracy: 37.13
(0.4, 4, 4.64774)
Testing accuracy: 36.89
(0.66, 2, 5.159621)
Testing accuracy: 36.94
(0.66, 3, 5.528077)
Testing accuracy: 37.16
(0.66, 4, 6.945581)
Testing accuracy: 36.93
(1.0, 2, 11.424356)
Testing accuracy: 36.43

 92%|█████████▏| 919/1000 [3:22:07<25:35, 18.95s/it]********************************************************************************
Round 919
this epoch cost time:0.920076847076416
this epoch choose: [94, 41, 79, 74, 0, 43, 8, 96, 69, 46]
this epoch dispatch models: [6 4 5 5 1 5 1 2 1 0]
this epoch received models: [np.int64(6), np.int64(4), np.int64(5), np.int64(5), np.int64(1), np.int64(5), np.int64(1), np.int64(2), np.int64(1), np.int64(0)]
hetero_proportion: 	4:3:3
(0.4, 2, 2.120985)
Testing accuracy: 38.10
(0.4, 3, 2.646356)
Testing accuracy: 36.98
(0.4, 4, 4.64774)
Testing accuracy: 36.98
(0.66, 2, 5.159621)
Testing accuracy: 36.82
(0.66, 3, 5.528077)
Testing accuracy: 37.03
(0.66, 4, 6.945581)
Testing accuracy: 36.96
(1.0, 2, 11.424356)
Testing accuracy: 36.49

 92%|█████████▏| 920/1000 [3:22:27<25:38, 19.23s/it]********************************************************************************
Round 920
this epoch cost time:1.1666450500488281
this epoch choose: [98, 70, 6, 83, 95, 67, 81, 83, 68, 72]
this epoch dispatch models: [5 4 0 3 4 1 4 4 2 6]
this epoch received models: [np.int64(5), np.int64(4), np.int64(0), np.int64(3), np.int64(4), np.int64(1), np.int64(4), np.int64(4), np.int64(2), np.int64(6)]
hetero_proportion: 	4:3:3
(0.4, 2, 2.120985)
Testing accuracy: 38.47
(0.4, 3, 2.646356)
Testing accuracy: 37.20
(0.4, 4, 4.64774)
Testing accuracy: 36.97
(0.66, 2, 5.159621)
Testing accuracy: 36.72
(0.66, 3, 5.528077)
Testing accuracy: 37.10
(0.66, 4, 6.945581)
Testing accuracy: 37.11
(1.0, 2, 11.424356)
Testing accuracy: 36.45

 92%|█████████▏| 921/1000 [3:22:46<25:26, 19.32s/it]********************************************************************************
Round 921
this epoch cost time:0.9862143993377686
this epoch choose: [58, 69, 72, 98, 83, 70, 57, 62, 57, 10]
this epoch dispatch models: [2 4 1 3 4 6 3 5 1 1]
this epoch received models: [np.int64(2), np.int64(4), np.int64(1), np.int64(3), np.int64(4), np.int64(6), np.int64(3), np.int64(5), np.int64(1), np.int64(1)]
hetero_proportion: 	4:3:3
(0.4, 2, 2.120985)
Testing accuracy: 38.44
(0.4, 3, 2.646356)
Testing accuracy: 37.31
(0.4, 4, 4.64774)
Testing accuracy: 36.81
(0.66, 2, 5.159621)
Testing accuracy: 36.92
(0.66, 3, 5.528077)
Testing accuracy: 37.08
(0.66, 4, 6.945581)
Testing accuracy: 37.18
(1.0, 2, 11.424356)
Testing accuracy: 36.41

 92%|█████████▏| 922/1000 [3:23:05<25:00, 19.24s/it]********************************************************************************
Round 922
this epoch cost time:0.8050262928009033
this epoch choose: [62, 8, 51, 22, 96, 76, 0, 73, 50, 24]
this epoch dispatch models: [5 2 4 1 2 4 1 2 1 1]
this epoch received models: [np.int64(5), np.int64(2), np.int64(4), np.int64(1), np.int64(2), np.int64(4), np.int64(1), np.int64(2), np.int64(1), np.int64(1)]
hetero_proportion: 	4:3:3
(0.4, 2, 2.120985)
Testing accuracy: 38.26
(0.4, 3, 2.646356)
Testing accuracy: 37.19
(0.4, 4, 4.64774)
Testing accuracy: 36.97
(0.66, 2, 5.159621)
Testing accuracy: 36.71
(0.66, 3, 5.528077)
Testing accuracy: 36.92
(0.66, 4, 6.945581)
Testing accuracy: 37.11
(1.0, 2, 11.424356)
Testing accuracy: 36.37

 92%|█████████▏| 923/1000 [3:23:24<24:27, 19.06s/it]********************************************************************************
Round 923
this epoch cost time:0.9498753547668457
this epoch choose: [72, 85, 54, 74, 71, 47, 62, 73, 86, 62]
this epoch dispatch models: [2 1 4 6 5 3 3 5 2 1]
this epoch received models: [np.int64(2), np.int64(1), np.int64(4), np.int64(6), np.int64(5), np.int64(3), np.int64(3), np.int64(5), np.int64(2), np.int64(1)]
hetero_proportion: 	4:3:3
(0.4, 2, 2.120985)
Testing accuracy: 38.37
(0.4, 3, 2.646356)
Testing accuracy: 37.06
(0.4, 4, 4.64774)
Testing accuracy: 36.96
(0.66, 2, 5.159621)
Testing accuracy: 36.67
(0.66, 3, 5.528077)
Testing accuracy: 36.92
(0.66, 4, 6.945581)
Testing accuracy: 37.06
(1.0, 2, 11.424356)
Testing accuracy: 36.40

 92%|█████████▏| 924/1000 [3:23:46<25:11, 19.88s/it]********************************************************************************
Round 924
this epoch cost time:0.7751367092132568
this epoch choose: [76, 13, 86, 79, 87, 87, 22, 72, 99, 79]
this epoch dispatch models: [1 2 5 2 6 2 0 4 6 6]
this epoch received models: [np.int64(1), np.int64(2), np.int64(5), np.int64(2), np.int64(6), np.int64(2), np.int64(0), np.int64(4), np.int64(6), np.int64(6)]
hetero_proportion: 	4:3:3
(0.4, 2, 2.120985)
Testing accuracy: 38.21
(0.4, 3, 2.646356)
Testing accuracy: 37.15
(0.4, 4, 4.64774)
Testing accuracy: 37.07
(0.66, 2, 5.159621)
Testing accuracy: 36.67
(0.66, 3, 5.528077)
Testing accuracy: 36.93
(0.66, 4, 6.945581)
Testing accuracy: 37.12
(1.0, 2, 11.424356)
Testing accuracy: 36.42

 92%|█████████▎| 925/1000 [3:24:04<24:07, 19.30s/it]********************************************************************************
Round 925
this epoch cost time:0.8640282154083252
this epoch choose: [73, 59, 72, 97, 79, 73, 76, 60, 68, 68]
this epoch dispatch models: [6 3 6 4 2 6 3 3 1 5]
this epoch received models: [np.int64(6), np.int64(3), np.int64(6), np.int64(4), np.int64(2), np.int64(6), np.int64(3), np.int64(3), np.int64(1), np.int64(5)]
hetero_proportion: 	4:3:3
(0.4, 2, 2.120985)
Testing accuracy: 38.41
(0.4, 3, 2.646356)
Testing accuracy: 36.95
(0.4, 4, 4.64774)
Testing accuracy: 36.86
(0.66, 2, 5.159621)
Testing accuracy: 36.71
(0.66, 3, 5.528077)
Testing accuracy: 37.02
(0.66, 4, 6.945581)
Testing accuracy: 37.12
(1.0, 2, 11.424356)
Testing accuracy: 36.43

 93%|█████████▎| 926/1000 [3:24:22<23:34, 19.12s/it]********************************************************************************
Round 926
this epoch cost time:0.8896174430847168
this epoch choose: [76, 87, 77, 36, 68, 79, 94, 72, 56, 68]
this epoch dispatch models: [3 5 3 1 5 6 6 3 1 0]
this epoch received models: [np.int64(3), np.int64(5), np.int64(3), np.int64(1), np.int64(5), np.int64(6), np.int64(6), np.int64(3), np.int64(1), np.int64(0)]
hetero_proportion: 	4:3:3
(0.4, 2, 2.120985)
Testing accuracy: 38.37
(0.4, 3, 2.646356)
Testing accuracy: 37.01
(0.4, 4, 4.64774)
Testing accuracy: 36.74
(0.66, 2, 5.159621)
Testing accuracy: 36.83
(0.66, 3, 5.528077)
Testing accuracy: 36.99
(0.66, 4, 6.945581)
Testing accuracy: 37.14
(1.0, 2, 11.424356)
Testing accuracy: 36.65

 93%|█████████▎| 927/1000 [3:24:41<23:10, 19.05s/it]********************************************************************************
Round 927
this epoch cost time:0.7459402084350586
this epoch choose: [59, 77, 19, 79, 77, 34, 98, 93, 44, 85]
this epoch dispatch models: [1 5 1 6 5 1 4 5 3 1]
this epoch received models: [np.int64(1), np.int64(5), np.int64(1), np.int64(6), np.int64(5), np.int64(1), np.int64(4), np.int64(5), np.int64(3), np.int64(1)]
hetero_proportion: 	4:3:3
(0.4, 2, 2.120985)
Testing accuracy: 38.33
(0.4, 3, 2.646356)
Testing accuracy: 37.13
(0.4, 4, 4.64774)
Testing accuracy: 37.03
(0.66, 2, 5.159621)
Testing accuracy: 36.64
(0.66, 3, 5.528077)
Testing accuracy: 36.97
(0.66, 4, 6.945581)
Testing accuracy: 36.92
(1.0, 2, 11.424356)
Testing accuracy: 36.66

 93%|█████████▎| 928/1000 [3:24:59<22:22, 18.65s/it]********************************************************************************
Round 928
this epoch cost time:0.9597604274749756
this epoch choose: [36, 71, 72, 50, 92, 48, 71, 88, 81, 92]
this epoch dispatch models: [2 6 1 0 6 4 3 6 4 4]
this epoch received models: [np.int64(2), np.int64(6), np.int64(1), np.int64(0), np.int64(6), np.int64(4), np.int64(3), np.int64(6), np.int64(4), np.int64(4)]
hetero_proportion: 	4:3:3
(0.4, 2, 2.120985)
Testing accuracy: 38.54
(0.4, 3, 2.646356)
Testing accuracy: 37.08
(0.4, 4, 4.64774)
Testing accuracy: 37.09
(0.66, 2, 5.159621)
Testing accuracy: 36.66
(0.66, 3, 5.528077)
Testing accuracy: 37.01
(0.66, 4, 6.945581)
Testing accuracy: 36.93
(1.0, 2, 11.424356)
Testing accuracy: 36.60

 93%|█████████▎| 929/1000 [3:25:17<21:50, 18.45s/it]********************************************************************************
Round 929
this epoch cost time:0.7172698974609375
this epoch choose: [94, 86, 94, 85, 60, 85, 33, 15, 76, 37]
this epoch dispatch models: [6 3 4 5 3 2 1 2 3 1]
this epoch received models: [np.int64(6), np.int64(3), np.int64(4), np.int64(5), np.int64(3), np.int64(2), np.int64(1), np.int64(2), np.int64(3), np.int64(1)]
hetero_proportion: 	4:3:3
(0.4, 2, 2.120985)
Testing accuracy: 38.65
(0.4, 3, 2.646356)
Testing accuracy: 37.29
(0.4, 4, 4.64774)
Testing accuracy: 37.07
(0.66, 2, 5.159621)
Testing accuracy: 36.64
(0.66, 3, 5.528077)
Testing accuracy: 37.13
(0.66, 4, 6.945581)
Testing accuracy: 36.93
(1.0, 2, 11.424356)
Testing accuracy: 36.68

 93%|█████████▎| 930/1000 [3:25:35<21:15, 18.22s/it]********************************************************************************
Round 930
this epoch cost time:0.9936563968658447
this epoch choose: [55, 28, 31, 64, 74, 77, 9, 51, 83, 16]
this epoch dispatch models: [2 0 2 5 3 5 0 1 4 0]
this epoch received models: [np.int64(2), np.int64(0), np.int64(2), np.int64(5), np.int64(3), np.int64(5), np.int64(0), np.int64(1), np.int64(4), np.int64(0)]
hetero_proportion: 	4:3:3
(0.4, 2, 2.120985)
Testing accuracy: 38.56
(0.4, 3, 2.646356)
Testing accuracy: 37.16
(0.4, 4, 4.64774)
Testing accuracy: 37.09
(0.66, 2, 5.159621)
Testing accuracy: 36.80
(0.66, 3, 5.528077)
Testing accuracy: 36.99
(0.66, 4, 6.945581)
Testing accuracy: 36.82
(1.0, 2, 11.424356)
Testing accuracy: 36.46

 93%|█████████▎| 931/1000 [3:25:53<21:05, 18.33s/it]********************************************************************************
Round 931
this epoch cost time:0.731438398361206
this epoch choose: [32, 5, 87, 56, 89, 30, 43, 10, 98, 33]
this epoch dispatch models: [1 1 0 3 3 2 1 2 3 1]
this epoch received models: [np.int64(1), np.int64(1), np.int64(0), np.int64(3), np.int64(3), np.int64(2), np.int64(1), np.int64(2), np.int64(3), np.int64(1)]
hetero_proportion: 	4:3:3
(0.4, 2, 2.120985)
Testing accuracy: 38.41
(0.4, 3, 2.646356)
Testing accuracy: 37.12
(0.4, 4, 4.64774)
Testing accuracy: 37.17
(0.66, 2, 5.159621)
Testing accuracy: 36.65
(0.66, 3, 5.528077)
Testing accuracy: 36.84
(0.66, 4, 6.945581)
Testing accuracy: 36.94
(1.0, 2, 11.424356)
Testing accuracy: 36.41

 93%|█████████▎| 932/1000 [3:26:11<20:36, 18.19s/it]********************************************************************************
Round 932
this epoch cost time:0.9888045787811279
this epoch choose: [48, 46, 74, 30, 71, 80, 59, 66, 94, 45]
this epoch dispatch models: [0 4 6 2 3 6 1 3 6 4]
this epoch received models: [np.int64(0), np.int64(4), np.int64(6), np.int64(2), np.int64(3), np.int64(6), np.int64(1), np.int64(3), np.int64(6), np.int64(4)]
hetero_proportion: 	4:3:3
(0.4, 2, 2.120985)
Testing accuracy: 38.38
(0.4, 3, 2.646356)
Testing accuracy: 37.20
(0.4, 4, 4.64774)
Testing accuracy: 37.29
(0.66, 2, 5.159621)
Testing accuracy: 36.68
(0.66, 3, 5.528077)
Testing accuracy: 37.09
(0.66, 4, 6.945581)
Testing accuracy: 37.01
(1.0, 2, 11.424356)
Testing accuracy: 36.33

 93%|█████████▎| 933/1000 [3:26:30<20:42, 18.54s/it]********************************************************************************
Round 933
this epoch cost time:1.1871774196624756
this epoch choose: [65, 77, 69, 4, 67, 25, 50, 72, 76, 83]
this epoch dispatch models: [1 3 5 1 3 2 2 1 5 4]
this epoch received models: [np.int64(1), np.int64(3), np.int64(5), np.int64(1), np.int64(3), np.int64(2), np.int64(2), np.int64(1), np.int64(5), np.int64(4)]
hetero_proportion: 	4:3:3
(0.4, 2, 2.120985)
Testing accuracy: 38.29
(0.4, 3, 2.646356)
Testing accuracy: 37.12
(0.4, 4, 4.64774)
Testing accuracy: 37.14
(0.66, 2, 5.159621)
Testing accuracy: 36.73
(0.66, 3, 5.528077)
Testing accuracy: 37.01
(0.66, 4, 6.945581)
Testing accuracy: 36.97
(1.0, 2, 11.424356)
Testing accuracy: 36.42

 93%|█████████▎| 934/1000 [3:26:49<20:28, 18.61s/it]********************************************************************************
Round 934
this epoch cost time:0.8554949760437012
this epoch choose: [98, 33, 78, 79, 94, 48, 48, 94, 94, 48]
this epoch dispatch models: [2 0 2 3 6 3 5 4 4 2]
this epoch received models: [np.int64(2), np.int64(0), np.int64(2), np.int64(3), np.int64(6), np.int64(3), np.int64(5), np.int64(4), np.int64(4), np.int64(2)]
hetero_proportion: 	4:3:3
(0.4, 2, 2.120985)
Testing accuracy: 38.28
(0.4, 3, 2.646356)
Testing accuracy: 37.15
(0.4, 4, 4.64774)
Testing accuracy: 37.18
(0.66, 2, 5.159621)
Testing accuracy: 36.57
(0.66, 3, 5.528077)
Testing accuracy: 36.90
(0.66, 4, 6.945581)
Testing accuracy: 36.96
(1.0, 2, 11.424356)
Testing accuracy: 36.51

 94%|█████████▎| 935/1000 [3:27:08<20:12, 18.66s/it]********************************************************************************
Round 935
this epoch cost time:0.8843023777008057
this epoch choose: [71, 41, 81, 6, 84, 0, 62, 72, 92, 84]
this epoch dispatch models: [6 4 4 2 6 2 3 5 4 6]
this epoch received models: [np.int64(6), np.int64(4), np.int64(4), np.int64(2), np.int64(6), np.int64(2), np.int64(3), np.int64(5), np.int64(4), np.int64(6)]
hetero_proportion: 	4:3:3
(0.4, 2, 2.120985)
Testing accuracy: 38.27
(0.4, 3, 2.646356)
Testing accuracy: 37.11
(0.4, 4, 4.64774)
Testing accuracy: 37.13
(0.66, 2, 5.159621)
Testing accuracy: 36.60
(0.66, 3, 5.528077)
Testing accuracy: 37.06
(0.66, 4, 6.945581)
Testing accuracy: 36.95
(1.0, 2, 11.424356)
Testing accuracy: 36.44

 94%|█████████▎| 936/1000 [3:27:27<20:01, 18.78s/it]********************************************************************************
Round 936
this epoch cost time:0.8765921592712402
this epoch choose: [41, 95, 23, 84, 82, 26, 86, 56, 79, 27]
this epoch dispatch models: [1 6 1 4 3 1 3 1 5 2]
this epoch received models: [np.int64(1), np.int64(6), np.int64(1), np.int64(4), np.int64(3), np.int64(1), np.int64(3), np.int64(1), np.int64(5), np.int64(2)]
hetero_proportion: 	4:3:3
(0.4, 2, 2.120985)
Testing accuracy: 38.55
(0.4, 3, 2.646356)
Testing accuracy: 37.18
(0.4, 4, 4.64774)
Testing accuracy: 37.10
(0.66, 2, 5.159621)
Testing accuracy: 36.85
(0.66, 3, 5.528077)
Testing accuracy: 37.15
(0.66, 4, 6.945581)
Testing accuracy: 36.75
(1.0, 2, 11.424356)
Testing accuracy: 36.31

 94%|█████████▎| 937/1000 [3:27:46<19:44, 18.81s/it]********************************************************************************
Round 937
this epoch cost time:0.7835888862609863
this epoch choose: [84, 25, 99, 64, 61, 99, 90, 56, 35, 35]
this epoch dispatch models: [0 0 6 5 4 0 2 2 1 1]
this epoch received models: [np.int64(0), np.int64(0), np.int64(6), np.int64(5), np.int64(4), np.int64(0), np.int64(2), np.int64(2), np.int64(1), np.int64(1)]
hetero_proportion: 	4:3:3
(0.4, 2, 2.120985)
Testing accuracy: 38.54
(0.4, 3, 2.646356)
Testing accuracy: 37.05
(0.4, 4, 4.64774)
Testing accuracy: 37.06
(0.66, 2, 5.159621)
Testing accuracy: 36.82
(0.66, 3, 5.528077)
Testing accuracy: 37.04
(0.66, 4, 6.945581)
Testing accuracy: 36.87
(1.0, 2, 11.424356)
Testing accuracy: 36.61

 94%|█████████▍| 938/1000 [3:28:04<19:14, 18.62s/it]********************************************************************************
Round 938
this epoch cost time:0.7935152053833008
this epoch choose: [20, 38, 82, 45, 94, 79, 78, 70, 44, 67]
this epoch dispatch models: [2 0 4 5 6 5 3 1 5 1]
this epoch received models: [np.int64(2), np.int64(0), np.int64(4), np.int64(5), np.int64(6), np.int64(5), np.int64(3), np.int64(1), np.int64(5), np.int64(1)]
hetero_proportion: 	4:3:3
(0.4, 2, 2.120985)
Testing accuracy: 38.71
(0.4, 3, 2.646356)
Testing accuracy: 36.99
(0.4, 4, 4.64774)
Testing accuracy: 37.07
(0.66, 2, 5.159621)
Testing accuracy: 36.73
(0.66, 3, 5.528077)
Testing accuracy: 36.96
(0.66, 4, 6.945581)
Testing accuracy: 36.87
(1.0, 2, 11.424356)
Testing accuracy: 36.40

 94%|█████████▍| 939/1000 [3:28:22<18:47, 18.48s/it]********************************************************************************
Round 939
this epoch cost time:0.8800923824310303
this epoch choose: [79, 61, 73, 77, 74, 77, 46, 63, 47, 57]
this epoch dispatch models: [1 2 0 3 5 6 5 0 5 0]
this epoch received models: [np.int64(1), np.int64(2), np.int64(0), np.int64(3), np.int64(5), np.int64(6), np.int64(5), np.int64(0), np.int64(5), np.int64(0)]
hetero_proportion: 	4:3:3
(0.4, 2, 2.120985)
Testing accuracy: 38.39
(0.4, 3, 2.646356)
Testing accuracy: 36.96
(0.4, 4, 4.64774)
Testing accuracy: 36.96
(0.66, 2, 5.159621)
Testing accuracy: 36.76
(0.66, 3, 5.528077)
Testing accuracy: 36.82
(0.66, 4, 6.945581)
Testing accuracy: 36.67
(1.0, 2, 11.424356)
Testing accuracy: 36.41

 94%|█████████▍| 940/1000 [3:28:41<18:34, 18.58s/it]********************************************************************************
Round 940
this epoch cost time:0.9498276710510254
this epoch choose: [64, 74, 50, 47, 89, 81, 60, 86, 85, 95]
this epoch dispatch models: [2 5 3 3 1 4 5 6 4 6]
this epoch received models: [np.int64(2), np.int64(5), np.int64(3), np.int64(3), np.int64(1), np.int64(4), np.int64(5), np.int64(6), np.int64(4), np.int64(6)]
hetero_proportion: 	4:3:3
(0.4, 2, 2.120985)
Testing accuracy: 38.36
(0.4, 3, 2.646356)
Testing accuracy: 36.85
(0.4, 4, 4.64774)
Testing accuracy: 37.03
(0.66, 2, 5.159621)
Testing accuracy: 36.88
(0.66, 3, 5.528077)
Testing accuracy: 36.91
(0.66, 4, 6.945581)
Testing accuracy: 36.76
(1.0, 2, 11.424356)
Testing accuracy: 36.49

 94%|█████████▍| 941/1000 [3:29:00<18:24, 18.72s/it]********************************************************************************
Round 941
this epoch cost time:0.8057639598846436
this epoch choose: [64, 74, 28, 73, 46, 57, 29, 73, 93, 97]
this epoch dispatch models: [5 0 0 3 4 1 0 6 3 0]
this epoch received models: [np.int64(5), np.int64(0), np.int64(0), np.int64(3), np.int64(4), np.int64(1), np.int64(0), np.int64(6), np.int64(3), np.int64(0)]
hetero_proportion: 	4:3:3
(0.4, 2, 2.120985)
Testing accuracy: 38.31
(0.4, 3, 2.646356)
Testing accuracy: 37.02
(0.4, 4, 4.64774)
Testing accuracy: 37.02
(0.66, 2, 5.159621)
Testing accuracy: 36.63
(0.66, 3, 5.528077)
Testing accuracy: 37.02
(0.66, 4, 6.945581)
Testing accuracy: 36.90
(1.0, 2, 11.424356)
Testing accuracy: 36.37

 94%|█████████▍| 942/1000 [3:29:18<17:59, 18.61s/it]********************************************************************************
Round 942
this epoch cost time:0.9780731201171875
this epoch choose: [11, 70, 56, 76, 65, 38, 92, 41, 61, 89]
this epoch dispatch models: [2 4 5 5 2 2 4 4 4 6]
this epoch received models: [np.int64(2), np.int64(4), np.int64(5), np.int64(5), np.int64(2), np.int64(2), np.int64(4), np.int64(4), np.int64(4), np.int64(6)]
hetero_proportion: 	4:3:3
(0.4, 2, 2.120985)
Testing accuracy: 38.36
(0.4, 3, 2.646356)
Testing accuracy: 37.05
(0.4, 4, 4.64774)
Testing accuracy: 37.09
(0.66, 2, 5.159621)
Testing accuracy: 36.65
(0.66, 3, 5.528077)
Testing accuracy: 37.04
(0.66, 4, 6.945581)
Testing accuracy: 36.87
(1.0, 2, 11.424356)
Testing accuracy: 36.36

 94%|█████████▍| 943/1000 [3:29:40<18:28, 19.45s/it]********************************************************************************
Round 943
this epoch cost time:0.9831750392913818
this epoch choose: [87, 49, 31, 67, 49, 72, 88, 57, 8, 70]
this epoch dispatch models: [1 2 0 4 3 5 6 1 1 5]
this epoch received models: [np.int64(1), np.int64(2), np.int64(0), np.int64(4), np.int64(3), np.int64(5), np.int64(6), np.int64(1), np.int64(1), np.int64(5)]
hetero_proportion: 	4:3:3
(0.4, 2, 2.120985)
Testing accuracy: 38.35
(0.4, 3, 2.646356)
Testing accuracy: 36.96
(0.4, 4, 4.64774)
Testing accuracy: 36.95
(0.66, 2, 5.159621)
Testing accuracy: 36.91
(0.66, 3, 5.528077)
Testing accuracy: 37.07
(0.66, 4, 6.945581)
Testing accuracy: 36.91
(1.0, 2, 11.424356)
Testing accuracy: 36.57

 94%|█████████▍| 944/1000 [3:30:01<18:38, 19.98s/it]********************************************************************************
Round 944
this epoch cost time:0.811791181564331
this epoch choose: [98, 32, 52, 87, 93, 90, 74, 73, 71, 44]
this epoch dispatch models: [6 2 2 3 3 5 5 1 1 5]
this epoch received models: [np.int64(6), np.int64(2), np.int64(2), np.int64(3), np.int64(3), np.int64(5), np.int64(5), np.int64(1), np.int64(1), np.int64(5)]
hetero_proportion: 	4:3:3
(0.4, 2, 2.120985)
Testing accuracy: 38.38
(0.4, 3, 2.646356)
Testing accuracy: 37.00
(0.4, 4, 4.64774)
Testing accuracy: 36.98
(0.66, 2, 5.159621)
Testing accuracy: 36.73
(0.66, 3, 5.528077)
Testing accuracy: 37.12
(0.66, 4, 6.945581)
Testing accuracy: 36.97
(1.0, 2, 11.424356)
Testing accuracy: 36.47

 94%|█████████▍| 945/1000 [3:30:19<17:54, 19.53s/it]********************************************************************************
Round 945
this epoch cost time:0.852869987487793
this epoch choose: [90, 47, 49, 99, 15, 34, 48, 4, 72, 87]
this epoch dispatch models: [1 3 0 3 1 2 2 0 6 6]
this epoch received models: [np.int64(1), np.int64(3), np.int64(0), np.int64(3), np.int64(1), np.int64(2), np.int64(2), np.int64(0), np.int64(6), np.int64(6)]
hetero_proportion: 	4:3:3
(0.4, 2, 2.120985)
Testing accuracy: 38.09
(0.4, 3, 2.646356)
Testing accuracy: 37.07
(0.4, 4, 4.64774)
Testing accuracy: 36.96
(0.66, 2, 5.159621)
Testing accuracy: 36.93
(0.66, 3, 5.528077)
Testing accuracy: 37.07
(0.66, 4, 6.945581)
Testing accuracy: 36.80
(1.0, 2, 11.424356)
Testing accuracy: 36.51

 95%|█████████▍| 946/1000 [3:30:38<17:25, 19.36s/it]********************************************************************************
Round 946
this epoch cost time:0.9970746040344238
this epoch choose: [44, 9, 50, 83, 60, 61, 95, 91, 81, 81]
this epoch dispatch models: [0 1 2 3 2 1 1 6 5 4]
this epoch received models: [np.int64(0), np.int64(1), np.int64(2), np.int64(3), np.int64(2), np.int64(1), np.int64(1), np.int64(6), np.int64(5), np.int64(4)]
hetero_proportion: 	4:3:3
(0.4, 2, 2.120985)
Testing accuracy: 38.23
(0.4, 3, 2.646356)
Testing accuracy: 37.14
(0.4, 4, 4.64774)
Testing accuracy: 37.09
(0.66, 2, 5.159621)
Testing accuracy: 36.72
(0.66, 3, 5.528077)
Testing accuracy: 36.89
(0.66, 4, 6.945581)
Testing accuracy: 36.81
(1.0, 2, 11.424356)
Testing accuracy: 36.53

 95%|█████████▍| 947/1000 [3:30:58<17:10, 19.45s/it]********************************************************************************
Round 947
this epoch cost time:1.034292459487915
this epoch choose: [75, 51, 5, 33, 50, 83, 65, 49, 68, 70]
this epoch dispatch models: [6 2 1 0 0 5 5 0 3 6]
this epoch received models: [np.int64(6), np.int64(2), np.int64(1), np.int64(0), np.int64(0), np.int64(5), np.int64(5), np.int64(0), np.int64(3), np.int64(6)]
hetero_proportion: 	4:3:3
(0.4, 2, 2.120985)
Testing accuracy: 38.16
(0.4, 3, 2.646356)
Testing accuracy: 37.01
(0.4, 4, 4.64774)
Testing accuracy: 37.05
(0.66, 2, 5.159621)
Testing accuracy: 36.65
(0.66, 3, 5.528077)
Testing accuracy: 37.01
(0.66, 4, 6.945581)
Testing accuracy: 36.81
(1.0, 2, 11.424356)
Testing accuracy: 36.48

 95%|█████████▍| 948/1000 [3:31:18<16:58, 19.59s/it]********************************************************************************
Round 948
this epoch cost time:0.89532470703125
this epoch choose: [91, 86, 55, 74, 74, 44, 71, 51, 53, 46]
this epoch dispatch models: [2 1 3 4 6 4 3 1 4 3]
this epoch received models: [np.int64(2), np.int64(1), np.int64(3), np.int64(4), np.int64(6), np.int64(4), np.int64(3), np.int64(1), np.int64(4), np.int64(3)]
hetero_proportion: 	4:3:3
(0.4, 2, 2.120985)
Testing accuracy: 38.22
(0.4, 3, 2.646356)
Testing accuracy: 37.15
(0.4, 4, 4.64774)
Testing accuracy: 36.93
(0.66, 2, 5.159621)
Testing accuracy: 36.68
(0.66, 3, 5.528077)
Testing accuracy: 36.97
(0.66, 4, 6.945581)
Testing accuracy: 36.90
(1.0, 2, 11.424356)
Testing accuracy: 36.51

 95%|█████████▍| 949/1000 [3:31:37<16:34, 19.50s/it]********************************************************************************
Round 949
this epoch cost time:0.9836878776550293
this epoch choose: [93, 98, 84, 91, 69, 52, 82, 81, 82, 67]
this epoch dispatch models: [5 0 5 2 5 5 6 2 6 5]
this epoch received models: [np.int64(5), np.int64(0), np.int64(5), np.int64(2), np.int64(5), np.int64(5), np.int64(6), np.int64(2), np.int64(6), np.int64(5)]
hetero_proportion: 	4:3:3
(0.4, 2, 2.120985)
Testing accuracy: 38.22
(0.4, 3, 2.646356)
Testing accuracy: 36.99
(0.4, 4, 4.64774)
Testing accuracy: 36.97
(0.66, 2, 5.159621)
Testing accuracy: 36.55
(0.66, 3, 5.528077)
Testing accuracy: 36.92
(0.66, 4, 6.945581)
Testing accuracy: 36.86
(1.0, 2, 11.424356)
Testing accuracy: 36.49

 95%|█████████▌| 950/1000 [3:31:56<15:59, 19.19s/it]********************************************************************************
Round 950
this epoch cost time:0.9432392120361328
this epoch choose: [70, 91, 35, 70, 94, 71, 62, 87, 53, 74]
this epoch dispatch models: [6 3 0 6 6 6 0 4 0 6]
this epoch received models: [np.int64(6), np.int64(3), np.int64(0), np.int64(6), np.int64(6), np.int64(6), np.int64(0), np.int64(4), np.int64(0), np.int64(6)]
hetero_proportion: 	4:3:3
(0.4, 2, 2.120985)
Testing accuracy: 38.01
(0.4, 3, 2.646356)
Testing accuracy: 36.79
(0.4, 4, 4.64774)
Testing accuracy: 37.08
(0.66, 2, 5.159621)
Testing accuracy: 36.59
(0.66, 3, 5.528077)
Testing accuracy: 36.82
(0.66, 4, 6.945581)
Testing accuracy: 36.81
(1.0, 2, 11.424356)
Testing accuracy: 36.40

 95%|█████████▌| 951/1000 [3:32:16<15:51, 19.41s/it]********************************************************************************
Round 951
this epoch cost time:0.8771471977233887
this epoch choose: [99, 78, 75, 95, 24, 64, 64, 96, 36, 96]
this epoch dispatch models: [1 3 6 2 0 2 5 6 2 5]
this epoch received models: [np.int64(1), np.int64(3), np.int64(6), np.int64(2), np.int64(0), np.int64(2), np.int64(5), np.int64(6), np.int64(2), np.int64(5)]
hetero_proportion: 	4:3:3
(0.4, 2, 2.120985)
Testing accuracy: 38.23
(0.4, 3, 2.646356)
Testing accuracy: 37.07
(0.4, 4, 4.64774)
Testing accuracy: 37.05
(0.66, 2, 5.159621)
Testing accuracy: 36.72
(0.66, 3, 5.528077)
Testing accuracy: 37.01
(0.66, 4, 6.945581)
Testing accuracy: 36.91
(1.0, 2, 11.424356)
Testing accuracy: 36.39

 95%|█████████▌| 952/1000 [3:32:35<15:34, 19.46s/it]********************************************************************************
Round 952
this epoch cost time:0.8847970962524414
this epoch choose: [10, 70, 5, 52, 90, 18, 69, 50, 59, 5]
this epoch dispatch models: [0 1 0 0 0 2 3 5 5 1]
this epoch received models: [np.int64(0), np.int64(1), np.int64(0), np.int64(0), np.int64(0), np.int64(2), np.int64(3), np.int64(5), np.int64(5), np.int64(1)]
hetero_proportion: 	4:3:3
(0.4, 2, 2.120985)
Testing accuracy: 37.72
(0.4, 3, 2.646356)
Testing accuracy: 36.98
(0.4, 4, 4.64774)
Testing accuracy: 36.81
(0.66, 2, 5.159621)
Testing accuracy: 36.40
(0.66, 3, 5.528077)
Testing accuracy: 36.82
(0.66, 4, 6.945581)
Testing accuracy: 36.95
(1.0, 2, 11.424356)
Testing accuracy: 36.38

 95%|█████████▌| 953/1000 [3:32:54<15:03, 19.21s/it]********************************************************************************
Round 953
this epoch cost time:1.0399565696716309
this epoch choose: [83, 59, 88, 58, 4, 89, 67, 41, 37, 71]
this epoch dispatch models: [2 4 6 5 1 6 1 0 0 6]
this epoch received models: [np.int64(2), np.int64(4), np.int64(6), np.int64(5), np.int64(1), np.int64(6), np.int64(1), np.int64(0), np.int64(0), np.int64(6)]
hetero_proportion: 	4:3:3
(0.4, 2, 2.120985)
Testing accuracy: 38.08
(0.4, 3, 2.646356)
Testing accuracy: 36.72
(0.4, 4, 4.64774)
Testing accuracy: 36.78
(0.66, 2, 5.159621)
Testing accuracy: 36.55
(0.66, 3, 5.528077)
Testing accuracy: 36.86
(0.66, 4, 6.945581)
Testing accuracy: 36.95
(1.0, 2, 11.424356)
Testing accuracy: 36.39

 95%|█████████▌| 954/1000 [3:33:13<14:37, 19.07s/it]********************************************************************************
Round 954
this epoch cost time:0.8602795600891113
this epoch choose: [71, 45, 20, 94, 80, 94, 86, 88, 78, 64]
this epoch dispatch models: [4 4 0 1 3 6 1 5 5 4]
this epoch received models: [np.int64(4), np.int64(4), np.int64(0), np.int64(1), np.int64(3), np.int64(6), np.int64(1), np.int64(5), np.int64(5), np.int64(4)]
hetero_proportion: 	4:3:3
(0.4, 2, 2.120985)
Testing accuracy: 38.05
(0.4, 3, 2.646356)
Testing accuracy: 36.80
(0.4, 4, 4.64774)
Testing accuracy: 36.89
(0.66, 2, 5.159621)
Testing accuracy: 36.54
(0.66, 3, 5.528077)
Testing accuracy: 36.96
(0.66, 4, 6.945581)
Testing accuracy: 36.91
(1.0, 2, 11.424356)
Testing accuracy: 36.43

 96%|█████████▌| 955/1000 [3:33:31<14:10, 18.90s/it]********************************************************************************
Round 955
this epoch cost time:0.8444163799285889
this epoch choose: [89, 90, 71, 56, 92, 68, 90, 41, 53, 4]
this epoch dispatch models: [2 6 5 3 5 3 3 4 0 2]
this epoch received models: [np.int64(2), np.int64(6), np.int64(5), np.int64(3), np.int64(5), np.int64(3), np.int64(3), np.int64(4), np.int64(0), np.int64(2)]
hetero_proportion: 	4:3:3
(0.4, 2, 2.120985)
Testing accuracy: 38.00
(0.4, 3, 2.646356)
Testing accuracy: 36.63
(0.4, 4, 4.64774)
Testing accuracy: 36.81
(0.66, 2, 5.159621)
Testing accuracy: 36.72
(0.66, 3, 5.528077)
Testing accuracy: 36.92
(0.66, 4, 6.945581)
Testing accuracy: 37.01
(1.0, 2, 11.424356)
Testing accuracy: 36.28

 96%|█████████▌| 956/1000 [3:33:50<13:56, 19.00s/it]********************************************************************************
Round 956
this epoch cost time:0.881385326385498
this epoch choose: [58, 89, 6, 44, 52, 43, 51, 77, 74, 45]
this epoch dispatch models: [5 5 2 0 4 1 3 6 6 3]
this epoch received models: [np.int64(5), np.int64(5), np.int64(2), np.int64(0), np.int64(4), np.int64(1), np.int64(3), np.int64(6), np.int64(6), np.int64(3)]
hetero_proportion: 	4:3:3
(0.4, 2, 2.120985)
Testing accuracy: 38.17
(0.4, 3, 2.646356)
Testing accuracy: 36.74
(0.4, 4, 4.64774)
Testing accuracy: 36.85
(0.66, 2, 5.159621)
Testing accuracy: 36.69
(0.66, 3, 5.528077)
Testing accuracy: 36.95
(0.66, 4, 6.945581)
Testing accuracy: 37.08
(1.0, 2, 11.424356)
Testing accuracy: 36.36

 96%|█████████▌| 957/1000 [3:34:09<13:31, 18.87s/it]********************************************************************************
Round 957
this epoch cost time:0.8279075622558594
this epoch choose: [93, 5, 12, 19, 59, 40, 63, 75, 88, 78]
this epoch dispatch models: [5 2 1 0 5 1 0 2 6 3]
this epoch received models: [np.int64(5), np.int64(2), np.int64(1), np.int64(0), np.int64(5), np.int64(1), np.int64(0), np.int64(2), np.int64(6), np.int64(3)]
hetero_proportion: 	4:3:3
(0.4, 2, 2.120985)
Testing accuracy: 38.24
(0.4, 3, 2.646356)
Testing accuracy: 36.92
(0.4, 4, 4.64774)
Testing accuracy: 36.94
(0.66, 2, 5.159621)
Testing accuracy: 36.50
(0.66, 3, 5.528077)
Testing accuracy: 36.78
(0.66, 4, 6.945581)
Testing accuracy: 36.91
(1.0, 2, 11.424356)
Testing accuracy: 36.30

 96%|█████████▌| 958/1000 [3:34:27<13:02, 18.62s/it]********************************************************************************
Round 958
this epoch cost time:0.8340697288513184
this epoch choose: [60, 41, 49, 76, 69, 64, 30, 87, 67, 49]
this epoch dispatch models: [0 3 0 3 0 4 2 5 0 3]
this epoch received models: [np.int64(0), np.int64(3), np.int64(0), np.int64(3), np.int64(0), np.int64(4), np.int64(2), np.int64(5), np.int64(0), np.int64(3)]
hetero_proportion: 	4:3:3
(0.4, 2, 2.120985)
Testing accuracy: 38.11
(0.4, 3, 2.646356)
Testing accuracy: 36.84
(0.4, 4, 4.64774)
Testing accuracy: 36.93
(0.66, 2, 5.159621)
Testing accuracy: 36.72
(0.66, 3, 5.528077)
Testing accuracy: 36.79
(0.66, 4, 6.945581)
Testing accuracy: 37.13
(1.0, 2, 11.424356)
Testing accuracy: 36.25

 96%|█████████▌| 959/1000 [3:34:46<12:46, 18.69s/it]********************************************************************************
Round 959
this epoch cost time:1.1350297927856445
this epoch choose: [75, 98, 13, 83, 70, 64, 54, 71, 1, 89]
this epoch dispatch models: [5 2 1 6 2 3 5 0 2 6]
this epoch received models: [np.int64(5), np.int64(2), np.int64(1), np.int64(6), np.int64(2), np.int64(3), np.int64(5), np.int64(0), np.int64(2), np.int64(6)]
hetero_proportion: 	4:3:3
(0.4, 2, 2.120985)
Testing accuracy: 37.90
(0.4, 3, 2.646356)
Testing accuracy: 36.69
(0.4, 4, 4.64774)
Testing accuracy: 36.79
(0.66, 2, 5.159621)
Testing accuracy: 36.44
(0.66, 3, 5.528077)
Testing accuracy: 36.80
(0.66, 4, 6.945581)
Testing accuracy: 37.03
(1.0, 2, 11.424356)
Testing accuracy: 36.17

 96%|█████████▌| 960/1000 [3:35:05<12:38, 18.95s/it]********************************************************************************
Round 960
this epoch cost time:0.9127588272094727
this epoch choose: [73, 87, 80, 66, 90, 49, 98, 87, 95, 80]
this epoch dispatch models: [1 6 6 3 5 2 6 6 3 0]
this epoch received models: [np.int64(1), np.int64(6), np.int64(6), np.int64(3), np.int64(5), np.int64(2), np.int64(6), np.int64(6), np.int64(3), np.int64(0)]
hetero_proportion: 	4:3:3
(0.4, 2, 2.120985)
Testing accuracy: 38.01
(0.4, 3, 2.646356)
Testing accuracy: 36.76
(0.4, 4, 4.64774)
Testing accuracy: 36.91
(0.66, 2, 5.159621)
Testing accuracy: 36.57
(0.66, 3, 5.528077)
Testing accuracy: 36.83
(0.66, 4, 6.945581)
Testing accuracy: 37.06
(1.0, 2, 11.424356)
Testing accuracy: 36.12

 96%|█████████▌| 961/1000 [3:35:24<12:18, 18.94s/it]********************************************************************************
Round 961
this epoch cost time:0.8754076957702637
this epoch choose: [82, 76, 48, 55, 96, 51, 47, 88, 47, 92]
this epoch dispatch models: [4 6 5 1 6 4 4 6 5 0]
this epoch received models: [np.int64(4), np.int64(6), np.int64(5), np.int64(1), np.int64(6), np.int64(4), np.int64(4), np.int64(6), np.int64(5), np.int64(0)]
hetero_proportion: 	4:3:3
(0.4, 2, 2.120985)
Testing accuracy: 38.16
(0.4, 3, 2.646356)
Testing accuracy: 36.95
(0.4, 4, 4.64774)
Testing accuracy: 36.89
(0.66, 2, 5.159621)
Testing accuracy: 36.59
(0.66, 3, 5.528077)
Testing accuracy: 36.67
(0.66, 4, 6.945581)
Testing accuracy: 36.98
(1.0, 2, 11.424356)
Testing accuracy: 36.29

 96%|█████████▌| 962/1000 [3:35:43<12:00, 18.96s/it]********************************************************************************
Round 962
this epoch cost time:0.7701246738433838
this epoch choose: [38, 22, 97, 45, 70, 85, 98, 95, 86, 50]
this epoch dispatch models: [1 0 4 0 5 6 0 4 6 4]
this epoch received models: [np.int64(1), np.int64(0), np.int64(4), np.int64(0), np.int64(5), np.int64(6), np.int64(0), np.int64(4), np.int64(6), np.int64(4)]
hetero_proportion: 	4:3:3
(0.4, 2, 2.120985)
Testing accuracy: 38.21
(0.4, 3, 2.646356)
Testing accuracy: 36.78
(0.4, 4, 4.64774)
Testing accuracy: 36.86
(0.66, 2, 5.159621)
Testing accuracy: 36.52
(0.66, 3, 5.528077)
Testing accuracy: 36.67
(0.66, 4, 6.945581)
Testing accuracy: 37.11
(1.0, 2, 11.424356)
Testing accuracy: 36.37

 96%|█████████▋| 963/1000 [3:36:02<11:41, 18.97s/it]********************************************************************************
Round 963
this epoch cost time:0.8223059177398682
this epoch choose: [98, 77, 34, 80, 89, 30, 56, 9, 91, 94]
this epoch dispatch models: [6 5 1 4 0 2 3 0 0 5]
this epoch received models: [np.int64(6), np.int64(5), np.int64(1), np.int64(4), np.int64(0), np.int64(2), np.int64(3), np.int64(0), np.int64(0), np.int64(5)]
hetero_proportion: 	4:3:3
(0.4, 2, 2.120985)
Testing accuracy: 38.43
(0.4, 3, 2.646356)
Testing accuracy: 36.86
(0.4, 4, 4.64774)
Testing accuracy: 36.75
(0.66, 2, 5.159621)
Testing accuracy: 36.78
(0.66, 3, 5.528077)
Testing accuracy: 36.76
(0.66, 4, 6.945581)
Testing accuracy: 37.13
(1.0, 2, 11.424356)
Testing accuracy: 36.38

 96%|█████████▋| 964/1000 [3:36:21<11:20, 18.91s/it]********************************************************************************
Round 964
this epoch cost time:0.8956458568572998
this epoch choose: [72, 60, 31, 83, 78, 87, 54, 33, 89, 20]
this epoch dispatch models: [3 4 2 2 0 6 4 1 3 2]
this epoch received models: [np.int64(3), np.int64(4), np.int64(2), np.int64(2), np.int64(0), np.int64(6), np.int64(4), np.int64(1), np.int64(3), np.int64(2)]
hetero_proportion: 	4:3:3
(0.4, 2, 2.120985)
Testing accuracy: 38.44
(0.4, 3, 2.646356)
Testing accuracy: 37.01
(0.4, 4, 4.64774)
Testing accuracy: 36.95
(0.66, 2, 5.159621)
Testing accuracy: 36.81
(0.66, 3, 5.528077)
Testing accuracy: 36.94
(0.66, 4, 6.945581)
Testing accuracy: 37.08
(1.0, 2, 11.424356)
Testing accuracy: 36.38

 96%|█████████▋| 965/1000 [3:36:39<10:50, 18.60s/it]********************************************************************************
Round 965
this epoch cost time:0.9266383647918701
this epoch choose: [80, 92, 16, 43, 84, 62, 16, 95, 98, 79]
this epoch dispatch models: [4 4 2 5 6 4 0 5 6 4]
this epoch received models: [np.int64(4), np.int64(4), np.int64(2), np.int64(5), np.int64(6), np.int64(4), np.int64(0), np.int64(5), np.int64(6), np.int64(4)]
hetero_proportion: 	4:3:3
(0.4, 2, 2.120985)
Testing accuracy: 38.34
(0.4, 3, 2.646356)
Testing accuracy: 36.95
(0.4, 4, 4.64774)
Testing accuracy: 36.93
(0.66, 2, 5.159621)
Testing accuracy: 36.85
(0.66, 3, 5.528077)
Testing accuracy: 36.99
(0.66, 4, 6.945581)
Testing accuracy: 36.97
(1.0, 2, 11.424356)
Testing accuracy: 36.31

 97%|█████████▋| 966/1000 [3:36:57<10:30, 18.55s/it]********************************************************************************
Round 966
this epoch cost time:0.7927849292755127
this epoch choose: [55, 38, 94, 42, 67, 57, 63, 95, 95, 6]
this epoch dispatch models: [5 0 2 4 5 1 1 5 2 1]
this epoch received models: [np.int64(5), np.int64(0), np.int64(2), np.int64(4), np.int64(5), np.int64(1), np.int64(1), np.int64(5), np.int64(2), np.int64(1)]
hetero_proportion: 	4:3:3
(0.4, 2, 2.120985)
Testing accuracy: 38.45
(0.4, 3, 2.646356)
Testing accuracy: 36.96
(0.4, 4, 4.64774)
Testing accuracy: 36.82
(0.66, 2, 5.159621)
Testing accuracy: 36.87
(0.66, 3, 5.528077)
Testing accuracy: 37.00
(0.66, 4, 6.945581)
Testing accuracy: 36.93
(1.0, 2, 11.424356)
Testing accuracy: 36.34

 97%|█████████▋| 967/1000 [3:37:15<10:04, 18.31s/it]********************************************************************************
Round 967
this epoch cost time:0.9723193645477295
this epoch choose: [75, 75, 64, 91, 85, 87, 63, 81, 86, 40]
this epoch dispatch models: [6 3 4 3 0 2 2 5 5 1]
this epoch received models: [np.int64(6), np.int64(3), np.int64(4), np.int64(3), np.int64(0), np.int64(2), np.int64(2), np.int64(5), np.int64(5), np.int64(1)]
hetero_proportion: 	4:3:3
(0.4, 2, 2.120985)
Testing accuracy: 38.42
(0.4, 3, 2.646356)
Testing accuracy: 36.92
(0.4, 4, 4.64774)
Testing accuracy: 36.92
(0.66, 2, 5.159621)
Testing accuracy: 36.76
(0.66, 3, 5.528077)
Testing accuracy: 36.92
(0.66, 4, 6.945581)
Testing accuracy: 37.01
(1.0, 2, 11.424356)
Testing accuracy: 36.34

 97%|█████████▋| 968/1000 [3:37:34<09:50, 18.45s/it]********************************************************************************
Round 968
this epoch cost time:0.7564339637756348
this epoch choose: [59, 35, 20, 62, 82, 67, 95, 93, 47, 92]
this epoch dispatch models: [4 1 2 5 3 2 0 0 1 4]
this epoch received models: [np.int64(4), np.int64(1), np.int64(2), np.int64(5), np.int64(3), np.int64(2), np.int64(0), np.int64(0), np.int64(1), np.int64(4)]
hetero_proportion: 	4:3:3
(0.4, 2, 2.120985)
Testing accuracy: 38.43
(0.4, 3, 2.646356)
Testing accuracy: 36.60
(0.4, 4, 4.64774)
Testing accuracy: 37.09
(0.66, 2, 5.159621)
Testing accuracy: 36.70
(0.66, 3, 5.528077)
Testing accuracy: 37.00
(0.66, 4, 6.945581)
Testing accuracy: 36.90
(1.0, 2, 11.424356)
Testing accuracy: 36.34

 97%|█████████▋| 969/1000 [3:37:53<09:33, 18.51s/it]********************************************************************************
Round 969
this epoch cost time:0.7740113735198975
this epoch choose: [72, 96, 98, 54, 31, 89, 46, 73, 45, 55]
this epoch dispatch models: [6 0 6 2 2 0 0 6 2 3]
this epoch received models: [np.int64(6), np.int64(0), np.int64(6), np.int64(2), np.int64(2), np.int64(0), np.int64(0), np.int64(6), np.int64(2), np.int64(3)]
hetero_proportion: 	4:3:3
(0.4, 2, 2.120985)
Testing accuracy: 38.30
(0.4, 3, 2.646356)
Testing accuracy: 36.67
(0.4, 4, 4.64774)
Testing accuracy: 37.13
(0.66, 2, 5.159621)
Testing accuracy: 36.79
(0.66, 3, 5.528077)
Testing accuracy: 37.00
(0.66, 4, 6.945581)
Testing accuracy: 37.07
(1.0, 2, 11.424356)
Testing accuracy: 36.19

 97%|█████████▋| 970/1000 [3:38:11<09:16, 18.55s/it]********************************************************************************
Round 970
this epoch cost time:0.943213939666748
this epoch choose: [91, 72, 63, 83, 68, 82, 84, 91, 39, 42]
this epoch dispatch models: [1 6 3 5 2 3 0 6 1 5]
this epoch received models: [np.int64(1), np.int64(6), np.int64(3), np.int64(5), np.int64(2), np.int64(3), np.int64(0), np.int64(6), np.int64(1), np.int64(5)]
hetero_proportion: 	4:3:3
(0.4, 2, 2.120985)
Testing accuracy: 38.43
(0.4, 3, 2.646356)
Testing accuracy: 36.80
(0.4, 4, 4.64774)
Testing accuracy: 37.04
(0.66, 2, 5.159621)
Testing accuracy: 36.85
(0.66, 3, 5.528077)
Testing accuracy: 36.93
(0.66, 4, 6.945581)
Testing accuracy: 37.22
(1.0, 2, 11.424356)
Testing accuracy: 36.26

 97%|█████████▋| 971/1000 [3:38:31<09:04, 18.79s/it]********************************************************************************
Round 971
this epoch cost time:0.8379194736480713
this epoch choose: [72, 45, 66, 1, 64, 82, 73, 0, 0, 76]
this epoch dispatch models: [0 1 1 2 4 5 6 0 2 4]
this epoch received models: [np.int64(0), np.int64(1), np.int64(1), np.int64(2), np.int64(4), np.int64(5), np.int64(6), np.int64(0), np.int64(2), np.int64(4)]
hetero_proportion: 	4:3:3
(0.4, 2, 2.120985)
Testing accuracy: 38.10
(0.4, 3, 2.646356)
Testing accuracy: 37.03
(0.4, 4, 4.64774)
Testing accuracy: 36.97
(0.66, 2, 5.159621)
Testing accuracy: 36.69
(0.66, 3, 5.528077)
Testing accuracy: 36.87
(0.66, 4, 6.945581)
Testing accuracy: 37.03
(1.0, 2, 11.424356)
Testing accuracy: 36.32

 97%|█████████▋| 972/1000 [3:38:50<08:47, 18.84s/it]********************************************************************************
Round 972
this epoch cost time:0.8660974502563477
this epoch choose: [22, 69, 46, 76, 47, 8, 72, 74, 65, 23]
this epoch dispatch models: [0 5 5 6 0 2 3 6 4 2]
this epoch received models: [np.int64(0), np.int64(5), np.int64(5), np.int64(6), np.int64(0), np.int64(2), np.int64(3), np.int64(6), np.int64(4), np.int64(2)]
hetero_proportion: 	4:3:3
(0.4, 2, 2.120985)
Testing accuracy: 38.07
(0.4, 3, 2.646356)
Testing accuracy: 36.84
(0.4, 4, 4.64774)
Testing accuracy: 37.10
(0.66, 2, 5.159621)
Testing accuracy: 36.84
(0.66, 3, 5.528077)
Testing accuracy: 37.02
(0.66, 4, 6.945581)
Testing accuracy: 37.20
(1.0, 2, 11.424356)
Testing accuracy: 36.32

 97%|█████████▋| 973/1000 [3:39:08<08:29, 18.87s/it]********************************************************************************
Round 973
this epoch cost time:0.9019973278045654
this epoch choose: [68, 94, 78, 12, 65, 34, 90, 61, 91, 75]
this epoch dispatch models: [3 3 5 2 1 2 1 2 4 6]
this epoch received models: [np.int64(3), np.int64(3), np.int64(5), np.int64(2), np.int64(1), np.int64(2), np.int64(1), np.int64(2), np.int64(4), np.int64(6)]
hetero_proportion: 	4:3:3
(0.4, 2, 2.120985)
Testing accuracy: 38.18
(0.4, 3, 2.646356)
Testing accuracy: 36.96
(0.4, 4, 4.64774)
Testing accuracy: 36.99
(0.66, 2, 5.159621)
Testing accuracy: 36.88
(0.66, 3, 5.528077)
Testing accuracy: 36.94
(0.66, 4, 6.945581)
Testing accuracy: 37.01
(1.0, 2, 11.424356)
Testing accuracy: 36.52

 97%|█████████▋| 974/1000 [3:39:27<08:11, 18.89s/it]********************************************************************************
Round 974
this epoch cost time:0.8850250244140625
this epoch choose: [63, 82, 19, 47, 81, 48, 72, 90, 50, 20]
this epoch dispatch models: [4 3 2 4 3 4 6 6 1 2]
this epoch received models: [np.int64(4), np.int64(3), np.int64(2), np.int64(4), np.int64(3), np.int64(4), np.int64(6), np.int64(6), np.int64(1), np.int64(2)]
hetero_proportion: 	4:3:3
(0.4, 2, 2.120985)
Testing accuracy: 38.18
(0.4, 3, 2.646356)
Testing accuracy: 37.05
(0.4, 4, 4.64774)
Testing accuracy: 37.09
(0.66, 2, 5.159621)
Testing accuracy: 36.79
(0.66, 3, 5.528077)
Testing accuracy: 36.93
(0.66, 4, 6.945581)
Testing accuracy: 37.09
(1.0, 2, 11.424356)
Testing accuracy: 36.51

 98%|█████████▊| 975/1000 [3:39:46<07:49, 18.78s/it]********************************************************************************
Round 975
this epoch cost time:0.7366046905517578
this epoch choose: [51, 77, 95, 36, 92, 94, 97, 98, 73, 6]
this epoch dispatch models: [4 6 6 0 5 3 6 6 6 0]
this epoch received models: [np.int64(4), np.int64(6), np.int64(6), np.int64(0), np.int64(5), np.int64(3), np.int64(6), np.int64(6), np.int64(6), np.int64(0)]
hetero_proportion: 	4:3:3
(0.4, 2, 2.120985)
Testing accuracy: 38.43
(0.4, 3, 2.646356)
Testing accuracy: 37.01
(0.4, 4, 4.64774)
Testing accuracy: 37.06
(0.66, 2, 5.159621)
Testing accuracy: 36.80
(0.66, 3, 5.528077)
Testing accuracy: 36.92
(0.66, 4, 6.945581)
Testing accuracy: 37.23
(1.0, 2, 11.424356)
Testing accuracy: 36.51

 98%|█████████▊| 976/1000 [3:40:04<07:25, 18.57s/it]********************************************************************************
Round 976
this epoch cost time:0.9295048713684082
this epoch choose: [77, 53, 0, 78, 89, 53, 1, 81, 56, 88]
this epoch dispatch models: [0 4 0 4 2 4 1 2 2 0]
this epoch received models: [np.int64(0), np.int64(4), np.int64(0), np.int64(4), np.int64(2), np.int64(4), np.int64(1), np.int64(2), np.int64(2), np.int64(0)]
hetero_proportion: 	4:3:3
(0.4, 2, 2.120985)
Testing accuracy: 37.93
(0.4, 3, 2.646356)
Testing accuracy: 37.26
(0.4, 4, 4.64774)
Testing accuracy: 37.25
(0.66, 2, 5.159621)
Testing accuracy: 36.87
(0.66, 3, 5.528077)
Testing accuracy: 37.05
(0.66, 4, 6.945581)
Testing accuracy: 37.01
(1.0, 2, 11.424356)
Testing accuracy: 36.17

 98%|█████████▊| 977/1000 [3:40:23<07:08, 18.65s/it]********************************************************************************
Round 977
this epoch cost time:0.8453514575958252
this epoch choose: [52, 79, 48, 38, 19, 43, 47, 89, 64, 46]
this epoch dispatch models: [4 3 2 1 0 1 0 6 3 4]
this epoch received models: [np.int64(4), np.int64(3), np.int64(2), np.int64(1), np.int64(0), np.int64(1), np.int64(0), np.int64(6), np.int64(3), np.int64(4)]
hetero_proportion: 	4:3:3
(0.4, 2, 2.120985)
Testing accuracy: 38.17
(0.4, 3, 2.646356)
Testing accuracy: 37.23
(0.4, 4, 4.64774)
Testing accuracy: 37.23
(0.66, 2, 5.159621)
Testing accuracy: 36.83
(0.66, 3, 5.528077)
Testing accuracy: 37.10
(0.66, 4, 6.945581)
Testing accuracy: 36.96
(1.0, 2, 11.424356)
Testing accuracy: 36.26

 98%|█████████▊| 978/1000 [3:40:42<06:51, 18.69s/it]********************************************************************************
Round 978
this epoch cost time:0.7434172630310059
this epoch choose: [78, 89, 24, 43, 1, 67, 68, 92, 24, 50]
this epoch dispatch models: [1 6 0 1 1 5 5 1 0 3]
this epoch received models: [np.int64(1), np.int64(6), np.int64(0), np.int64(1), np.int64(1), np.int64(5), np.int64(5), np.int64(1), np.int64(0), np.int64(3)]
hetero_proportion: 	4:3:3
(0.4, 2, 2.120985)
Testing accuracy: 37.88
(0.4, 3, 2.646356)
Testing accuracy: 37.45
(0.4, 4, 4.64774)
Testing accuracy: 37.29
(0.66, 2, 5.159621)
Testing accuracy: 36.72
(0.66, 3, 5.528077)
Testing accuracy: 36.95
(0.66, 4, 6.945581)
Testing accuracy: 37.18
(1.0, 2, 11.424356)
Testing accuracy: 36.33

 98%|█████████▊| 979/1000 [3:40:59<06:26, 18.42s/it]********************************************************************************
Round 979
this epoch cost time:0.8300142288208008
this epoch choose: [2, 64, 56, 69, 54, 96, 95, 45, 8, 27]
this epoch dispatch models: [1 1 3 4 5 5 6 3 1 1]
this epoch received models: [np.int64(1), np.int64(1), np.int64(3), np.int64(4), np.int64(5), np.int64(5), np.int64(6), np.int64(3), np.int64(1), np.int64(1)]
hetero_proportion: 	4:3:3
(0.4, 2, 2.120985)
Testing accuracy: 37.85
(0.4, 3, 2.646356)
Testing accuracy: 37.31
(0.4, 4, 4.64774)
Testing accuracy: 37.03
(0.66, 2, 5.159621)
Testing accuracy: 36.89
(0.66, 3, 5.528077)
Testing accuracy: 37.02
(0.66, 4, 6.945581)
Testing accuracy: 37.05
(1.0, 2, 11.424356)
Testing accuracy: 36.36

 98%|█████████▊| 980/1000 [3:41:19<06:14, 18.71s/it]********************************************************************************
Round 980
this epoch cost time:0.912682056427002
this epoch choose: [76, 86, 48, 31, 95, 55, 85, 94, 69, 46]
this epoch dispatch models: [0 5 3 2 6 5 5 3 0 2]
this epoch received models: [np.int64(0), np.int64(5), np.int64(3), np.int64(2), np.int64(6), np.int64(5), np.int64(5), np.int64(3), np.int64(0), np.int64(2)]
hetero_proportion: 	4:3:3
(0.4, 2, 2.120985)
Testing accuracy: 38.05
(0.4, 3, 2.646356)
Testing accuracy: 37.41
(0.4, 4, 4.64774)
Testing accuracy: 37.01
(0.66, 2, 5.159621)
Testing accuracy: 36.83
(0.66, 3, 5.528077)
Testing accuracy: 36.90
(0.66, 4, 6.945581)
Testing accuracy: 36.93
(1.0, 2, 11.424356)
Testing accuracy: 36.35

 98%|█████████▊| 981/1000 [3:41:37<05:53, 18.61s/it]********************************************************************************
Round 981
this epoch cost time:0.7764196395874023
this epoch choose: [66, 73, 2, 76, 72, 25, 57, 42, 12, 51]
this epoch dispatch models: [1 5 1 4 3 2 0 3 0 4]
this epoch received models: [np.int64(1), np.int64(5), np.int64(1), np.int64(4), np.int64(3), np.int64(2), np.int64(0), np.int64(3), np.int64(0), np.int64(4)]
hetero_proportion: 	4:3:3
(0.4, 2, 2.120985)
Testing accuracy: 38.07
(0.4, 3, 2.646356)
Testing accuracy: 37.20
(0.4, 4, 4.64774)
Testing accuracy: 37.00
(0.66, 2, 5.159621)
Testing accuracy: 36.52
(0.66, 3, 5.528077)
Testing accuracy: 36.83
(0.66, 4, 6.945581)
Testing accuracy: 37.24
(1.0, 2, 11.424356)
Testing accuracy: 36.44

 98%|█████████▊| 982/1000 [3:41:56<05:35, 18.64s/it]********************************************************************************
Round 982
this epoch cost time:0.9027397632598877
this epoch choose: [66, 48, 95, 91, 91, 71, 64, 29, 30, 71]
this epoch dispatch models: [5 4 5 6 4 4 0 0 0 6]
this epoch received models: [np.int64(5), np.int64(4), np.int64(5), np.int64(6), np.int64(4), np.int64(4), np.int64(0), np.int64(0), np.int64(0), np.int64(6)]
hetero_proportion: 	4:3:3
(0.4, 2, 2.120985)
Testing accuracy: 38.05
(0.4, 3, 2.646356)
Testing accuracy: 37.40
(0.4, 4, 4.64774)
Testing accuracy: 37.16
(0.66, 2, 5.159621)
Testing accuracy: 36.64
(0.66, 3, 5.528077)
Testing accuracy: 36.78
(0.66, 4, 6.945581)
Testing accuracy: 37.28
(1.0, 2, 11.424356)
Testing accuracy: 36.46

 98%|█████████▊| 983/1000 [3:42:15<05:17, 18.67s/it]********************************************************************************
Round 983
this epoch cost time:0.829085111618042
this epoch choose: [47, 21, 95, 70, 85, 50, 55, 92, 74, 31]
this epoch dispatch models: [0 1 5 0 2 4 2 5 5 2]
this epoch received models: [np.int64(0), np.int64(1), np.int64(5), np.int64(0), np.int64(2), np.int64(4), np.int64(2), np.int64(5), np.int64(5), np.int64(2)]
hetero_proportion: 	4:3:3
(0.4, 2, 2.120985)
Testing accuracy: 38.23
(0.4, 3, 2.646356)
Testing accuracy: 37.11
(0.4, 4, 4.64774)
Testing accuracy: 37.15
(0.66, 2, 5.159621)
Testing accuracy: 36.69
(0.66, 3, 5.528077)
Testing accuracy: 36.94
(0.66, 4, 6.945581)
Testing accuracy: 37.13
(1.0, 2, 11.424356)
Testing accuracy: 36.58

 98%|█████████▊| 984/1000 [3:42:32<04:54, 18.38s/it]********************************************************************************
Round 984
this epoch cost time:0.8336396217346191
this epoch choose: [34, 62, 88, 88, 98, 81, 76, 87, 52, 58]
this epoch dispatch models: [0 5 5 5 6 2 0 6 3 3]
this epoch received models: [np.int64(0), np.int64(5), np.int64(5), np.int64(5), np.int64(6), np.int64(2), np.int64(0), np.int64(6), np.int64(3), np.int64(3)]
hetero_proportion: 	4:3:3
(0.4, 2, 2.120985)
Testing accuracy: 38.13
(0.4, 3, 2.646356)
Testing accuracy: 37.02
(0.4, 4, 4.64774)
Testing accuracy: 37.13
(0.66, 2, 5.159621)
Testing accuracy: 36.62
(0.66, 3, 5.528077)
Testing accuracy: 36.93
(0.66, 4, 6.945581)
Testing accuracy: 37.06
(1.0, 2, 11.424356)
Testing accuracy: 36.43

 98%|█████████▊| 985/1000 [3:42:51<04:35, 18.34s/it]********************************************************************************
Round 985
this epoch cost time:0.8968639373779297
this epoch choose: [77, 30, 13, 69, 5, 42, 79, 87, 51, 87]
this epoch dispatch models: [3 1 0 1 2 0 6 6 3 4]
this epoch received models: [np.int64(3), np.int64(1), np.int64(0), np.int64(1), np.int64(2), np.int64(0), np.int64(6), np.int64(6), np.int64(3), np.int64(4)]
hetero_proportion: 	4:3:3
(0.4, 2, 2.120985)
Testing accuracy: 38.32
(0.4, 3, 2.646356)
Testing accuracy: 37.14
(0.4, 4, 4.64774)
Testing accuracy: 37.20
(0.66, 2, 5.159621)
Testing accuracy: 36.54
(0.66, 3, 5.528077)
Testing accuracy: 36.90
(0.66, 4, 6.945581)
Testing accuracy: 37.12
(1.0, 2, 11.424356)
Testing accuracy: 36.33

 99%|█████████▊| 986/1000 [3:43:09<04:17, 18.40s/it]********************************************************************************
Round 986
this epoch cost time:0.8924674987792969
this epoch choose: [16, 66, 40, 69, 58, 76, 2, 99, 82, 68]
this epoch dispatch models: [0 5 2 2 5 1 1 2 0 1]
this epoch received models: [np.int64(0), np.int64(5), np.int64(2), np.int64(2), np.int64(5), np.int64(1), np.int64(1), np.int64(2), np.int64(0), np.int64(1)]
hetero_proportion: 	4:3:3
(0.4, 2, 2.120985)
Testing accuracy: 38.29
(0.4, 3, 2.646356)
Testing accuracy: 37.08
(0.4, 4, 4.64774)
Testing accuracy: 37.12
(0.66, 2, 5.159621)
Testing accuracy: 36.49
(0.66, 3, 5.528077)
Testing accuracy: 36.74
(0.66, 4, 6.945581)
Testing accuracy: 37.02
(1.0, 2, 11.424356)
Testing accuracy: 36.22

 99%|█████████▊| 987/1000 [3:43:28<04:01, 18.55s/it]********************************************************************************
Round 987
this epoch cost time:0.8746969699859619
this epoch choose: [77, 3, 60, 61, 6, 53, 51, 46, 56, 90]
this epoch dispatch models: [6 2 5 1 1 3 1 3 0 1]
this epoch received models: [np.int64(6), np.int64(2), np.int64(5), np.int64(1), np.int64(1), np.int64(3), np.int64(1), np.int64(3), np.int64(0), np.int64(1)]
hetero_proportion: 	4:3:3
(0.4, 2, 2.120985)
Testing accuracy: 38.36
(0.4, 3, 2.646356)
Testing accuracy: 37.28
(0.4, 4, 4.64774)
Testing accuracy: 37.19
(0.66, 2, 5.159621)
Testing accuracy: 36.59
(0.66, 3, 5.528077)
Testing accuracy: 37.00
(0.66, 4, 6.945581)
Testing accuracy: 37.07
(1.0, 2, 11.424356)
Testing accuracy: 36.57

 99%|█████████▉| 988/1000 [3:43:48<03:46, 18.89s/it]********************************************************************************
Round 988
this epoch cost time:0.917100191116333
this epoch choose: [80, 95, 51, 85, 74, 75, 52, 88, 99, 68]
this epoch dispatch models: [1 6 2 6 4 5 4 3 2 3]
this epoch received models: [np.int64(1), np.int64(6), np.int64(2), np.int64(6), np.int64(4), np.int64(5), np.int64(4), np.int64(3), np.int64(2), np.int64(3)]
hetero_proportion: 	4:3:3
(0.4, 2, 2.120985)
Testing accuracy: 38.36
(0.4, 3, 2.646356)
Testing accuracy: 37.14
(0.4, 4, 4.64774)
Testing accuracy: 37.24
(0.66, 2, 5.159621)
Testing accuracy: 36.66
(0.66, 3, 5.528077)
Testing accuracy: 36.86
(0.66, 4, 6.945581)
Testing accuracy: 37.17
(1.0, 2, 11.424356)
Testing accuracy: 36.56

 99%|█████████▉| 989/1000 [3:44:07<03:28, 18.97s/it]********************************************************************************
Round 989
this epoch cost time:0.9415848255157471
this epoch choose: [13, 86, 80, 76, 97, 88, 96, 83, 22, 81]
this epoch dispatch models: [2 0 3 6 2 3 6 1 0 2]
this epoch received models: [np.int64(2), np.int64(0), np.int64(3), np.int64(6), np.int64(2), np.int64(3), np.int64(6), np.int64(1), np.int64(0), np.int64(2)]
hetero_proportion: 	4:3:3
(0.4, 2, 2.120985)
Testing accuracy: 38.36
(0.4, 3, 2.646356)
Testing accuracy: 37.28
(0.4, 4, 4.64774)
Testing accuracy: 37.20
(0.66, 2, 5.159621)
Testing accuracy: 36.56
(0.66, 3, 5.528077)
Testing accuracy: 36.81
(0.66, 4, 6.945581)
Testing accuracy: 36.88
(1.0, 2, 11.424356)
Testing accuracy: 36.47

 99%|█████████▉| 990/1000 [3:44:26<03:09, 18.97s/it]********************************************************************************
Round 990
this epoch cost time:0.841120719909668
this epoch choose: [56, 78, 85, 96, 56, 70, 44, 85, 82, 64]
this epoch dispatch models: [3 5 3 5 3 6 5 0 4 4]
this epoch received models: [np.int64(3), np.int64(5), np.int64(3), np.int64(5), np.int64(3), np.int64(6), np.int64(5), np.int64(0), np.int64(4), np.int64(4)]
hetero_proportion: 	4:3:3
(0.4, 2, 2.120985)
Testing accuracy: 38.23
(0.4, 3, 2.646356)
Testing accuracy: 37.22
(0.4, 4, 4.64774)
Testing accuracy: 37.18
(0.66, 2, 5.159621)
Testing accuracy: 36.58
(0.66, 3, 5.528077)
Testing accuracy: 36.75
(0.66, 4, 6.945581)
Testing accuracy: 37.11
(1.0, 2, 11.424356)
Testing accuracy: 36.43

 99%|█████████▉| 991/1000 [3:44:44<02:49, 18.79s/it]********************************************************************************
Round 991
this epoch cost time:1.0236527919769287
this epoch choose: [41, 24, 64, 80, 35, 90, 76, 26, 89, 70]
this epoch dispatch models: [5 0 2 6 0 6 5 0 4 5]
this epoch received models: [np.int64(5), np.int64(0), np.int64(2), np.int64(6), np.int64(0), np.int64(6), np.int64(5), np.int64(0), np.int64(4), np.int64(5)]
hetero_proportion: 	4:3:3
(0.4, 2, 2.120985)
Testing accuracy: 38.12
(0.4, 3, 2.646356)
Testing accuracy: 37.38
(0.4, 4, 4.64774)
Testing accuracy: 37.21
(0.66, 2, 5.159621)
Testing accuracy: 36.63
(0.66, 3, 5.528077)
Testing accuracy: 36.91
(0.66, 4, 6.945581)
Testing accuracy: 37.05
(1.0, 2, 11.424356)
Testing accuracy: 36.39

 99%|█████████▉| 992/1000 [3:45:04<02:31, 18.97s/it]********************************************************************************
Round 992
this epoch cost time:0.9594709873199463
this epoch choose: [71, 49, 68, 71, 64, 65, 50, 51, 43, 80]
this epoch dispatch models: [1 5 5 6 5 0 1 1 4 4]
this epoch received models: [np.int64(1), np.int64(5), np.int64(5), np.int64(6), np.int64(5), np.int64(0), np.int64(1), np.int64(1), np.int64(4), np.int64(4)]
hetero_proportion: 	4:3:3
(0.4, 2, 2.120985)
Testing accuracy: 38.37
(0.4, 3, 2.646356)
Testing accuracy: 37.38
(0.4, 4, 4.64774)
Testing accuracy: 37.15
(0.66, 2, 5.159621)
Testing accuracy: 36.65
(0.66, 3, 5.528077)
Testing accuracy: 36.90
(0.66, 4, 6.945581)
Testing accuracy: 37.10
(1.0, 2, 11.424356)
Testing accuracy: 36.44

 99%|█████████▉| 993/1000 [3:45:23<02:13, 19.08s/it]********************************************************************************
Round 993
this epoch cost time:0.8236579895019531
this epoch choose: [43, 58, 45, 54, 86, 52, 58, 75, 85, 60]
this epoch dispatch models: [4 4 2 5 4 5 1 5 6 0]
this epoch received models: [np.int64(4), np.int64(4), np.int64(2), np.int64(5), np.int64(4), np.int64(5), np.int64(1), np.int64(5), np.int64(6), np.int64(0)]
hetero_proportion: 	4:3:3
(0.4, 2, 2.120985)
Testing accuracy: 38.33
(0.4, 3, 2.646356)
Testing accuracy: 37.25
(0.4, 4, 4.64774)
Testing accuracy: 37.18
(0.66, 2, 5.159621)
Testing accuracy: 36.65
(0.66, 3, 5.528077)
Testing accuracy: 36.92
(0.66, 4, 6.945581)
Testing accuracy: 37.15
(1.0, 2, 11.424356)
Testing accuracy: 36.56

 99%|█████████▉| 994/1000 [3:45:42<01:53, 19.00s/it]********************************************************************************
Round 994
this epoch cost time:0.7375869750976562
this epoch choose: [42, 94, 75, 52, 47, 60, 91, 59, 54, 93]
this epoch dispatch models: [3 6 3 4 5 3 0 4 0 6]
this epoch received models: [np.int64(3), np.int64(6), np.int64(3), np.int64(4), np.int64(5), np.int64(3), np.int64(0), np.int64(4), np.int64(0), np.int64(6)]
hetero_proportion: 	4:3:3
(0.4, 2, 2.120985)
Testing accuracy: 38.20
(0.4, 3, 2.646356)
Testing accuracy: 37.23
(0.4, 4, 4.64774)
Testing accuracy: 37.26
(0.66, 2, 5.159621)
Testing accuracy: 36.82
(0.66, 3, 5.528077)
Testing accuracy: 36.80
(0.66, 4, 6.945581)
Testing accuracy: 37.06
(1.0, 2, 11.424356)
Testing accuracy: 36.39

100%|█████████▉| 995/1000 [3:46:00<01:34, 18.81s/it]********************************************************************************
Round 995
this epoch cost time:0.7977445125579834
this epoch choose: [91, 31, 89, 94, 50, 95, 98, 57, 75, 34]
this epoch dispatch models: [5 0 0 2 5 3 6 5 1 2]
this epoch received models: [np.int64(5), np.int64(0), np.int64(0), np.int64(2), np.int64(5), np.int64(3), np.int64(6), np.int64(5), np.int64(1), np.int64(2)]
hetero_proportion: 	4:3:3
(0.4, 2, 2.120985)
Testing accuracy: 38.19
(0.4, 3, 2.646356)
Testing accuracy: 37.15
(0.4, 4, 4.64774)
Testing accuracy: 37.17
(0.66, 2, 5.159621)
Testing accuracy: 36.64
(0.66, 3, 5.528077)
Testing accuracy: 36.85
(0.66, 4, 6.945581)
Testing accuracy: 36.94
(1.0, 2, 11.424356)
Testing accuracy: 36.50

100%|█████████▉| 996/1000 [3:46:19<01:15, 18.91s/it]********************************************************************************
Round 996
this epoch cost time:1.1189308166503906
this epoch choose: [83, 70, 95, 74, 47, 46, 82, 88, 63, 54]
this epoch dispatch models: [5 2 3 0 2 4 3 1 3 1]
this epoch received models: [np.int64(5), np.int64(2), np.int64(3), np.int64(0), np.int64(2), np.int64(4), np.int64(3), np.int64(1), np.int64(3), np.int64(1)]
hetero_proportion: 	4:3:3
(0.4, 2, 2.120985)
Testing accuracy: 38.13
(0.4, 3, 2.646356)
Testing accuracy: 37.27
(0.4, 4, 4.64774)
Testing accuracy: 37.23
(0.66, 2, 5.159621)
Testing accuracy: 36.70
(0.66, 3, 5.528077)
Testing accuracy: 36.79
(0.66, 4, 6.945581)
Testing accuracy: 36.87
(1.0, 2, 11.424356)
Testing accuracy: 36.33

100%|█████████▉| 997/1000 [3:46:39<00:57, 19.04s/it]********************************************************************************
Round 997
this epoch cost time:0.7261841297149658
this epoch choose: [64, 54, 68, 92, 61, 28, 73, 22, 66, 76]
this epoch dispatch models: [2 0 5 5 2 1 6 2 0 0]
this epoch received models: [np.int64(2), np.int64(0), np.int64(5), np.int64(5), np.int64(2), np.int64(1), np.int64(6), np.int64(2), np.int64(0), np.int64(0)]
hetero_proportion: 	4:3:3
(0.4, 2, 2.120985)
Testing accuracy: 38.07
(0.4, 3, 2.646356)
Testing accuracy: 37.32
(0.4, 4, 4.64774)
Testing accuracy: 37.13
(0.66, 2, 5.159621)
Testing accuracy: 36.79
(0.66, 3, 5.528077)
Testing accuracy: 36.96
(0.66, 4, 6.945581)
Testing accuracy: 36.98
(1.0, 2, 11.424356)
Testing accuracy: 36.48

100%|█████████▉| 998/1000 [3:46:57<00:37, 18.79s/it]********************************************************************************
Round 998
this epoch cost time:0.8796999454498291
this epoch choose: [57, 89, 98, 69, 7, 13, 10, 65, 95, 51]
this epoch dispatch models: [1 6 4 3 2 2 1 3 3 0]
this epoch received models: [np.int64(1), np.int64(6), np.int64(4), np.int64(3), np.int64(2), np.int64(2), np.int64(1), np.int64(3), np.int64(3), np.int64(0)]
hetero_proportion: 	4:3:3
(0.4, 2, 2.120985)
Testing accuracy: 38.03
(0.4, 3, 2.646356)
Testing accuracy: 37.12
(0.4, 4, 4.64774)
Testing accuracy: 36.96
(0.66, 2, 5.159621)
Testing accuracy: 36.74
(0.66, 3, 5.528077)
Testing accuracy: 36.88
(0.66, 4, 6.945581)
Testing accuracy: 36.94
(1.0, 2, 11.424356)
Testing accuracy: 36.54

100%|█████████▉| 999/1000 [3:47:15<00:18, 18.67s/it]********************************************************************************
Round 999
this epoch cost time:0.9108915328979492
this epoch choose: [88, 57, 24, 90, 87, 62, 76, 85, 86, 62]
this epoch dispatch models: [4 5 0 6 1 1 5 1 1 5]
this epoch received models: [np.int64(4), np.int64(5), np.int64(0), np.int64(6), np.int64(1), np.int64(1), np.int64(5), np.int64(1), np.int64(1), np.int64(5)]
hetero_proportion: 	4:3:3
(0.4, 2, 2.120985)
Testing accuracy: 38.05
(0.4, 3, 2.646356)
Testing accuracy: 37.08
(0.4, 4, 4.64774)
Testing accuracy: 37.06
(0.66, 2, 5.159621)
Testing accuracy: 36.55
(0.66, 3, 5.528077)
Testing accuracy: 36.88
(0.66, 4, 6.945581)
Testing accuracy: 36.90
(1.0, 2, 11.424356)
Testing accuracy: 36.55

100%|██████████| 1000/1000 [3:47:34<00:00, 18.59s/it]
100%|██████████| 1000/1000 [3:47:34<00:00, 13.65s/it]
save finished
save finished
save finished
save finished
save finished
save finished
save finished
save finished
0.6 0
====================================================================================================

